{"type":"FeatureCollection","floodlens":{"generated":"2026-09-28","model":"FloodLens v4","zone_family":"A (FEMA high-risk, inside the SFHA)","window":"2010\u20132025","tracts":337,"top_fifth_tracts":43,"rates":{"per_1000_policy_years":{"1":3.87,"2":5.25,"3":3.24,"4":4.47,"5":12.13},"rest":4.21,"top_vs_rest":2.88,"top_vs_bottom":3.13},"pre_registered":{"model":"FloodLens v4","window":"2010\u20132024","claims":9402,"top_vs_bottom":3.19,"ci":[3.0,3.41]}},"features":[{"type":"Feature","properties":{"geoid":"22051020101","vintage":"2010","quintile":3,"score":55.0},"geometry":{"type":"Polygon","coordinates":[[[-90.123297,30.025133999999998],[-90.120691,30.025168999999998],[-90.12101,30.024749],[-90.120959,30.021974999999998],[-90.121847,30.012248999999997],[-90.12250499999999,30.012998],[-90.12574,30.013185],[-90.12574,30.013327999999998],[-90.12654099999999,30.013375999999997],[-90.137374,30.013866],[-90.137008,30.019554],[-90.137115,30.019869999999997],[-90.13703699999999,30.021171],[-90.128749,30.021316],[-90.127663,30.021842999999997],[-90.12682699999999,30.021862],[-90.126859,30.02441],[-90.123297,30.025133999999998]]]}},{"type":"Feature","properties":{"geoid":"22051020102","vintage":"2010","quintile":3,"score":53.7},"geometry":{"type":"Polygon","coordinates":[[[-90.140328,30.021895999999998],[-90.13982,30.021171],[-90.13703699999999,30.021171],[-90.137115,30.019869999999997],[-90.137008,30.019554],[-90.137626,30.008831999999998],[-90.145324,30.009145],[-90.145095,30.013851],[-90.146492,30.013724999999997],[-90.15496,30.014249],[-90.15480000000001,30.018558],[-90.153621,30.024274],[-90.15275,30.0241],[-90.150374,30.021271],[-90.146396,30.021349999999998],[-90.14461399999999,30.022174999999997],[-90.143339,30.022240999999998],[-90.141972,30.022879999999997],[-90.141542,30.022893],[-90.140328,30.021895999999998]]]}},{"type":"Feature","properties":{"geoid":"22051020201","vintage":"2010","quintile":2,"score":47.7},"geometry":{"type":"Polygon","coordinates":[[[-90.153621,30.024274],[-90.15480000000001,30.018558],[-90.15496,30.014249],[-90.149917,30.013928999999997],[-90.150032,30.013721],[-90.150527,30.002796],[-90.15607399999999,30.002955999999998],[-90.160652,30.003366],[-90.16014,30.014588999999997],[-90.160038,30.022406],[-90.157448,30.022185],[-90.156047,30.022344],[-90.155189,30.023708],[-90.154701,30.02415],[-90.153621,30.024274]]]}},{"type":"Feature","properties":{"geoid":"22051020202","vintage":"2010","quintile":3,"score":56.7},"geometry":{"type":"Polygon","coordinates":[[[-90.160209,30.014881],[-90.160652,30.003366],[-90.164543,30.003601],[-90.164642,30.014982],[-90.161041,30.014736],[-90.160209,30.014881]]]}},{"type":"Feature","properties":{"geoid":"22051020203","vintage":"2010","quintile":2,"score":48.6},"geometry":{"type":"Polygon","coordinates":[[[-90.1716,30.022921999999998],[-90.163359,30.022094],[-90.162584,30.022607999999998],[-90.160038,30.022406],[-90.159988,30.019788],[-90.160209,30.014881],[-90.160842,30.014736],[-90.164642,30.014982],[-90.164688,30.014878999999997],[-90.164543,30.003601],[-90.177955,30.004452999999998],[-90.180458,30.020781999999997],[-90.180628,30.023999],[-90.179143,30.023927999999998],[-90.17627499999999,30.023324],[-90.174545,30.023256999999997],[-90.174183,30.023391],[-90.172426,30.023211999999997],[-90.1716,30.022921999999998]]]}},{"type":"Feature","properties":{"geoid":"22051020204","vintage":"2020","quintile":2,"score":46.2},"geometry":{"type":"Polygon","coordinates":[[[-90.18062499999999,30.022605],[-90.180628,30.023999],[-90.179892,30.024017999999998],[-90.17627499999999,30.023324],[-90.174545,30.023256999999997],[-90.174183,30.023391],[-90.172426,30.023211999999997],[-90.1716,30.022921999999998],[-90.163359,30.022094],[-90.162584,30.022607999999998],[-90.160038,30.022406],[-90.16014,30.014588999999997],[-90.179632,30.015808999999997],[-90.18025899999999,30.019347999999997],[-90.18062499999999,30.022605]]]}},{"type":"Feature","properties":{"geoid":"22051020205","vintage":"2020","quintile":3,"score":56.7},"geometry":{"type":"Polygon","coordinates":[[[-90.164667,30.014822],[-90.15897,30.01445],[-90.15942299999999,30.003270999999998],[-90.164543,30.003601],[-90.164667,30.014822]]]}},{"type":"Feature","properties":{"geoid":"22051020206","vintage":"2020","quintile":2,"score":51.0},"geometry":{"type":"Polygon","coordinates":[[[-90.177955,30.004452999999998],[-90.179632,30.015808999999997],[-90.164667,30.014822],[-90.164543,30.003601],[-90.177955,30.004452999999998]]]}},{"type":"Feature","properties":{"geoid":"22051020301","vintage":"2010","quintile":3,"score":54.3},"geometry":{"type":"Polygon","coordinates":[[[-90.2089,30.031181999999998],[-90.20275099999999,30.029826999999997],[-90.20277399999999,30.028173],[-90.20363599999999,30.025157],[-90.20202599999999,30.017512999999997],[-90.21363799999999,30.018285],[-90.21773499999999,30.029272],[-90.218383,30.031381],[-90.219337,30.033102],[-90.219619,30.033362999999998],[-90.2192,30.033565],[-90.21919199999999,30.033842],[-90.219747,30.034366],[-90.22132099999999,30.033925999999997],[-90.220715,30.035567],[-90.21946899999999,30.035863],[-90.218823,30.03549],[-90.21860799999999,30.035171],[-90.2089,30.031181999999998]]]}},{"type":"Feature","properties":{"geoid":"22051020302","vintage":"2010","quintile":3,"score":55.8},"geometry":{"type":"Polygon","coordinates":[[[-90.180628,30.023999],[-90.180458,30.020781999999997],[-90.179656,30.015870999999997],[-90.179908,30.015763999999997],[-90.198669,30.01699],[-90.19878299999999,30.017303],[-90.20202599999999,30.017512999999997],[-90.20363599999999,30.025157],[-90.20277399999999,30.028173],[-90.20275099999999,30.029826999999997],[-90.19848499999999,30.028841],[-90.180628,30.023999]]]}},{"type":"Feature","properties":{"geoid":"22051020303","vintage":"2010","quintile":3,"score":54.6},"geometry":{"type":"Polygon","coordinates":[[[-90.182456,30.012003999999997],[-90.207702,30.013624],[-90.206199,30.009517],[-90.207115,30.009487],[-90.206153,30.006797],[-90.20461999999999,30.006739999999997],[-90.204376,30.006095],[-90.20867899999999,30.00529],[-90.211242,30.006733999999998],[-90.20960199999999,30.006738],[-90.209312,30.006597],[-90.209648,30.007210999999998],[-90.213577,30.018079],[-90.215713,30.018243],[-90.213684,30.018175],[-90.21363799999999,30.018285],[-90.19878299999999,30.017303],[-90.198669,30.01699],[-90.18352499999999,30.016019],[-90.183174,30.015897],[-90.182456,30.012003999999997]]]}},{"type":"Feature","properties":{"geoid":"22051020304","vintage":"2020","quintile":3,"score":54.1},"geometry":{"type":"Polygon","coordinates":[[[-90.220715,30.035567],[-90.21946899999999,30.035863],[-90.218823,30.03549],[-90.21860799999999,30.035171],[-90.2089,30.031181999999998],[-90.20275099999999,30.029826999999997],[-90.20277399999999,30.028173],[-90.203132,30.027019],[-90.199569,30.026101999999998],[-90.200126,30.024427],[-90.200149,30.023736],[-90.19871499999999,30.017104999999997],[-90.213591,30.018124],[-90.21773499999999,30.029272],[-90.218383,30.031381],[-90.219337,30.033102],[-90.219619,30.033362999999998],[-90.2192,30.033565],[-90.21919199999999,30.033842],[-90.219747,30.034366],[-90.22132099999999,30.033925999999997],[-90.220715,30.035567]]]}},{"type":"Feature","properties":{"geoid":"22051020305","vintage":"2020","quintile":3,"score":56.3},"geometry":{"type":"Polygon","coordinates":[[[-90.203132,30.027019],[-90.20277399999999,30.028173],[-90.202725,30.029825],[-90.19848499999999,30.028841],[-90.180628,30.023999],[-90.180458,30.020781999999997],[-90.179632,30.015808999999997],[-90.19871499999999,30.017104999999997],[-90.200149,30.023736],[-90.200126,30.024427],[-90.199569,30.026101999999998],[-90.203132,30.027019]]]}},{"type":"Feature","properties":{"geoid":"22051020400","vintage":"2010","quintile":2,"score":45.7},"geometry":{"type":"Polygon","coordinates":[[[-90.225668,30.018786],[-90.22453999999999,30.022942999999998],[-90.22269299999999,30.028692999999997],[-90.22132099999999,30.033925999999997],[-90.219747,30.034366],[-90.21919199999999,30.033842],[-90.2192,30.033565],[-90.219619,30.033362999999998],[-90.219337,30.033102],[-90.218383,30.031381],[-90.21773499999999,30.029272],[-90.21361499999999,30.018199],[-90.222572,30.018808],[-90.225668,30.018786]]]}},{"type":"Feature","properties":{"geoid":"22051020502","vintage":"2010","quintile":4,"score":65.4},"geometry":{"type":"Polygon","coordinates":[[[-90.246635,30.013854],[-90.247306,30.036531],[-90.246826,30.038145999999998],[-90.246566,30.038148],[-90.245719,30.038755],[-90.244498,30.04194],[-90.24337299999999,30.042194],[-90.24076099999999,30.042061],[-90.2407,30.044082],[-90.240116,30.04496],[-90.236266,30.044718999999997],[-90.236386,30.043194999999997],[-90.236594,30.042576],[-90.237451,30.042295],[-90.237719,30.04111],[-90.237426,30.040712],[-90.23765499999999,30.040060999999998],[-90.237861,30.036171999999997],[-90.238052,30.036147999999997],[-90.240562,30.006515],[-90.243301,30.006708],[-90.243003,30.008571],[-90.24260699999999,30.009148999999997],[-90.24207299999999,30.009566999999997],[-90.245216,30.009435],[-90.24544499999999,30.009964999999998],[-90.246635,30.013854]]]}},{"type":"Feature","properties":{"geoid":"22051020505","vintage":"2010","quintile":5,"score":76.5},"geometry":{"type":"Polygon","coordinates":[[[-90.246612,30.013702],[-90.245216,30.009435],[-90.266395,30.007773999999998],[-90.266685,30.010182999999998],[-90.261749,30.010612],[-90.26194,30.012293999999997],[-90.26222899999999,30.012515999999998],[-90.246612,30.013702]]]}},{"type":"Feature","properties":{"geoid":"22051020506","vintage":"2010","quintile":4,"score":64.6},"geometry":{"type":"Polygon","coordinates":[[[-90.229388,30.005806],[-90.240562,30.006515],[-90.23944,30.019911999999998],[-90.225627,30.018956],[-90.229388,30.005806]]]}},{"type":"Feature","properties":{"geoid":"22051020507","vintage":"2010","quintile":4,"score":63.1},"geometry":{"type":"Polygon","coordinates":[[[-90.246612,30.013702],[-90.26375499999999,30.012383999999997],[-90.263847,30.012594],[-90.26291599999999,30.022392],[-90.260787,30.022222],[-90.25486699999999,30.020802999999997],[-90.24678,30.020125999999998],[-90.246612,30.013702]]]}},{"type":"Feature","properties":{"geoid":"22051020511","vintage":"2010","quintile":2,"score":48.0},"geometry":{"type":"Polygon","coordinates":[[[-90.259635,30.034004],[-90.261901,30.034156],[-90.261184,30.041973],[-90.247253,30.036268],[-90.247123,30.031147999999998],[-90.253501,30.031609999999997],[-90.25495099999999,30.032182],[-90.25748399999999,30.033548],[-90.259635,30.034004]]]}},{"type":"Feature","properties":{"geoid":"22051020512","vintage":"2010","quintile":2,"score":48.5},"geometry":{"type":"Polygon","coordinates":[[[-90.247123,30.031147999999998],[-90.24678,30.020125999999998],[-90.25486699999999,30.020802999999997],[-90.260787,30.022222],[-90.26291599999999,30.022392],[-90.261901,30.034156],[-90.25827699999999,30.033803],[-90.25748399999999,30.033548],[-90.25495099999999,30.032182],[-90.253089,30.031519999999997],[-90.247123,30.031147999999998]]]}},{"type":"Feature","properties":{"geoid":"22051020513","vintage":"2010","quintile":4,"score":60.6},"geometry":{"type":"Polygon","coordinates":[[[-90.236402,30.043139999999998],[-90.236266,30.044718999999997],[-90.23412499999999,30.044587999999997],[-90.233233,30.043843],[-90.23366399999999,30.041635],[-90.233449,30.040650999999997],[-90.232733,30.039965],[-90.233543,30.039092999999998],[-90.233612,30.03775],[-90.23082699999999,30.030057],[-90.232322,30.030147],[-90.23261199999999,30.029757999999998],[-90.23316899999999,30.023287999999997],[-90.231269,30.022945],[-90.22998799999999,30.02215],[-90.22926299999999,30.021227999999997],[-90.22844599999999,30.019144999999998],[-90.23944,30.019911999999998],[-90.238052,30.036147999999997],[-90.237861,30.036171999999997],[-90.23765499999999,30.040060999999998],[-90.237426,30.040712],[-90.237719,30.04111],[-90.237451,30.042295],[-90.236769,30.042427],[-90.236402,30.043139999999998]]]}},{"type":"Feature","properties":{"geoid":"22051020514","vintage":"2010","quintile":3,"score":54.8},"geometry":{"type":"Polygon","coordinates":[[[-90.22453999999999,30.022942999999998],[-90.225627,30.018956],[-90.22844599999999,30.019144999999998],[-90.22926299999999,30.021227999999997],[-90.22998799999999,30.02215],[-90.231269,30.022945],[-90.23316899999999,30.023287999999997],[-90.23261199999999,30.029757999999998],[-90.232322,30.030147],[-90.23082699999999,30.030057],[-90.233612,30.03775],[-90.233543,30.039092999999998],[-90.232733,30.039965],[-90.22132599999999,30.035463],[-90.220715,30.035567],[-90.22172499999999,30.032612999999998],[-90.22269299999999,30.028692999999997],[-90.22453999999999,30.022942999999998]]]}},{"type":"Feature","properties":{"geoid":"22051020600","vintage":"2010","quintile":5,"score":67.1},"geometry":{"type":"Polygon","coordinates":[[[-90.279495,30.006797],[-90.243858,30.009552],[-90.24207299999999,30.009566999999997],[-90.24260699999999,30.009148999999997],[-90.243003,30.008571],[-90.243301,30.006708],[-90.244407,30.006777999999997],[-90.244113,30.006361],[-90.244282,30.006335],[-90.244438,30.006579],[-90.24648599999999,30.006693],[-90.246365,30.004713],[-90.24720599999999,30.004647],[-90.247192,30.004334999999998],[-90.24701999999999,30.004341999999998],[-90.246978,30.003797],[-90.247548,30.00311],[-90.24782599999999,30.002162],[-90.24924899999999,30.002015999999998],[-90.250394,29.997622],[-90.250759,29.997277999999998],[-90.25275099999999,29.996406999999998],[-90.253596,29.996478],[-90.259439,29.997882999999998],[-90.259518,29.998403],[-90.265693,29.999851],[-90.265892,29.999792],[-90.26618099999999,29.996216999999998],[-90.266296,29.996146999999997],[-90.267183,29.996223999999998],[-90.26814499999999,29.996592],[-90.26809899999999,29.997099],[-90.273119,29.997329999999998],[-90.274479,29.997704],[-90.274504,29.998206],[-90.276438,29.99824],[-90.27650299999999,29.998483999999998],[-90.277445,29.998534],[-90.277474,29.999029],[-90.279246,29.999057999999998],[-90.279303,29.998129],[-90.279403,29.998001],[-90.279865,29.99802],[-90.279617,30.000144],[-90.279579,30.005105],[-90.279861,30.005855],[-90.279518,30.006169999999997],[-90.279495,30.006797]]]}},{"type":"Feature","properties":{"geoid":"22051020700","vintage":"2010","quintile":1,"score":39.3},"geometry":{"type":"Polygon","coordinates":[[[-90.27940199999999,29.991408],[-90.267005,29.982822],[-90.263908,29.983494999999998],[-90.26244299999999,29.983466999999997],[-90.245666,29.980012],[-90.24349199999999,29.979806],[-90.244529,29.976142],[-90.244598,29.976013],[-90.244911,29.976032],[-90.250396,29.976509],[-90.253402,29.977005],[-90.25621699999999,29.977739],[-90.25722499999999,29.977724],[-90.257438,29.978009999999998],[-90.259017,29.977992999999998],[-90.26177899999999,29.978475],[-90.264427,29.979142999999997],[-90.274917,29.978326],[-90.28004399999999,29.977075],[-90.280181,29.979511],[-90.280057,29.991705999999997],[-90.27940199999999,29.991408]]]}},{"type":"Feature","properties":{"geoid":"22051021100","vintage":"2010","quintile":2,"score":52.5},"geometry":{"type":"Polygon","coordinates":[[[-90.231775,29.997200000000003],[-90.23407399999999,29.988832],[-90.241706,29.990410999999998],[-90.241928,29.990634],[-90.243873,29.991000999999997],[-90.244152,29.990903999999997],[-90.24765,29.991698999999997],[-90.24552899999999,29.998113],[-90.231775,29.997200000000003]]]}},{"type":"Feature","properties":{"geoid":"22051021200","vintage":"2010","quintile":2,"score":46.6},"geometry":{"type":"Polygon","coordinates":[[[-90.229388,30.005806],[-90.231775,29.997200000000003],[-90.233398,29.997273999999997],[-90.24552899999999,29.998113],[-90.244056,30.003],[-90.243301,30.006708],[-90.229388,30.005806]]]}},{"type":"Feature","properties":{"geoid":"22051021300","vintage":"2010","quintile":4,"score":64.4},"geometry":{"type":"Polygon","coordinates":[[[-90.231775,29.997200000000003],[-90.228712,30.008468999999998],[-90.225668,30.018786],[-90.224761,30.018832999999997],[-90.221588,30.010036],[-90.221076,30.00736],[-90.223098,30.007551],[-90.219093,29.996416],[-90.231775,29.997200000000003]]]}},{"type":"Feature","properties":{"geoid":"22051021400","vintage":"2010","quintile":5,"score":70.7},"geometry":{"type":"Polygon","coordinates":[[[-90.211334,30.011830999999997],[-90.220474,30.012370999999998],[-90.222381,30.012342],[-90.224761,30.018832999999997],[-90.217613,30.018483999999997],[-90.213577,30.018079],[-90.211334,30.011830999999997]]]}},{"type":"Feature","properties":{"geoid":"22051021500","vintage":"2010","quintile":4,"score":63.5},"geometry":{"type":"Polygon","coordinates":[[[-90.211242,30.006733999999998],[-90.20867899999999,30.00529],[-90.21024299999999,30.005031],[-90.21021999999999,30.004887999999998],[-90.212142,30.004721999999997],[-90.22228199999999,30.005342],[-90.223098,30.007551],[-90.221076,30.00736],[-90.221549,30.009914],[-90.222381,30.012342],[-90.220474,30.012370999999998],[-90.211334,30.011830999999997],[-90.209312,30.006597],[-90.20960199999999,30.006738],[-90.211242,30.006733999999998]]]}},{"type":"Feature","properties":{"geoid":"22051021600","vintage":"2010","quintile":5,"score":66.0},"geometry":{"type":"Polygon","coordinates":[[[-90.21915399999999,29.996388999999997],[-90.22228199999999,30.005342],[-90.212142,30.004721999999997],[-90.21021999999999,30.004887999999998],[-90.21024299999999,30.005031],[-90.20867899999999,30.00529],[-90.203018,30.001776999999997],[-90.199623,30.000401999999998],[-90.195617,29.999630999999997],[-90.188621,29.999177],[-90.188087,29.997342999999997],[-90.18701899999999,29.99534],[-90.186729,29.994335],[-90.18674399999999,29.994152999999997],[-90.218696,29.996187],[-90.21915399999999,29.996388999999997]]]}},{"type":"Feature","properties":{"geoid":"22051021601","vintage":"2020","quintile":4,"score":63.6},"geometry":{"type":"Polygon","coordinates":[[[-90.22228199999999,30.005342],[-90.212142,30.004721999999997],[-90.20862199999999,30.00518],[-90.20266699999999,30.001597],[-90.20329199999999,30.000535],[-90.203491,29.998088],[-90.205131,29.998195],[-90.205253,29.996769999999998],[-90.204788,29.99674],[-90.20488999999999,29.995421999999998],[-90.219151,29.996388999999997],[-90.21936,29.997322999999998],[-90.22228199999999,30.005342]]]}},{"type":"Feature","properties":{"geoid":"22051021602","vintage":"2020","quintile":5,"score":69.4},"geometry":{"type":"Polygon","coordinates":[[[-90.205253,29.996769999999998],[-90.205131,29.998195],[-90.203491,29.998088],[-90.20329199999999,30.000535],[-90.20266699999999,30.001597],[-90.200553,30.000712999999998],[-90.198005,29.999993999999997],[-90.195617,29.999630999999997],[-90.193069,29.9995],[-90.19253499999999,29.997615],[-90.193092,29.995732999999998],[-90.192863,29.994625],[-90.20488999999999,29.995421999999998],[-90.204788,29.99674],[-90.205253,29.996769999999998]]]}},{"type":"Feature","properties":{"geoid":"22051021700","vintage":"2010","quintile":4,"score":63.9},"geometry":{"type":"Polygon","coordinates":[[[-90.207702,30.013624],[-90.192245,30.012650999999998],[-90.188621,29.999177],[-90.195617,29.999630999999997],[-90.199623,30.000401999999998],[-90.203018,30.001776999999997],[-90.20867899999999,30.00529],[-90.204376,30.006095],[-90.20461999999999,30.006739999999997],[-90.206153,30.006797],[-90.207115,30.009487],[-90.206199,30.009517],[-90.207702,30.013624]]]}},{"type":"Feature","properties":{"geoid":"22051021801","vintage":"2010","quintile":3,"score":57.1},"geometry":{"type":"Polygon","coordinates":[[[-90.179656,30.015870999999997],[-90.177955,30.004452999999998],[-90.190246,30.00525],[-90.192245,30.012650999999998],[-90.182456,30.012003999999997],[-90.183174,30.015897],[-90.18352499999999,30.016019],[-90.179908,30.015763999999997],[-90.179656,30.015870999999997]]]}},{"type":"Feature","properties":{"geoid":"22051021803","vintage":"2010","quintile":4,"score":60.9},"geometry":{"type":"Polygon","coordinates":[[[-90.171325,29.993253],[-90.18674399999999,29.994152999999997],[-90.18692,29.995079999999998],[-90.188087,29.997342999999997],[-90.188621,29.999177],[-90.171844,29.998127999999998],[-90.171325,29.993253]]]}},{"type":"Feature","properties":{"geoid":"22051021804","vintage":"2010","quintile":3,"score":56.4},"geometry":{"type":"Polygon","coordinates":[[[-90.171844,29.998127999999998],[-90.188621,29.999177],[-90.190246,30.00525],[-90.17242399999999,30.004133],[-90.171844,29.998127999999998]]]}},{"type":"Feature","properties":{"geoid":"22051021900","vintage":"2010","quintile":5,"score":68.0},"geometry":{"type":"Polygon","coordinates":[[[-90.164543,30.003601],[-90.164512,29.997950999999997],[-90.171875,29.998395],[-90.17242399999999,30.004133],[-90.164543,30.003601]]]}},{"type":"Feature","properties":{"geoid":"22051022001","vintage":"2010","quintile":5,"score":65.4},"geometry":{"type":"Polygon","coordinates":[[[-90.164512,29.997950999999997],[-90.164543,30.003601],[-90.155265,30.002912],[-90.155731,29.992169999999998],[-90.171325,29.993253],[-90.171875,29.998395],[-90.164512,29.997950999999997]]]}},{"type":"Feature","properties":{"geoid":"22051022002","vintage":"2010","quintile":4,"score":61.9},"geometry":{"type":"Polygon","coordinates":[[[-90.162582,29.992659999999997],[-90.163017,29.98151],[-90.165245,29.981651],[-90.16740399999999,29.981904],[-90.16753299999999,29.982028],[-90.17027999999999,29.982111999999997],[-90.171325,29.993253],[-90.162582,29.992659999999997]]]}},{"type":"Feature","properties":{"geoid":"22051022101","vintage":"2010","quintile":1,"score":40.3},"geometry":{"type":"Polygon","coordinates":[[[-90.145645,30.001967999999998],[-90.150566,30.002720999999998],[-90.150032,30.013721],[-90.149917,30.013928999999997],[-90.146492,30.013724999999997],[-90.145095,30.013851],[-90.145805,30.002267],[-90.145645,30.001967999999998]]]}},{"type":"Feature","properties":{"geoid":"22051022102","vintage":"2010","quintile":3,"score":53.7},"geometry":{"type":"Polygon","coordinates":[[[-90.155731,29.992169999999998],[-90.155265,30.002912],[-90.14920000000001,30.002623999999997],[-90.145645,30.001967999999998],[-90.145927,29.997428],[-90.145759,29.996944],[-90.146003,29.991532999999997],[-90.147323,29.991519],[-90.155731,29.992169999999998]]]}},{"type":"Feature","properties":{"geoid":"22051022200","vintage":"2010","quintile":1,"score":37.7},"geometry":{"type":"Polygon","coordinates":[[[-90.13359,30.013717],[-90.133743,30.013295999999997],[-90.13437599999999,30.001545999999998],[-90.145645,30.001967999999998],[-90.145805,30.002267],[-90.145324,30.009145],[-90.137626,30.008831999999998],[-90.137374,30.013866],[-90.13359,30.013717]]]}},{"type":"Feature","properties":{"geoid":"22051022301","vintage":"2010","quintile":3,"score":57.4},"geometry":{"type":"Polygon","coordinates":[[[-90.133743,30.013295999999997],[-90.13359,30.013717],[-90.12574,30.013327999999998],[-90.126609,30.000792999999998],[-90.12761599999999,30.001223999999997],[-90.12853199999999,30.001405],[-90.13437599999999,30.001545999999998],[-90.133743,30.013295999999997]]]}},{"type":"Feature","properties":{"geoid":"22051022302","vintage":"2010","quintile":2,"score":48.1},"geometry":{"type":"Polygon","coordinates":[[[-90.12364699999999,29.999927999999997],[-90.122957,30.000071],[-90.12378299999999,29.990427999999998],[-90.124252,29.990410999999998],[-90.12432799999999,29.99073],[-90.13201099999999,29.995835999999997],[-90.132179,29.996135],[-90.13256,29.996152],[-90.133865,29.996938],[-90.133766,29.997062],[-90.134582,29.997626999999998],[-90.13437599999999,30.001545999999998],[-90.128204,30.001361],[-90.127304,30.001116999999997],[-90.125244,30.000197999999997],[-90.12364699999999,29.999927999999997]]]}},{"type":"Feature","properties":{"geoid":"22051022303","vintage":"2010","quintile":2,"score":52.8},"geometry":{"type":"Polygon","coordinates":[[[-90.123527,29.999920999999997],[-90.125244,30.000197999999997],[-90.126609,30.000792999999998],[-90.12574,30.013185],[-90.12250499999999,30.012998],[-90.121847,30.012248999999997],[-90.122957,30.000071],[-90.123527,29.999920999999997]]]}},{"type":"Feature","properties":{"geoid":"22051022400","vintage":"2010","quintile":1,"score":35.0},"geometry":{"type":"Polygon","coordinates":[[[-90.133865,29.996938],[-90.13256,29.996152],[-90.132179,29.996135],[-90.13201099999999,29.995835999999997],[-90.12432799999999,29.99073],[-90.124252,29.990410999999998],[-90.12378299999999,29.990427999999998],[-90.12397,29.987569999999998],[-90.128479,29.987008999999997],[-90.129707,29.98661],[-90.130737,29.987817],[-90.132041,29.988795999999997],[-90.134231,29.989203999999997],[-90.134979,29.989181],[-90.136482,29.988806999999998],[-90.137992,29.987990999999997],[-90.13874,29.988018999999998],[-90.13828199999999,29.996406],[-90.136955,29.996848999999997],[-90.137023,29.996969],[-90.138244,29.997132999999998],[-90.137969,30.001689],[-90.13437599999999,30.001545999999998],[-90.134574,29.997591999999997],[-90.133766,29.997062],[-90.133865,29.996938]]]}},{"type":"Feature","properties":{"geoid":"22051022500","vintage":"2010","quintile":1,"score":32.0},"geometry":{"type":"Polygon","coordinates":[[[-90.13995299999999,29.986932],[-90.146926,29.984963999999998],[-90.146911,29.986946],[-90.146636,29.98735],[-90.14656,29.988235],[-90.146507,29.991547999999998],[-90.146003,29.991532999999997],[-90.145759,29.996944],[-90.145927,29.997428],[-90.145645,30.001967999999998],[-90.137969,30.001689],[-90.138244,29.997132999999998],[-90.137023,29.996969],[-90.136955,29.996848999999997],[-90.13828199999999,29.996406],[-90.13874,29.988018999999998],[-90.137992,29.987990999999997],[-90.13995299999999,29.986932]]]}},{"type":"Feature","properties":{"geoid":"22051022600","vintage":"2010","quintile":1,"score":41.3},"geometry":{"type":"Polygon","coordinates":[[[-90.141311,29.986461],[-90.13928899999999,29.987244999999998],[-90.136482,29.988806999999998],[-90.134704,29.9892],[-90.132041,29.988795999999997],[-90.130737,29.987817],[-90.129707,29.98661],[-90.151985,29.976015],[-90.15206099999999,29.974394999999998],[-90.15789,29.974954],[-90.16064399999999,29.975037999999998],[-90.16062099999999,29.975293999999998],[-90.157783,29.975976],[-90.154624,29.977418],[-90.151763,29.980000999999998],[-90.148994,29.983486],[-90.147216,29.984835999999998],[-90.141311,29.986461]]]}},{"type":"Feature","properties":{"geoid":"22051022601","vintage":"2020","quintile":1,"score":42.7},"geometry":{"type":"Polygon","coordinates":[[[-90.151985,29.976067999999998],[-90.151924,29.979854],[-90.14965,29.982802999999997],[-90.148521,29.983922],[-90.147216,29.984835999999998],[-90.14085299999999,29.986604],[-90.139298,29.98724],[-90.136589,29.988761],[-90.135083,29.989167],[-90.134231,29.989203999999997],[-90.132041,29.988795999999997],[-90.130737,29.987817],[-90.129707,29.98661],[-90.151985,29.976067999999998]]]}},{"type":"Feature","properties":{"geoid":"22051022700","vintage":"2010","quintile":1,"score":37.0},"geometry":{"type":"Polygon","coordinates":[[[-90.155731,29.992096999999998],[-90.146507,29.991547999999998],[-90.14656,29.988235],[-90.146636,29.98735],[-90.146911,29.986946],[-90.146926,29.984963999999998],[-90.148994,29.983486],[-90.151763,29.980000999999998],[-90.152847,29.978949999999998],[-90.154624,29.977418],[-90.156272,29.976644],[-90.155731,29.992096999999998]]]}},{"type":"Feature","properties":{"geoid":"22051022800","vintage":"2010","quintile":2,"score":46.3},"geometry":{"type":"Polygon","coordinates":[[[-90.162582,29.992659999999997],[-90.155731,29.992169999999998],[-90.156272,29.976644],[-90.157783,29.975976],[-90.16062099999999,29.975293999999998],[-90.16064399999999,29.975037999999998],[-90.161811,29.975067],[-90.161666,29.978267],[-90.163139,29.978322],[-90.162582,29.992659999999997]]]}},{"type":"Feature","properties":{"geoid":"22051022900","vintage":"2010","quintile":1,"score":31.9},"geometry":{"type":"Polygon","coordinates":[[[-90.161811,29.975067],[-90.17613899999999,29.975465],[-90.177635,29.982604],[-90.16753299999999,29.982028],[-90.16740399999999,29.981904],[-90.165245,29.981651],[-90.163017,29.98151],[-90.163139,29.978322],[-90.161666,29.978267],[-90.161811,29.975067]]]}},{"type":"Feature","properties":{"geoid":"22051023001","vintage":"2010","quintile":4,"score":64.1},"geometry":{"type":"Polygon","coordinates":[[[-90.17770999999999,29.993662999999998],[-90.171325,29.993253],[-90.17027999999999,29.982111999999997],[-90.175804,29.982467],[-90.17770999999999,29.993662999999998]]]}},{"type":"Feature","properties":{"geoid":"22051023002","vintage":"2010","quintile":3,"score":53.5},"geometry":{"type":"Polygon","coordinates":[[[-90.17770999999999,29.993662999999998],[-90.175804,29.982467],[-90.188735,29.983341],[-90.19283999999999,29.994553999999997],[-90.17770999999999,29.993662999999998]]]}},{"type":"Feature","properties":{"geoid":"22051023003","vintage":"2010","quintile":5,"score":68.9},"geometry":{"type":"Polygon","coordinates":[[[-90.19283999999999,29.994553999999997],[-90.188735,29.983341],[-90.198745,29.983959],[-90.200386,29.988512],[-90.20032499999999,29.989362],[-90.20131599999999,29.992233],[-90.201087,29.994916],[-90.201202,29.995054],[-90.19283999999999,29.994553999999997]]]}},{"type":"Feature","properties":{"geoid":"22051023004","vintage":"2020","quintile":3,"score":53.5},"geometry":{"type":"Polygon","coordinates":[[[-90.192863,29.994625],[-90.1763,29.993596999999998],[-90.17465899999999,29.982395],[-90.188735,29.983341],[-90.192863,29.994625]]]}},{"type":"Feature","properties":{"geoid":"22051023100","vintage":"2010","quintile":1,"score":35.2},"geometry":{"type":"Polygon","coordinates":[[[-90.177528,29.982474999999997],[-90.17613899999999,29.975465],[-90.189208,29.976263999999997],[-90.191909,29.983558],[-90.177734,29.982694],[-90.177528,29.982474999999997]]]}},{"type":"Feature","properties":{"geoid":"22051023200","vintage":"2010","quintile":3,"score":56.7},"geometry":{"type":"Polygon","coordinates":[[[-90.189208,29.976263999999997],[-90.21086799999999,29.977828],[-90.213455,29.984928],[-90.191909,29.983558],[-90.189208,29.976263999999997]]]}},{"type":"Feature","properties":{"geoid":"22051023300","vintage":"2010","quintile":5,"score":72.5},"geometry":{"type":"Polygon","coordinates":[[[-90.198745,29.983959],[-90.214851,29.985021],[-90.21559099999999,29.986988],[-90.206398,29.989656],[-90.20034,29.989241999999997],[-90.200386,29.988512],[-90.198745,29.983959]]]}},{"type":"Feature","properties":{"geoid":"22051023400","vintage":"2010","quintile":5,"score":73.1},"geometry":{"type":"Polygon","coordinates":[[[-90.21892,29.996063],[-90.21915399999999,29.996388999999997],[-90.218696,29.996187],[-90.201202,29.995054],[-90.201087,29.994916],[-90.20131599999999,29.992233],[-90.20034,29.989241999999997],[-90.206398,29.989656],[-90.21559099999999,29.986988],[-90.21892,29.996063]]]}},{"type":"Feature","properties":{"geoid":"22051023500","vintage":"2010","quintile":5,"score":75.8},"geometry":{"type":"Polygon","coordinates":[[[-90.23407399999999,29.988832],[-90.231775,29.997200000000003],[-90.21915399999999,29.996388999999997],[-90.21897799999999,29.996216999999998],[-90.214851,29.985021],[-90.21599499999999,29.985094999999998],[-90.23407399999999,29.988832]]]}},{"type":"Feature","properties":{"geoid":"22051023600","vintage":"2010","quintile":2,"score":52.6},"geometry":{"type":"Polygon","coordinates":[[[-90.23671499999999,29.979385999999998],[-90.23407399999999,29.988832],[-90.21599499999999,29.985094999999998],[-90.213455,29.984928],[-90.21086799999999,29.977828],[-90.23671499999999,29.979385999999998]]]}},{"type":"Feature","properties":{"geoid":"22051023700","vintage":"2010","quintile":4,"score":60.5},"geometry":{"type":"Polygon","coordinates":[[[-90.237625,29.975555],[-90.23671499999999,29.979385999999998],[-90.21086799999999,29.977828],[-90.21033399999999,29.976125],[-90.20985399999999,29.975471],[-90.209312,29.973906999999997],[-90.209053,29.973679999999998],[-90.237625,29.975555]]]}},{"type":"Feature","properties":{"geoid":"22051023800","vintage":"2010","quintile":2,"score":44.2},"geometry":{"type":"Polygon","coordinates":[[[-90.21874199999999,29.97433],[-90.23104,29.959391999999998],[-90.240501,29.965255],[-90.237625,29.975555],[-90.21874199999999,29.97433]]]}},{"type":"Feature","properties":{"geoid":"22051023901","vintage":"2010","quintile":2,"score":50.8},"geometry":{"type":"Polygon","coordinates":[[[-90.214691,29.952173],[-90.206237,29.960306],[-90.205955,29.960323],[-90.205657,29.960762],[-90.203086,29.954072],[-90.203114,29.953414],[-90.203285,29.953429999999997],[-90.204917,29.951444],[-90.20652,29.949441],[-90.207931,29.947308999999997],[-90.21285999999999,29.94127],[-90.213996,29.950836],[-90.214691,29.952173]]]}},{"type":"Feature","properties":{"geoid":"22051023902","vintage":"2010","quintile":2,"score":48.6},"geometry":{"type":"Polygon","coordinates":[[[-90.220573,29.960538],[-90.21026599999999,29.970188],[-90.209701,29.970674],[-90.20931999999999,29.970786999999998],[-90.205657,29.960762],[-90.205749,29.960514],[-90.206237,29.960306],[-90.214691,29.952173],[-90.218643,29.95799],[-90.220573,29.960538]]]}},{"type":"Feature","properties":{"geoid":"22051023903","vintage":"2010","quintile":2,"score":47.9},"geometry":{"type":"Polygon","coordinates":[[[-90.209846,29.970567],[-90.220573,29.960538],[-90.22228199999999,29.962750999999997],[-90.22636399999999,29.965169],[-90.219383,29.97339],[-90.21874199999999,29.97433],[-90.210189,29.973765999999998],[-90.209938,29.972953],[-90.21011299999999,29.972986],[-90.20931999999999,29.970786999999998],[-90.209846,29.970567]]]}},{"type":"Feature","properties":{"geoid":"22051023904","vintage":"2010","quintile":2,"score":49.7},"geometry":{"type":"Polygon","coordinates":[[[-90.219078,29.958598],[-90.214103,29.951227],[-90.21285999999999,29.94127],[-90.21401999999999,29.939902],[-90.214344,29.939868999999998],[-90.214314,29.939556],[-90.219039,29.933963],[-90.221549,29.938931999999998],[-90.23104,29.959391999999998],[-90.229255,29.961672999999998],[-90.226333,29.964996],[-90.22636399999999,29.965169],[-90.22228199999999,29.962750999999997],[-90.219078,29.958598]]]}},{"type":"Feature","properties":{"geoid":"22051024001","vintage":"2010","quintile":1,"score":30.0},"geometry":{"type":"Polygon","coordinates":[[[-90.202934,29.935506],[-90.208969,29.936199],[-90.210189,29.936629999999997],[-90.211524,29.937482],[-90.21228699999999,29.938297],[-90.212615,29.939238999999997],[-90.21285999999999,29.94127],[-90.207931,29.947308999999997],[-90.20652,29.949441],[-90.203285,29.953429999999997],[-90.20200299999999,29.952091],[-90.202896,29.951750999999998],[-90.202873,29.950992],[-90.20367399999999,29.949686999999997],[-90.204689,29.943904],[-90.20288,29.944238],[-90.20247599999999,29.940514999999998],[-90.202415,29.940202],[-90.20223899999999,29.940351],[-90.202056,29.940042],[-90.201492,29.935603999999998],[-90.202934,29.935506]]]}},{"type":"Feature","properties":{"geoid":"22051024002","vintage":"2010","quintile":1,"score":40.3},"geometry":{"type":"Polygon","coordinates":[[[-90.184158,29.931856],[-90.197341,29.924764],[-90.198348,29.924573],[-90.20642,29.923119999999997],[-90.20674799999999,29.923247999999997],[-90.21479699999999,29.926493999999998],[-90.219039,29.933963],[-90.214314,29.939556],[-90.214344,29.939868999999998],[-90.21401999999999,29.939902],[-90.21285999999999,29.94127],[-90.212524,29.938829],[-90.212081,29.938008999999997],[-90.210189,29.936629999999997],[-90.208969,29.936199],[-90.201942,29.935499],[-90.197052,29.936888999999997],[-90.194221,29.938896],[-90.19386999999999,29.93884],[-90.192115,29.937488],[-90.191818,29.937555],[-90.191109,29.938208999999997],[-90.18914,29.936619999999998],[-90.18861299999999,29.935878],[-90.184158,29.931856]]]}},{"type":"Feature","properties":{"geoid":"22051024100","vintage":"2010","quintile":1,"score":33.1},"geometry":{"type":"Polygon","coordinates":[[[-90.206586,29.968837999999998],[-90.206222,29.967184999999997],[-90.204521,29.963369],[-90.199356,29.948900000000002],[-90.19897399999999,29.947048],[-90.197471,29.943716],[-90.19459499999999,29.941062],[-90.191109,29.938208999999997],[-90.191902,29.937503],[-90.19228299999999,29.937562],[-90.19386999999999,29.93884],[-90.194221,29.938896],[-90.197052,29.936888999999997],[-90.201492,29.935603999999998],[-90.202056,29.940042],[-90.20223899999999,29.940351],[-90.202415,29.940202],[-90.20247599999999,29.940514999999998],[-90.20288,29.944238],[-90.204689,29.943904],[-90.20367399999999,29.949686999999997],[-90.202873,29.950992],[-90.202896,29.951750999999998],[-90.20200299999999,29.952091],[-90.203285,29.953429999999997],[-90.203114,29.953414],[-90.203086,29.954072],[-90.209983,29.972568],[-90.210105,29.973018],[-90.209938,29.972953],[-90.210189,29.973765999999998],[-90.208435,29.973646],[-90.206586,29.968837999999998]]]}},{"type":"Feature","properties":{"geoid":"22051024201","vintage":"2010","quintile":1,"score":35.7},"geometry":{"type":"Polygon","coordinates":[[[-90.18259599999999,29.965273],[-90.18328799999999,29.963732999999998],[-90.18326499999999,29.962331],[-90.183403,29.962107999999997],[-90.18427199999999,29.961855999999997],[-90.18532499999999,29.964741999999998],[-90.185386,29.965656],[-90.18495899999999,29.966735],[-90.18328799999999,29.968175],[-90.196083,29.968958999999998],[-90.19715099999999,29.968877],[-90.19989699999999,29.968],[-90.201202,29.967916],[-90.20455899999999,29.968629],[-90.204582,29.967202999999998],[-90.205101,29.965429],[-90.204917,29.964381999999997],[-90.205978,29.966538999999997],[-90.206504,29.968076],[-90.206344,29.968111999999998],[-90.20659599999999,29.968867999999997],[-90.208435,29.973646],[-90.209053,29.973679999999998],[-90.209312,29.973906999999997],[-90.20985399999999,29.975471],[-90.21033399999999,29.976125],[-90.21086799999999,29.977828],[-90.17721499999999,29.975476999999998],[-90.16064399999999,29.975037999999998],[-90.160758,29.970539],[-90.173912,29.971404999999997],[-90.173645,29.969934],[-90.181434,29.966331],[-90.18259599999999,29.965273]]]}},{"type":"Feature","properties":{"geoid":"22051024202","vintage":"2010","quintile":1,"score":39.5},"geometry":{"type":"Polygon","coordinates":[[[-90.18326499999999,29.962331],[-90.18090000000001,29.955709],[-90.179664,29.953619999999997],[-90.178787,29.952634],[-90.169303,29.94419],[-90.181953,29.933263],[-90.184158,29.931856],[-90.18861299999999,29.935878],[-90.18914,29.936619999999998],[-90.19459499999999,29.941062],[-90.197471,29.943716],[-90.19897399999999,29.947048],[-90.199356,29.948900000000002],[-90.205047,29.964783999999998],[-90.20506999999999,29.96565],[-90.204582,29.967202999999998],[-90.20455899999999,29.968629],[-90.201202,29.967916],[-90.19989699999999,29.968],[-90.19715099999999,29.968877],[-90.196083,29.968958999999998],[-90.18328799999999,29.968175],[-90.18495899999999,29.966735],[-90.185317,29.966047],[-90.185417,29.965201999999998],[-90.18427199999999,29.961855999999997],[-90.183403,29.962107999999997],[-90.18326499999999,29.962331]]]}},{"type":"Feature","properties":{"geoid":"22051024300","vintage":"2010","quintile":1,"score":33.2},"geometry":{"type":"Polygon","coordinates":[[[-90.18259599999999,29.965273],[-90.181434,29.966331],[-90.173645,29.969934],[-90.17163,29.958585],[-90.164344,29.948877],[-90.169303,29.94419],[-90.178787,29.952634],[-90.180374,29.954642999999997],[-90.18132,29.956802],[-90.183227,29.962077999999998],[-90.18328799999999,29.963732999999998],[-90.18259599999999,29.965273]]]}},{"type":"Feature","properties":{"geoid":"22051024400","vintage":"2010","quintile":1,"score":34.8},"geometry":{"type":"Polygon","coordinates":[[[-90.160758,29.970539],[-90.161079,29.963068999999997],[-90.165069,29.963161],[-90.165939,29.963005],[-90.17178299999999,29.959612999999997],[-90.173912,29.971404999999997],[-90.160758,29.970539]]]}},{"type":"Feature","properties":{"geoid":"22051024500","vintage":"2010","quintile":1,"score":37.2},"geometry":{"type":"Polygon","coordinates":[[[-90.165069,29.963161],[-90.157112,29.962954999999997],[-90.157028,29.9628],[-90.157173,29.959398],[-90.156904,29.95786],[-90.15716499999999,29.953944999999997],[-90.164344,29.948877],[-90.17163,29.958585],[-90.17178299999999,29.959612999999997],[-90.165939,29.963005],[-90.165069,29.963161]]]}},{"type":"Feature","properties":{"geoid":"22051024600","vintage":"2010","quintile":1,"score":34.3},"geometry":{"type":"Polygon","coordinates":[[[-90.15233599999999,29.962819999999997],[-90.161079,29.963068999999997],[-90.16064399999999,29.975037999999998],[-90.15789,29.974954],[-90.15206099999999,29.974394999999998],[-90.15233599999999,29.962819999999997]]]}},{"type":"Feature","properties":{"geoid":"22051024700","vintage":"2010","quintile":2,"score":47.4},"geometry":{"type":"Polygon","coordinates":[[[-90.157173,29.959398],[-90.157112,29.962954999999997],[-90.15233599999999,29.962819999999997],[-90.152091,29.969949],[-90.145393,29.969538999999997],[-90.145477,29.969223999999997],[-90.145271,29.9692],[-90.14948199999999,29.959450999999998],[-90.150672,29.956068],[-90.156066,29.954456],[-90.15716499999999,29.953944999999997],[-90.156904,29.95786],[-90.157173,29.959398]]]}},{"type":"Feature","properties":{"geoid":"22051024800","vintage":"2010","quintile":3,"score":56.9},"geometry":{"type":"Polygon","coordinates":[[[-90.151985,29.976015],[-90.129127,29.986849999999997],[-90.12397,29.987569999999998],[-90.12487399999999,29.976302999999998],[-90.12467,29.976212],[-90.12482299999999,29.975447],[-90.12478399999999,29.974154],[-90.126071,29.971822],[-90.126559,29.970264999999998],[-90.1277,29.968282],[-90.12915799999999,29.968362],[-90.12982099999999,29.968227],[-90.130584,29.968593],[-90.152091,29.969949],[-90.151985,29.976015]]]}},{"type":"Feature","properties":{"geoid":"22051024801","vintage":"2020","quintile":3,"score":57.7},"geometry":{"type":"Polygon","coordinates":[[[-90.152053,29.97447],[-90.151985,29.976015],[-90.129707,29.98661],[-90.128967,29.984519],[-90.12754799999999,29.981313],[-90.12572399999999,29.979694],[-90.125282,29.979391],[-90.124662,29.979253],[-90.12487399999999,29.976302999999998],[-90.12467,29.976212],[-90.12482299999999,29.975447],[-90.12478399999999,29.974154],[-90.12583099999999,29.972203999999998],[-90.129645,29.972614],[-90.143188,29.973535],[-90.152053,29.97447]]]}},{"type":"Feature","properties":{"geoid":"22051024900","vintage":"2010","quintile":2,"score":47.9},"geometry":{"type":"Polygon","coordinates":[[[-90.130741,29.963918999999997],[-90.136895,29.953098999999998],[-90.137649,29.951394999999998],[-90.140074,29.947903999999998],[-90.144182,29.953948999999998],[-90.150672,29.956068],[-90.14948199999999,29.959450999999998],[-90.145271,29.9692],[-90.145477,29.969223999999997],[-90.145393,29.969538999999997],[-90.130584,29.968593],[-90.12982099999999,29.968227],[-90.12915799999999,29.968362],[-90.1277,29.968282],[-90.130195,29.963922999999998],[-90.13062599999999,29.964062],[-90.130741,29.963918999999997]]]}},{"type":"Feature","properties":{"geoid":"22051025001","vintage":"2010","quintile":3,"score":55.2},"geometry":{"type":"Polygon","coordinates":[[[-90.021987,29.909048],[-90.021228,29.909592999999997],[-90.014234,29.902845],[-90.01365299999999,29.902103999999998],[-90.008179,29.896924],[-90.00795199999999,29.89687],[-90.008056,29.895528],[-90.009834,29.891507999999998],[-90.013251,29.886308],[-90.015487,29.882088999999997],[-90.017718,29.878600000000002],[-90.023849,29.883233999999998],[-90.022003,29.908882],[-90.021987,29.909048]]]}},{"type":"Feature","properties":{"geoid":"22051025002","vintage":"2010","quintile":5,"score":66.3},"geometry":{"type":"Polygon","coordinates":[[[-90.039491,29.926858],[-90.021228,29.909592999999997],[-90.021987,29.909048],[-90.02236099999999,29.90348],[-90.03025,29.903926],[-90.02995299999999,29.908621999999998],[-90.030052,29.909575999999998],[-90.030326,29.910482],[-90.03125,29.911939],[-90.033203,29.913843],[-90.03403399999999,29.915129999999998],[-90.03385899999999,29.915176],[-90.034217,29.916449999999998],[-90.034278,29.920049],[-90.034446,29.920879],[-90.03495699999999,29.921602],[-90.03981,29.926413999999998],[-90.039491,29.926858]]]}},{"type":"Feature","properties":{"geoid":"22051025003","vintage":"2010","quintile":2,"score":52.9},"geometry":{"type":"Polygon","coordinates":[[[-90.02236099999999,29.90348],[-90.023574,29.88627],[-90.023696,29.886224],[-90.030998,29.891654],[-90.03025,29.903926],[-90.02236099999999,29.90348]]]}},{"type":"Feature","properties":{"geoid":"22051025004","vintage":"2020","quintile":3,"score":55.2},"geometry":{"type":"Polygon","coordinates":[[[-90.02374999999999,29.883467999999997],[-90.022651,29.899217],[-90.014442,29.898792],[-90.014831,29.894287],[-90.015487,29.882088999999997],[-90.01759,29.878732],[-90.02374999999999,29.883467999999997]]]}},{"type":"Feature","properties":{"geoid":"22051025005","vintage":"2020","quintile":3,"score":56.5},"geometry":{"type":"Polygon","coordinates":[[[-90.022651,29.899217],[-90.021987,29.909048],[-90.021228,29.909592999999997],[-90.014234,29.902845],[-90.01365299999999,29.902103999999998],[-90.008179,29.896924],[-90.00795199999999,29.89687],[-90.008056,29.895528],[-90.009834,29.891507999999998],[-90.013251,29.886308],[-90.015487,29.882088999999997],[-90.014831,29.894287],[-90.014442,29.898792],[-90.022651,29.899217]]]}},{"type":"Feature","properties":{"geoid":"22051025102","vintage":"2010","quintile":4,"score":63.0},"geometry":{"type":"Polygon","coordinates":[[[-90.034988,29.867406],[-90.037992,29.866753],[-90.039816,29.866985999999997],[-90.04099099999999,29.867635999999997],[-90.042343,29.868872999999997],[-90.042526,29.869322999999998],[-90.04387299999999,29.883008],[-90.044141,29.883011999999997],[-90.04448599999999,29.886996999999997],[-90.043594,29.900976],[-90.030998,29.891654],[-90.031173,29.888641],[-90.033622,29.890477999999998],[-90.033523,29.890155],[-90.034149,29.880938999999998],[-90.034324,29.880502],[-90.034194,29.880352],[-90.034187,29.879426],[-90.034988,29.867406]]]}},{"type":"Feature","properties":{"geoid":"22051025103","vintage":"2010","quintile":2,"score":51.5},"geometry":{"type":"Polygon","coordinates":[[[-90.033622,29.890477999999998],[-90.031173,29.888641],[-90.030998,29.891654],[-90.023735,29.886239999999997],[-90.023574,29.88627],[-90.023834,29.883115],[-90.017718,29.878600000000002],[-90.020371,29.872851999999998],[-90.02036199999999,29.873445],[-90.022369,29.873548],[-90.023414,29.874094999999997],[-90.030136,29.874419999999997],[-90.03010499999999,29.875283999999997],[-90.03054,29.876811],[-90.03044799999999,29.877544],[-90.03125,29.880043999999998],[-90.033599,29.879479999999997],[-90.03427099999999,29.879482],[-90.034194,29.880352],[-90.034324,29.880502],[-90.034149,29.880938999999998],[-90.033523,29.890155],[-90.033622,29.890477999999998]]]}},{"type":"Feature","properties":{"geoid":"22051025104","vintage":"2010","quintile":5,"score":68.7},"geometry":{"type":"Polygon","coordinates":[[[-90.025077,29.866066999999997],[-90.02658799999999,29.865738999999998],[-90.027,29.865837],[-90.027648,29.86683],[-90.028579,29.867458],[-90.029701,29.868968],[-90.03040299999999,29.869284999999998],[-90.032555,29.86885],[-90.03353899999999,29.868465999999998],[-90.034988,29.867406],[-90.034187,29.879426],[-90.03125,29.880043999999998],[-90.03044799999999,29.877544],[-90.03054,29.876811],[-90.03010499999999,29.875283999999997],[-90.030136,29.874419999999997],[-90.023414,29.874094999999997],[-90.022369,29.873548],[-90.02036199999999,29.873445],[-90.020371,29.872851999999998],[-90.02134199999999,29.870742999999997],[-90.022972,29.868206999999998],[-90.023506,29.865519],[-90.025077,29.866066999999997]]]}},{"type":"Feature","properties":{"geoid":"22051025201","vintage":"2010","quintile":2,"score":52.4},"geometry":{"type":"Polygon","coordinates":[[[-90.03710099999999,29.910591],[-90.042991,29.910819999999998],[-90.042373,29.920757],[-90.042144,29.922355],[-90.041871,29.929012999999998],[-90.039491,29.926858],[-90.03981,29.926413999999998],[-90.03495699999999,29.921602],[-90.034446,29.920879],[-90.034278,29.920049],[-90.034217,29.916449999999998],[-90.03385899999999,29.915176],[-90.03403399999999,29.915129999999998],[-90.033203,29.913843],[-90.03125,29.911939],[-90.030326,29.910482],[-90.029975,29.909181],[-90.03004399999999,29.907086999999997],[-90.030998,29.907165],[-90.03115799999999,29.907859],[-90.033119,29.90859],[-90.03710099999999,29.910591]]]}},{"type":"Feature","properties":{"geoid":"22051025202","vintage":"2010","quintile":2,"score":50.4},"geometry":{"type":"Polygon","coordinates":[[[-90.042991,29.910819999999998],[-90.03710099999999,29.910591],[-90.033119,29.90859],[-90.03115799999999,29.907859],[-90.030998,29.907165],[-90.03004399999999,29.907086999999997],[-90.030998,29.891654],[-90.043594,29.900976],[-90.042991,29.910819999999998]]]}},{"type":"Feature","properties":{"geoid":"22051025300","vintage":"2010","quintile":4,"score":61.1},"geometry":{"type":"Polygon","coordinates":[[[-90.043708,29.898307],[-90.04943,29.902600999999997],[-90.050392,29.903751],[-90.050834,29.905175999999997],[-90.051338,29.912982],[-90.04800399999999,29.914972],[-90.046707,29.916031999999998],[-90.042129,29.922842],[-90.042503,29.918951],[-90.043708,29.898307]]]}},{"type":"Feature","properties":{"geoid":"22051025400","vintage":"2010","quintile":4,"score":62.9},"geometry":{"type":"Polygon","coordinates":[[[-90.043708,29.898307],[-90.04448599999999,29.886996999999997],[-90.044141,29.883011999999997],[-90.04387299999999,29.883008],[-90.043235,29.876849999999997],[-90.045394,29.876375],[-90.045913,29.878128999999998],[-90.045249,29.878293],[-90.04508899999999,29.878553],[-90.045097,29.88002],[-90.045143,29.880454999999998],[-90.045684,29.881534],[-90.047637,29.883530999999998],[-90.054344,29.89361],[-90.05013199999999,29.895847],[-90.053497,29.90072],[-90.05223,29.901422],[-90.057762,29.909101],[-90.051338,29.912982],[-90.050834,29.905175999999997],[-90.050392,29.903751],[-90.04943,29.902600999999997],[-90.043708,29.898307]]]}},{"type":"Feature","properties":{"geoid":"22051025500","vintage":"2010","quintile":3,"score":53.5},"geometry":{"type":"Polygon","coordinates":[[[-90.053497,29.90072],[-90.05013199999999,29.895847],[-90.054344,29.89361],[-90.062248,29.905752],[-90.062338,29.906451999999998],[-90.057762,29.909101],[-90.05223,29.901422],[-90.053497,29.90072]]]}},{"type":"Feature","properties":{"geoid":"22051025600","vintage":"2010","quintile":2,"score":47.5},"geometry":{"type":"Polygon","coordinates":[[[-90.047378,29.915402999999998],[-90.060729,29.907318],[-90.063902,29.905654],[-90.06378199999999,29.905880999999997],[-90.06489499999999,29.907684],[-90.067832,29.911785],[-90.068626,29.912585999999997],[-90.067726,29.913082],[-90.06792399999999,29.913511],[-90.06707,29.914092999999998],[-90.06438399999999,29.910135],[-90.062454,29.911171999999997],[-90.05613699999999,29.915084],[-90.054473,29.916044],[-90.054321,29.915854999999997],[-90.05261899999999,29.916850999999998],[-90.055252,29.920151999999998],[-90.052398,29.921851999999998],[-90.047378,29.915402999999998]]]}},{"type":"Feature","properties":{"geoid":"22051025700","vintage":"2010","quintile":3,"score":55.1},"geometry":{"type":"Polygon","coordinates":[[[-90.045102,29.93224],[-90.041861,29.92899],[-90.042129,29.922842],[-90.046218,29.916594999999997],[-90.047378,29.915402999999998],[-90.052993,29.922601],[-90.050354,29.924523999999998],[-90.04926999999999,29.925597999999997],[-90.046508,29.929274999999997],[-90.045102,29.93224]]]}},{"type":"Feature","properties":{"geoid":"22051025800","vintage":"2010","quintile":1,"score":43.1},"geometry":{"type":"Polygon","coordinates":[[[-90.04968199999999,29.925188],[-90.050834,29.924139999999998],[-90.052993,29.922601],[-90.05691499999999,29.927609999999998],[-90.056983,29.92793],[-90.057334,29.928174],[-90.05917199999999,29.930404],[-90.057982,29.938015],[-90.05854699999999,29.945334],[-90.054278,29.941323999999998],[-90.05403199999999,29.940393999999998],[-90.053472,29.940103999999998],[-90.053028,29.939504999999997],[-90.052388,29.939148],[-90.05169599999999,29.938236999999997],[-90.050472,29.937303999999997],[-90.045102,29.93224],[-90.046508,29.929274999999997],[-90.047805,29.927388999999998],[-90.04968199999999,29.925188]]]}},{"type":"Feature","properties":{"geoid":"22051025900","vintage":"2010","quintile":2,"score":44.8},"geometry":{"type":"Polygon","coordinates":[[[-90.05261899999999,29.916850999999998],[-90.054321,29.915854999999997],[-90.054473,29.916044],[-90.06438399999999,29.910135],[-90.06707,29.914092999999998],[-90.06792399999999,29.913511],[-90.070251,29.916152],[-90.070533,29.916748],[-90.069734,29.917122],[-90.070036,29.917683],[-90.07044599999999,29.917533],[-90.07167199999999,29.919304],[-90.06737199999999,29.921903999999998],[-90.062472,29.926004],[-90.05917199999999,29.930404],[-90.057334,29.928174],[-90.056983,29.92793],[-90.05691499999999,29.927609999999998],[-90.052398,29.921851999999998],[-90.055252,29.920151999999998],[-90.05261899999999,29.916850999999998]]]}},{"type":"Feature","properties":{"geoid":"22051026100","vintage":"2010","quintile":2,"score":47.0},"geometry":{"type":"Polygon","coordinates":[[[-90.062248,29.905752],[-90.054344,29.89361],[-90.058509,29.89142],[-90.065162,29.888264999999997],[-90.066864,29.886764],[-90.06803099999999,29.887102],[-90.070892,29.893482],[-90.070911,29.894057],[-90.07359799999999,29.899974999999998],[-90.07116599999999,29.901011999999998],[-90.06504799999999,29.904975],[-90.062338,29.906451999999998],[-90.062248,29.905752]]]}},{"type":"Feature","properties":{"geoid":"22051026200","vintage":"2010","quintile":2,"score":47.6},"geometry":{"type":"Polygon","coordinates":[[[-90.069976,29.871114],[-90.072738,29.878252999999997],[-90.07417199999999,29.883701],[-90.077255,29.891531999999998],[-90.07951299999999,29.898469],[-90.07359799999999,29.899974999999998],[-90.070911,29.894057],[-90.070892,29.893482],[-90.06813,29.887207999999998],[-90.06710000000001,29.886781],[-90.066696,29.884431],[-90.066925,29.882078],[-90.066497,29.881341],[-90.066001,29.879579],[-90.065872,29.87848],[-90.06427,29.873261999999997],[-90.064666,29.873089999999998],[-90.064155,29.873077],[-90.06404099999999,29.872660999999997],[-90.069976,29.871114]]]}},{"type":"Feature","properties":{"geoid":"22051026300","vintage":"2010","quintile":1,"score":36.8},"geometry":{"type":"Polygon","coordinates":[[[-90.08357199999999,29.881866],[-90.085548,29.889882999999998],[-90.088447,29.889229999999998],[-90.08898099999999,29.892068],[-90.08933999999999,29.893047],[-90.08979699999999,29.895585999999998],[-90.089721,29.896183999999998],[-90.09011799999999,29.898062999999997],[-90.09067499999999,29.900143999999997],[-90.09099499999999,29.900050999999998],[-90.09245299999999,29.905676999999997],[-90.08930199999999,29.906463],[-90.08995,29.9094],[-90.090301,29.909923],[-90.091073,29.912805],[-90.085573,29.914405],[-90.085067,29.911073],[-90.08331199999999,29.907778999999998],[-90.083091,29.907836],[-90.082527,29.907009],[-90.082633,29.906779999999998],[-90.081222,29.903565999999998],[-90.077255,29.891531999999998],[-90.074226,29.88385],[-90.074951,29.883647],[-90.07536999999999,29.883253],[-90.076072,29.883495],[-90.082695,29.881618],[-90.08357199999999,29.881866]]]}},{"type":"Feature","properties":{"geoid":"22051026400","vintage":"2010","quintile":1,"score":40.7},"geometry":{"type":"Polygon","coordinates":[[[-90.08357199999999,29.881866],[-90.089958,29.882707],[-90.092269,29.895688999999997],[-90.089714,29.896013],[-90.08979699999999,29.895585999999998],[-90.08933999999999,29.893047],[-90.08898099999999,29.892068],[-90.088447,29.889229999999998],[-90.085548,29.889882999999998],[-90.08357199999999,29.881866]]]}},{"type":"Feature","properties":{"geoid":"22051026500","vintage":"2010","quintile":2,"score":47.0},"geometry":{"type":"Polygon","coordinates":[[[-90.099068,29.883643],[-90.100196,29.894679999999997],[-90.092269,29.895688999999997],[-90.089958,29.882707],[-90.098205,29.883754],[-90.099068,29.883643]]]}},{"type":"Feature","properties":{"geoid":"22051026600","vintage":"2010","quintile":1,"score":39.6},"geometry":{"type":"Polygon","coordinates":[[[-90.09099499999999,29.900050999999998],[-90.09067499999999,29.900143999999997],[-90.089714,29.896013],[-90.100196,29.894679999999997],[-90.101142,29.905594999999998],[-90.10142499999999,29.906505],[-90.10087299999999,29.910004999999998],[-90.094173,29.911704999999998],[-90.091073,29.912805],[-90.090301,29.909923],[-90.08995,29.9094],[-90.08930199999999,29.906463],[-90.09245299999999,29.905676999999997],[-90.09099499999999,29.900050999999998]]]}},{"type":"Feature","properties":{"geoid":"22051026700","vintage":"2010","quintile":2,"score":45.7},"geometry":{"type":"Polygon","coordinates":[[[-90.099586,29.887978999999998],[-90.098655,29.879077],[-90.10682399999999,29.878919999999997],[-90.107086,29.886723999999997],[-90.10756599999999,29.886867],[-90.109841,29.886851999999998],[-90.110168,29.894052],[-90.107559,29.894136],[-90.107788,29.901947],[-90.1054,29.902317999999998],[-90.10095199999999,29.903423],[-90.099586,29.887978999999998]]]}},{"type":"Feature","properties":{"geoid":"22051026800","vintage":"2010","quintile":1,"score":41.2},"geometry":{"type":"Polygon","coordinates":[[[-90.111747,29.901535],[-90.107788,29.901947],[-90.107559,29.894136],[-90.110168,29.894052],[-90.109841,29.886851999999998],[-90.10756599999999,29.886867],[-90.107086,29.886723999999997],[-90.10682399999999,29.878919999999997],[-90.10987,29.878881],[-90.114143,29.88055],[-90.113693,29.899738],[-90.111671,29.899475],[-90.111747,29.901535]]]}},{"type":"Feature","properties":{"geoid":"22051026900","vintage":"2010","quintile":1,"score":41.7},"geometry":{"type":"Polygon","coordinates":[[[-90.1054,29.902317999999998],[-90.111747,29.901535],[-90.111671,29.899475],[-90.113693,29.899738],[-90.11411199999999,29.877943],[-90.11544699999999,29.878711],[-90.119354,29.880193],[-90.11920099999999,29.885966999999997],[-90.120513,29.885897999999997],[-90.118827,29.900487],[-90.12731099999999,29.901692999999998],[-90.130607,29.902369999999998],[-90.128936,29.906864],[-90.128479,29.907156999999998],[-90.128303,29.908489],[-90.12737399999999,29.911005],[-90.12567399999999,29.910504999999997],[-90.11771999999999,29.909205999999998],[-90.10087299999999,29.910004999999998],[-90.10142499999999,29.906505],[-90.101142,29.905594999999998],[-90.10095199999999,29.903423],[-90.1054,29.902317999999998]]]}},{"type":"Feature","properties":{"geoid":"22051027000","vintage":"2010","quintile":1,"score":41.1},"geometry":{"type":"Polygon","coordinates":[[[-90.13020999999999,29.885998999999998],[-90.13647499999999,29.887069],[-90.136421,29.887262],[-90.133369,29.895137],[-90.13301799999999,29.895674999999997],[-90.132667,29.897026999999998],[-90.130607,29.902369999999998],[-90.12731099999999,29.901692999999998],[-90.118827,29.900487],[-90.120513,29.885897999999997],[-90.11920099999999,29.885966999999997],[-90.119354,29.880193],[-90.120666,29.880675999999998],[-90.125694,29.885420999999997],[-90.13020999999999,29.885998999999998]]]}},{"type":"Feature","properties":{"geoid":"22051027100","vintage":"2010","quintile":4,"score":61.0},"geometry":{"type":"Polygon","coordinates":[[[-90.141655,29.871281],[-90.14470999999999,29.871696999999998],[-90.13883899999999,29.887021999999998],[-90.14821599999999,29.888825999999998],[-90.148376,29.888983999999997],[-90.151546,29.889744],[-90.155822,29.890645],[-90.156959,29.890210999999997],[-90.15750799999999,29.890425999999998],[-90.15791999999999,29.890344],[-90.157629,29.89173],[-90.158439,29.893908999999997],[-90.158287,29.89491],[-90.158332,29.896013],[-90.158233,29.896535],[-90.157933,29.896957999999998],[-90.158825,29.898256],[-90.156097,29.899772],[-90.15391699999999,29.903589999999998],[-90.15306,29.903125],[-90.153244,29.902939999999997],[-90.14647599999999,29.899236],[-90.14475999999999,29.898639],[-90.133186,29.895432999999997],[-90.136589,29.886757],[-90.13810099999999,29.883422999999997],[-90.141655,29.871281]]]}},{"type":"Feature","properties":{"geoid":"22051027200","vintage":"2010","quintile":2,"score":48.1},"geometry":{"type":"Polygon","coordinates":[[[-90.129646,29.905012],[-90.133186,29.895432999999997],[-90.14475999999999,29.898639],[-90.14647599999999,29.899236],[-90.153244,29.902939999999997],[-90.15306,29.903125],[-90.15391699999999,29.903589999999998],[-90.15203799999999,29.906340999999998],[-90.151977,29.906557],[-90.15212199999999,29.906606],[-90.149406,29.911457],[-90.14389,29.909430999999998],[-90.143791,29.909602999999997],[-90.135871,29.906582999999998],[-90.129646,29.905012]]]}},{"type":"Feature","properties":{"geoid":"22051027501","vintage":"2010","quintile":2,"score":47.0},"geometry":{"type":"Polygon","coordinates":[[[-90.216285,29.920433],[-90.259681,29.939828],[-90.262695,29.940960999999998],[-90.265007,29.941495],[-90.269065,29.941751],[-90.271363,29.941542],[-90.275566,29.940683],[-90.27816,29.961668999999997],[-90.279533,29.967971],[-90.276016,29.968784],[-90.264274,29.969632999999998],[-90.257797,29.969842],[-90.250061,29.969347],[-90.248558,29.968517],[-90.240501,29.965255],[-90.23104,29.959391999999998],[-90.221549,29.938931999999998],[-90.219039,29.933963],[-90.21479699999999,29.926493999999998],[-90.20642,29.923119999999997],[-90.207717,29.920254999999997],[-90.207664,29.919641],[-90.208091,29.91856],[-90.20994499999999,29.918819],[-90.214271,29.919776],[-90.216285,29.920433]]]}},{"type":"Feature","properties":{"geoid":"22051027502","vintage":"2010","quintile":2,"score":52.8},"geometry":{"type":"Polygon","coordinates":[[[-90.259681,29.939828],[-90.216285,29.920433],[-90.21356899999999,29.919601],[-90.208091,29.91856],[-90.211288,29.910508999999998],[-90.271153,29.914212],[-90.27359,29.922264],[-90.275566,29.940683],[-90.271363,29.941542],[-90.269065,29.941751],[-90.26587599999999,29.941592999999997],[-90.263427,29.941163999999997],[-90.259681,29.939828]]]}},{"type":"Feature","properties":{"geoid":"22051027601","vintage":"2010","quintile":4,"score":64.8},"geometry":{"type":"Polygon","coordinates":[[[-90.183081,29.910370999999998],[-90.18308999999999,29.909785999999997],[-90.18350199999999,29.909357],[-90.18749199999999,29.898839],[-90.188598,29.898692999999998],[-90.192657,29.895162],[-90.195495,29.892194],[-90.198318,29.889625],[-90.203948,29.886485999999998],[-90.210556,29.883903],[-90.221443,29.881404],[-90.221755,29.881497999999997],[-90.221603,29.881245999999997],[-90.22239599999999,29.880495],[-90.227874,29.87293],[-90.228073,29.872601999999997],[-90.22792,29.872121],[-90.228134,29.872166999999997],[-90.228172,29.87248],[-90.228652,29.87222],[-90.22850000000001,29.871821999999998],[-90.22734799999999,29.870479],[-90.227569,29.869996999999998],[-90.228721,29.869118999999998],[-90.228355,29.868330999999998],[-90.228622,29.867143],[-90.228355,29.865886],[-90.2286,29.864586],[-90.23020799999999,29.861966],[-90.23320000000001,29.857962999999998],[-90.240173,29.862116999999998],[-90.241653,29.8684],[-90.240318,29.871295],[-90.240287,29.871935999999998],[-90.24055399999999,29.872892],[-90.242134,29.873914],[-90.242744,29.874912],[-90.24314799999999,29.876783],[-90.24317099999999,29.880703999999998],[-90.243759,29.881352999999997],[-90.24621499999999,29.882547],[-90.24871,29.884708],[-90.251274,29.887991999999997],[-90.253845,29.889272],[-90.25475999999999,29.889978],[-90.255409,29.891159],[-90.256042,29.893349999999998],[-90.256492,29.894171999999998],[-90.25926899999999,29.897197],[-90.260368,29.897772999999997],[-90.26168,29.897817],[-90.26270199999999,29.898466],[-90.264465,29.898588],[-90.26464,29.898984],[-90.26373199999999,29.900232],[-90.26445,29.901211999999997],[-90.265968,29.901746],[-90.265998,29.902914],[-90.266685,29.903793],[-90.26798199999999,29.904888],[-90.26849299999999,29.905838],[-90.269882,29.909713],[-90.271153,29.914212],[-90.211288,29.910508999999998],[-90.208152,29.918402999999998],[-90.193626,29.917648],[-90.179924,29.916127999999997],[-90.180976,29.915823999999997],[-90.183081,29.910370999999998]]]}},{"type":"Feature","properties":{"geoid":"22051027602","vintage":"2010","quintile":5,"score":68.4},"geometry":{"type":"Polygon","coordinates":[[[-90.156097,29.899772],[-90.158825,29.898256],[-90.157933,29.896957999999998],[-90.158233,29.896535],[-90.158332,29.896013],[-90.158287,29.89491],[-90.158439,29.893908999999997],[-90.157629,29.89173],[-90.15791999999999,29.890344],[-90.15750799999999,29.890425999999998],[-90.158248,29.889754999999997],[-90.158462,29.888424999999998],[-90.158172,29.887415999999998],[-90.158203,29.885869],[-90.157974,29.883888],[-90.15753099999999,29.883205],[-90.156311,29.882134999999998],[-90.15602799999999,29.881722999999997],[-90.15581499999999,29.88092],[-90.155838,29.880077],[-90.156105,29.879500999999998],[-90.157348,29.878093],[-90.15692899999999,29.87528],[-90.15793599999999,29.8717],[-90.15885899999999,29.867635],[-90.160324,29.865253],[-90.16113999999999,29.86487],[-90.16175799999999,29.864793],[-90.164474,29.865143999999997],[-90.165542,29.864753],[-90.166389,29.863916],[-90.166687,29.862585],[-90.167892,29.8609],[-90.16838,29.860333999999998],[-90.170509,29.858945],[-90.170913,29.858393999999997],[-90.171127,29.855936999999997],[-90.17105099999999,29.854557],[-90.170509,29.851604],[-90.170639,29.851008999999998],[-90.170982,29.850355],[-90.171714,29.849601],[-90.17223299999999,29.849241],[-90.173889,29.848577],[-90.174415,29.848011],[-90.17291999999999,29.84482],[-90.172584,29.844410999999997],[-90.172111,29.843975],[-90.168792,29.841941],[-90.167968,29.841009],[-90.166618,29.836315],[-90.164901,29.833046999999997],[-90.164817,29.832182999999997],[-90.165435,29.830457],[-90.166313,29.828971],[-90.167479,29.827897],[-90.172164,29.827351999999998],[-90.17320199999999,29.827524],[-90.182243,29.827671],[-90.23320000000001,29.857962999999998],[-90.23020799999999,29.861966],[-90.2286,29.864586],[-90.228355,29.865886],[-90.228622,29.867143],[-90.228355,29.868330999999998],[-90.228721,29.869118999999998],[-90.227569,29.869996999999998],[-90.22734799999999,29.870479],[-90.22850000000001,29.871821999999998],[-90.228652,29.87222],[-90.228172,29.87248],[-90.228134,29.872166999999997],[-90.22792,29.872121],[-90.228073,29.872601999999997],[-90.227874,29.87293],[-90.22239599999999,29.880495],[-90.221603,29.881245999999997],[-90.221755,29.881497999999997],[-90.221443,29.881404],[-90.210556,29.883903],[-90.203948,29.886485999999998],[-90.198318,29.889625],[-90.195495,29.892194],[-90.192657,29.895162],[-90.188598,29.898692999999998],[-90.18749199999999,29.898839],[-90.18350199999999,29.909357],[-90.18308999999999,29.909785999999997],[-90.183081,29.910370999999998],[-90.180976,29.915823999999997],[-90.179924,29.916127999999997],[-90.155525,29.913352],[-90.15184699999999,29.912391],[-90.149406,29.911457],[-90.15212199999999,29.906606],[-90.151977,29.906557],[-90.15203799999999,29.906340999999998],[-90.15388399999999,29.903646],[-90.156097,29.899772]]]}},{"type":"Feature","properties":{"geoid":"22051027701","vintage":"2010","quintile":5,"score":70.5},"geometry":{"type":"Polygon","coordinates":[[[-90.14470999999999,29.871696999999998],[-90.141655,29.871281],[-90.13855699999999,29.882106],[-90.13647499999999,29.887069],[-90.13020999999999,29.885998999999998],[-90.126091,29.885517],[-90.125579,29.885343],[-90.120666,29.880675999999998],[-90.115737,29.878835],[-90.11411199999999,29.877943],[-90.113891,29.877243999999997],[-90.112258,29.875104],[-90.112045,29.874561],[-90.110641,29.864734],[-90.116348,29.864597],[-90.11653899999999,29.862924],[-90.11724,29.862247],[-90.11733199999999,29.86197],[-90.116683,29.856582],[-90.116874,29.856126],[-90.117156,29.855983],[-90.120155,29.855182],[-90.126584,29.854791],[-90.156494,29.843849],[-90.15633299999999,29.843754999999998],[-90.156939,29.843449],[-90.15746299999999,29.842316999999998],[-90.15790299999999,29.842533],[-90.15842099999999,29.84234],[-90.15863,29.842071999999998],[-90.159217,29.842233],[-90.15940599999999,29.841790999999997],[-90.16007499999999,29.841223],[-90.160522,29.841397999999998],[-90.16085199999999,29.842046],[-90.161327,29.842432],[-90.161924,29.842681],[-90.164535,29.841116999999997],[-90.167312,29.840494],[-90.16783099999999,29.840549],[-90.167968,29.841009],[-90.168792,29.841941],[-90.172111,29.843975],[-90.172584,29.844410999999997],[-90.17291999999999,29.84482],[-90.174415,29.848011],[-90.173889,29.848577],[-90.17223299999999,29.849241],[-90.171714,29.849601],[-90.170982,29.850355],[-90.170639,29.851008999999998],[-90.170509,29.851604],[-90.17105099999999,29.854557],[-90.171127,29.855936999999997],[-90.170913,29.858393999999997],[-90.170509,29.858945],[-90.16838,29.860333999999998],[-90.167892,29.8609],[-90.166687,29.862585],[-90.166389,29.863916],[-90.165542,29.864753],[-90.164474,29.865143999999997],[-90.16175799999999,29.864793],[-90.16113999999999,29.86487],[-90.160324,29.865253],[-90.15885899999999,29.867635],[-90.15793599999999,29.8717],[-90.15692899999999,29.87528],[-90.157348,29.878093],[-90.156105,29.879500999999998],[-90.155822,29.880353],[-90.155853,29.881254],[-90.15602799999999,29.881722999999997],[-90.15753099999999,29.883205],[-90.157974,29.883888],[-90.158203,29.885869],[-90.158172,29.887415999999998],[-90.158462,29.888424999999998],[-90.158096,29.890027],[-90.15750799999999,29.890425999999998],[-90.156959,29.890210999999997],[-90.155822,29.890645],[-90.151546,29.889744],[-90.148376,29.888983999999997],[-90.14821599999999,29.888825999999998],[-90.13883899999999,29.887021999999998],[-90.14470999999999,29.871696999999998]]]}},{"type":"Feature","properties":{"geoid":"22051027703","vintage":"2010","quintile":1,"score":41.4},"geometry":{"type":"Polygon","coordinates":[[[-90.114407,29.849283],[-90.116554,29.84818],[-90.117324,29.847531999999998],[-90.117744,29.847644],[-90.11801899999999,29.848636],[-90.123176,29.848829],[-90.122642,29.849497999999997],[-90.122413,29.850081999999997],[-90.121152,29.854315999999997],[-90.120155,29.855182],[-90.117156,29.855983],[-90.11676,29.856306],[-90.116722,29.856996],[-90.11733199999999,29.86197],[-90.11724,29.862247],[-90.11653899999999,29.862924],[-90.116348,29.864597],[-90.110641,29.864734],[-90.10909199999999,29.852458],[-90.114407,29.849283]]]}},{"type":"Feature","properties":{"geoid":"22051027803","vintage":"2010","quintile":4,"score":61.1},"geometry":{"type":"Polygon","coordinates":[[[-90.066001,29.879579],[-90.066497,29.881341],[-90.066955,29.882253],[-90.066696,29.884431],[-90.06710000000001,29.886781],[-90.066864,29.886764],[-90.065162,29.888264999999997],[-90.058509,29.89142],[-90.054344,29.89361],[-90.047637,29.883530999999998],[-90.045684,29.881534],[-90.045143,29.880454999999998],[-90.045074,29.878678999999998],[-90.045249,29.878293],[-90.045913,29.878128999999998],[-90.045394,29.876375],[-90.048667,29.875546999999997],[-90.05350399999999,29.873268],[-90.06187399999999,29.873212],[-90.064064,29.872747],[-90.064155,29.873077],[-90.064666,29.873089999999998],[-90.06427,29.873261999999997],[-90.065872,29.87848],[-90.066001,29.879579]]]}},{"type":"Feature","properties":{"geoid":"22051027804","vintage":"2010","quintile":3,"score":55.4},"geometry":{"type":"Polygon","coordinates":[[[-90.03769799999999,29.866816],[-90.034988,29.867406],[-90.03353899999999,29.868465999999998],[-90.032555,29.86885],[-90.03171499999999,29.86894],[-90.03079199999999,29.869266],[-90.030227,29.869246999999998],[-90.02939599999999,29.868641999999998],[-90.028579,29.867458],[-90.027648,29.86683],[-90.027,29.865837],[-90.02658799999999,29.865738999999998],[-90.02503899999999,29.866065],[-90.023434,29.865488],[-90.022615,29.864998],[-90.022966,29.864357],[-90.02293,29.862482],[-90.023235,29.861917],[-90.02510199999999,29.860075],[-90.02554099999999,29.859439],[-90.025477,29.856479999999998],[-90.026292,29.854343],[-90.0269,29.853457],[-90.027211,29.853292999999997],[-90.027456,29.85285],[-90.029027,29.851262],[-90.02986899999999,29.850489],[-90.034127,29.847849],[-90.03985899999999,29.846045999999998],[-90.040516,29.845706],[-90.04104799999999,29.845208999999997],[-90.041793,29.846180999999998],[-90.04306,29.849884],[-90.04446399999999,29.852724],[-90.045394,29.855393999999997],[-90.04592799999999,29.857706],[-90.04860599999999,29.865367],[-90.047912,29.874208],[-90.04798799999999,29.874691],[-90.048492,29.875608],[-90.043235,29.876849999999997],[-90.042526,29.869322999999998],[-90.042343,29.868872999999997],[-90.04099099999999,29.867635999999997],[-90.03997,29.867046],[-90.03898199999999,29.866799],[-90.03769799999999,29.866816]]]}},{"type":"Feature","properties":{"geoid":"22051027805","vintage":"2010","quintile":4,"score":59.6},"geometry":{"type":"Polygon","coordinates":[[[-90.047927,29.874488],[-90.04860599999999,29.865367],[-90.04592799999999,29.857706],[-90.045394,29.855393999999997],[-90.04446399999999,29.852724],[-90.04306,29.849884],[-90.041793,29.846180999999998],[-90.04104799999999,29.845208999999997],[-90.04287699999999,29.843707],[-90.04260699999999,29.84332],[-90.04458799999999,29.841366999999998],[-90.04760499999999,29.840096],[-90.049227,29.839623999999997],[-90.04943999999999,29.839232],[-90.051728,29.837854],[-90.052605,29.83775],[-90.053248,29.838209],[-90.05376,29.83826],[-90.05571599999999,29.836869999999998],[-90.056332,29.837215999999998],[-90.056697,29.836861],[-90.05713999999999,29.837021],[-90.05793899999999,29.836872999999997],[-90.05881,29.839596999999998],[-90.061989,29.848100000000002],[-90.064537,29.856094],[-90.068969,29.867738],[-90.069976,29.871114],[-90.062477,29.873167],[-90.05350399999999,29.873268],[-90.048492,29.875608],[-90.047927,29.874488]]]}},{"type":"Feature","properties":{"geoid":"22051027806","vintage":"2010","quintile":1,"score":42.3},"geometry":{"type":"Polygon","coordinates":[[[-90.10987,29.878881],[-90.098655,29.879077],[-90.097663,29.867964999999998],[-90.09747999999999,29.863004],[-90.097785,29.862164999999997],[-90.09764799999999,29.862049],[-90.098556,29.860941999999998],[-90.103523,29.856012],[-90.10913,29.852773],[-90.110237,29.862218],[-90.111846,29.873723],[-90.112258,29.875104],[-90.113571,29.876768],[-90.114021,29.87758],[-90.114143,29.88055],[-90.10987,29.878881]]]}},{"type":"Feature","properties":{"geoid":"22051027807","vintage":"2010","quintile":1,"score":42.7},"geometry":{"type":"Polygon","coordinates":[[[-90.098205,29.883754],[-90.083061,29.881791999999997],[-90.082893,29.881597],[-90.082695,29.881618],[-90.076072,29.883495],[-90.07536999999999,29.883253],[-90.074951,29.883647],[-90.074226,29.88385],[-90.072738,29.878252999999997],[-90.069976,29.871114],[-90.075172,29.869701],[-90.076095,29.86976],[-90.07730099999999,29.870237],[-90.087409,29.86779],[-90.086624,29.860847],[-90.08513599999999,29.844661],[-90.08629599999999,29.844542999999998],[-90.088821,29.845852999999998],[-90.08990399999999,29.845636],[-90.09307,29.847192],[-90.101142,29.847496],[-90.101796,29.847761],[-90.10176799999999,29.847621],[-90.11260899999999,29.846366],[-90.119338,29.845352],[-90.118957,29.846097],[-90.116661,29.848114],[-90.114936,29.848955],[-90.10909199999999,29.852458],[-90.10913,29.852773],[-90.103523,29.856012],[-90.100578,29.858797],[-90.09764799999999,29.862049],[-90.097785,29.862164999999997],[-90.09745,29.863443],[-90.097663,29.867964999999998],[-90.099068,29.883643],[-90.098205,29.883754]]]}},{"type":"Feature","properties":{"geoid":"22051027809","vintage":"2010","quintile":4,"score":63.7},"geometry":{"type":"Polygon","coordinates":[[[-90.08513599999999,29.844661],[-90.082107,29.810153],[-90.08139,29.80969],[-90.08148899999999,29.809317999999998],[-90.080207,29.797651],[-90.073127,29.787933],[-90.068038,29.780424],[-90.068061,29.779156999999998],[-90.06751899999999,29.778485999999997],[-90.070953,29.775381],[-90.07135,29.774745],[-90.072814,29.773279],[-90.073493,29.772948999999997],[-90.074325,29.772781],[-90.08135899999999,29.768473999999998],[-90.081424,29.771174],[-90.08112899999999,29.771731],[-90.08127499999999,29.772264],[-90.08273299999999,29.773868],[-90.08568199999999,29.775667],[-90.089462,29.777015],[-90.101066,29.778795],[-90.11052699999999,29.782928],[-90.11404399999999,29.786095999999997],[-90.121383,29.794165999999997],[-90.122627,29.797096],[-90.12248199999999,29.798629],[-90.121803,29.79997],[-90.11807999999999,29.803545999999997],[-90.114768,29.805678999999998],[-90.113677,29.805861999999998],[-90.109466,29.808345],[-90.101402,29.812686],[-90.100791,29.813475999999998],[-90.100257,29.81541],[-90.100448,29.816667],[-90.101112,29.818224999999998],[-90.102638,29.820085],[-90.10337799999999,29.821378],[-90.10494899999999,29.822924999999998],[-90.10992399999999,29.829459999999997],[-90.11160199999999,29.832231],[-90.113975,29.835628],[-90.11604299999999,29.83793],[-90.116485,29.838151],[-90.11817099999999,29.840626999999998],[-90.11965099999999,29.842406999999998],[-90.119873,29.843200000000003],[-90.119804,29.843967],[-90.119338,29.845352],[-90.11260899999999,29.846366],[-90.10176799999999,29.847621],[-90.101796,29.847761],[-90.101142,29.847496],[-90.09307,29.847192],[-90.08990399999999,29.845636],[-90.088821,29.845852999999998],[-90.08629599999999,29.844542999999998],[-90.08513599999999,29.844661]]]}},{"type":"Feature","properties":{"geoid":"22051027810","vintage":"2010","quintile":2,"score":53.3},"geometry":{"type":"Polygon","coordinates":[[[-90.08554,29.849334],[-90.087409,29.86779],[-90.081687,29.869135999999997],[-90.081115,29.867054999999997],[-90.078132,29.858508999999998],[-90.07805599999999,29.857236],[-90.07835299999999,29.855445],[-90.077224,29.852037],[-90.07923799999999,29.851481999999997],[-90.079002,29.850859999999997],[-90.08229,29.849966],[-90.08554,29.849334]]]}},{"type":"Feature","properties":{"geoid":"22051027811","vintage":"2010","quintile":1,"score":41.5},"geometry":{"type":"Polygon","coordinates":[[[-90.072639,29.854207],[-90.073303,29.852579],[-90.07507299999999,29.851834999999998],[-90.079002,29.850859999999997],[-90.07923799999999,29.851481999999997],[-90.077224,29.852037],[-90.07835299999999,29.855445],[-90.07805599999999,29.857236],[-90.078132,29.858508999999998],[-90.081115,29.867054999999997],[-90.081687,29.869135999999997],[-90.07730099999999,29.870237],[-90.076095,29.86976],[-90.074691,29.869787],[-90.075233,29.869569],[-90.075378,29.869315999999998],[-90.073745,29.864307],[-90.075752,29.863754],[-90.072807,29.855618999999997],[-90.072639,29.854207]]]}},{"type":"Feature","properties":{"geoid":"22051027812","vintage":"2010","quintile":5,"score":66.2},"geometry":{"type":"Polygon","coordinates":[[[-90.082107,29.810153],[-90.08554,29.849334],[-90.08229,29.849966],[-90.07507299999999,29.851834999999998],[-90.073303,29.852579],[-90.072662,29.854060999999998],[-90.072662,29.855141999999997],[-90.075752,29.863754],[-90.073745,29.864307],[-90.075057,29.868095],[-90.075363,29.869404999999997],[-90.074691,29.869787],[-90.069976,29.871114],[-90.068969,29.867738],[-90.064537,29.856094],[-90.061989,29.848100000000002],[-90.05881,29.839596999999998],[-90.05793899999999,29.836872999999997],[-90.05733099999999,29.836747],[-90.058494,29.836685],[-90.060003,29.834965],[-90.06057899999999,29.834547999999998],[-90.062624,29.833872],[-90.06432099999999,29.833046999999997],[-90.06684899999999,29.830489999999998],[-90.067649,29.829994],[-90.068427,29.829176999999998],[-90.068663,29.82854],[-90.068586,29.826456],[-90.06758699999999,29.825535],[-90.067545,29.823656],[-90.068742,29.819212],[-90.071563,29.810351999999998],[-90.071861,29.807896],[-90.071708,29.806841],[-90.07135699999999,29.805716],[-90.07037299999999,29.803738],[-90.069679,29.802910999999998],[-90.069,29.802484],[-90.068496,29.801765],[-90.065559,29.792382999999997],[-90.064933,29.790927],[-90.063491,29.788390999999997],[-90.062034,29.786474],[-90.06026399999999,29.784945999999998],[-90.060043,29.784128],[-90.060195,29.783613],[-90.060791,29.783341999999998],[-90.062783,29.783199],[-90.06751899999999,29.778485999999997],[-90.068061,29.779156999999998],[-90.068038,29.780424],[-90.073127,29.787933],[-90.080207,29.797651],[-90.08148899999999,29.809317999999998],[-90.08139,29.80969],[-90.082107,29.810153]]]}},{"type":"Feature","properties":{"geoid":"22051027813","vintage":"2020","quintile":4,"score":59.5},"geometry":{"type":"Polygon","coordinates":[[[-90.042671,29.868658999999997],[-90.042343,29.868872999999997],[-90.04099099999999,29.867635999999997],[-90.039616,29.866712],[-90.03765399999999,29.866424],[-90.036687,29.866630999999998],[-90.03171499999999,29.86894],[-90.03040299999999,29.869284999999998],[-90.029701,29.868968],[-90.028579,29.867458],[-90.027648,29.86683],[-90.027,29.865837],[-90.02658799999999,29.865738999999998],[-90.02503899999999,29.866065],[-90.023434,29.865488],[-90.022615,29.864998],[-90.022966,29.864357],[-90.022994,29.862320999999998],[-90.02554099999999,29.859439],[-90.025477,29.856479999999998],[-90.026292,29.854343],[-90.027456,29.85285],[-90.02986899999999,29.850489],[-90.034127,29.847849],[-90.035095,29.848309999999998],[-90.04066399999999,29.864072],[-90.04227399999999,29.868002999999998],[-90.042671,29.868658999999997]]]}},{"type":"Feature","properties":{"geoid":"22051027814","vintage":"2020","quintile":2,"score":50.7},"geometry":{"type":"Polygon","coordinates":[[[-90.04862899999999,29.865503],[-90.047912,29.874208],[-90.048316,29.875324],[-90.04351,29.876472],[-90.042739,29.868837],[-90.04066399999999,29.864072],[-90.035095,29.848309999999998],[-90.034127,29.847849],[-90.03985899999999,29.846045999999998],[-90.040516,29.845706],[-90.04104799999999,29.845208999999997],[-90.041793,29.846180999999998],[-90.04306,29.849884],[-90.04446399999999,29.852724],[-90.04502699999999,29.853520999999997],[-90.045818,29.855897],[-90.04718,29.861445999999997],[-90.04862899999999,29.865503]]]}},{"type":"Feature","properties":{"geoid":"22051027815","vintage":"2020","quintile":4,"score":65.4},"geometry":{"type":"Polygon","coordinates":[[[-90.063621,29.853230999999997],[-90.061866,29.853996],[-90.06179,29.85444],[-90.058531,29.855653],[-90.057496,29.852846999999997],[-90.05055899999999,29.85473],[-90.050209,29.854613999999998],[-90.049911,29.853793999999997],[-90.045509,29.854927],[-90.04502699999999,29.853520999999997],[-90.04446399999999,29.852724],[-90.04306,29.849884],[-90.041793,29.846180999999998],[-90.04104799999999,29.845208999999997],[-90.04287699999999,29.843707],[-90.04260699999999,29.84332],[-90.04458799999999,29.841366999999998],[-90.04760499999999,29.840096],[-90.049227,29.839623999999997],[-90.04943999999999,29.839232],[-90.051728,29.837854],[-90.052605,29.83775],[-90.053248,29.838209],[-90.05376,29.83826],[-90.05612599999999,29.837049],[-90.056332,29.837215999999998],[-90.056697,29.836861],[-90.05713999999999,29.837021],[-90.05793899999999,29.836872999999997],[-90.05881,29.839596999999998],[-90.061989,29.848100000000002],[-90.063621,29.853230999999997]]]}},{"type":"Feature","properties":{"geoid":"22051027816","vintage":"2020","quintile":3,"score":56.7},"geometry":{"type":"Polygon","coordinates":[[[-90.069976,29.871114],[-90.062759,29.872961],[-90.053817,29.872932],[-90.048316,29.875324],[-90.047912,29.874208],[-90.04862899999999,29.865503],[-90.047073,29.861089],[-90.04668099999999,29.859088999999997],[-90.045509,29.854927],[-90.049911,29.853793999999997],[-90.050209,29.854613999999998],[-90.05055899999999,29.85473],[-90.057496,29.852846999999997],[-90.058531,29.855653],[-90.06179,29.85444],[-90.061866,29.853996],[-90.063621,29.853230999999997],[-90.064537,29.856094],[-90.068969,29.867738],[-90.069976,29.871114]]]}},{"type":"Feature","properties":{"geoid":"22051027817","vintage":"2020","quintile":2,"score":48.5},"geometry":{"type":"Polygon","coordinates":[[[-90.119438,29.845965999999997],[-90.11666699999999,29.84853],[-90.104461,29.855605999999998],[-90.103118,29.856634],[-90.100257,29.859422],[-90.097785,29.862164999999997],[-90.09745,29.863443],[-90.097579,29.865195999999997],[-90.08739399999999,29.867618],[-90.086624,29.860847],[-90.08513599999999,29.844661],[-90.08629599999999,29.844542999999998],[-90.088821,29.845852999999998],[-90.08990399999999,29.845636],[-90.09307,29.847192],[-90.10176799999999,29.847621],[-90.10724599999999,29.847053],[-90.119728,29.845347999999998],[-90.119438,29.845965999999997]]]}},{"type":"Feature","properties":{"geoid":"22051027818","vintage":"2020","quintile":1,"score":37.6},"geometry":{"type":"Polygon","coordinates":[[[-90.099099,29.883996],[-90.098205,29.883754],[-90.08287,29.881784],[-90.075988,29.883577],[-90.074226,29.88385],[-90.072738,29.878252999999997],[-90.069976,29.871114],[-90.075172,29.869701],[-90.07637,29.869830999999998],[-90.077379,29.870274],[-90.082805,29.868876],[-90.084075,29.868833],[-90.08704499999999,29.868064],[-90.087158,29.867850999999998],[-90.087409,29.86779],[-90.08739399999999,29.867618],[-90.097579,29.865195999999997],[-90.097724,29.868737999999997],[-90.099099,29.883996]]]}},{"type":"Feature","properties":{"geoid":"22051027819","vintage":"2020","quintile":5,"score":67.0},"geometry":{"type":"Polygon","coordinates":[[[-90.122627,29.797096],[-90.12248199999999,29.798629],[-90.121803,29.79997],[-90.11807999999999,29.803545999999997],[-90.114768,29.805678999999998],[-90.113677,29.805861999999998],[-90.109466,29.808345],[-90.101402,29.812686],[-90.100791,29.813475999999998],[-90.10025,29.815517],[-90.100448,29.816667],[-90.10097499999999,29.818023],[-90.102638,29.820085],[-90.10337799999999,29.821378],[-90.10494899999999,29.822924999999998],[-90.10992399999999,29.829459999999997],[-90.11160199999999,29.832231],[-90.100715,29.833311],[-90.103492,29.847444],[-90.10176799999999,29.847621],[-90.09307,29.847192],[-90.08990399999999,29.845636],[-90.088821,29.845852999999998],[-90.08629599999999,29.844542999999998],[-90.08513599999999,29.844661],[-90.082107,29.810153],[-90.08139,29.80969],[-90.08148899999999,29.809317999999998],[-90.080207,29.797651],[-90.073127,29.787933],[-90.068038,29.780424],[-90.068061,29.779156999999998],[-90.06751899999999,29.778485999999997],[-90.067577,29.778384],[-90.070953,29.775381],[-90.07135,29.774745],[-90.072814,29.773279],[-90.073493,29.772948999999997],[-90.074325,29.772781],[-90.075683,29.771849999999997],[-90.08072899999999,29.771732],[-90.08174799999999,29.772695],[-90.08251899999999,29.773688999999997],[-90.083595,29.774507],[-90.08568199999999,29.775667],[-90.088111,29.776608999999997],[-90.091674,29.777454],[-90.09925799999999,29.778447999999997],[-90.10131799999999,29.778882],[-90.10999199999999,29.782667],[-90.111755,29.783921999999997],[-90.11404399999999,29.786095999999997],[-90.121383,29.794165999999997],[-90.122627,29.797096]]]}},{"type":"Feature","properties":{"geoid":"22051027820","vintage":"2020","quintile":1,"score":37.2},"geometry":{"type":"Polygon","coordinates":[[[-90.11971199999999,29.842861],[-90.11972399999999,29.844291],[-90.119338,29.845352],[-90.11260899999999,29.846366],[-90.103492,29.847444],[-90.100715,29.833311],[-90.11160199999999,29.832231],[-90.11385299999999,29.835642999999997],[-90.11653899999999,29.838669999999997],[-90.118324,29.841109999999997],[-90.119354,29.842154999999998],[-90.11971199999999,29.842861]]]}},{"type":"Feature","properties":{"geoid":"22051027901","vintage":"2010","quintile":5,"score":76.2},"geometry":{"type":"Polygon","coordinates":[[[-90.04757599999999,29.715213],[-90.04885999999999,29.714565],[-90.050921,29.712387],[-90.051503,29.711375],[-90.051795,29.710434],[-90.052877,29.710181],[-90.05562499999999,29.710651],[-90.05741499999999,29.711375],[-90.060163,29.712820999999998],[-90.061037,29.713037999999997],[-90.06266099999999,29.712892999999998],[-90.064368,29.713362999999998],[-90.066783,29.713725],[-90.068823,29.714557],[-90.07032199999999,29.714882],[-90.07231999999999,29.714882],[-90.07431799999999,29.715244],[-90.07723299999999,29.715930999999998],[-90.082982,29.718055999999997],[-90.08080199999999,29.716469999999997],[-90.080101,29.715633],[-90.079826,29.71446],[-90.08024499999999,29.712394],[-90.08193899999999,29.708281999999997],[-90.08290099999999,29.705097],[-90.083534,29.701304999999998],[-90.08382399999999,29.695967999999997],[-90.084548,29.693154999999997],[-90.085258,29.692280999999998],[-90.09852599999999,29.691447999999998],[-90.09848699999999,29.692114999999998],[-90.09889199999999,29.694484],[-90.100578,29.699647],[-90.102249,29.702420999999998],[-90.10471299999999,29.705277],[-90.106712,29.704504999999997],[-90.108666,29.704023],[-90.111718,29.703429],[-90.11727599999999,29.701954999999998],[-90.13441999999999,29.698012],[-90.14798599999999,29.694529],[-90.150545,29.693953999999998],[-90.152036,29.693849],[-90.153707,29.693182],[-90.154581,29.691350999999997],[-90.155439,29.688081999999998],[-90.15583,29.687493],[-90.156508,29.686905],[-90.159323,29.685361],[-90.160629,29.684900000000003],[-90.168281,29.681327],[-90.169181,29.682724999999998],[-90.169685,29.683225],[-90.17038699999999,29.683522999999997],[-90.17148499999999,29.683622],[-90.172485,29.68332],[-90.17598699999999,29.683116],[-90.179191,29.682513999999998],[-90.180382,29.682114],[-90.183486,29.680614],[-90.18489,29.680912],[-90.186386,29.680912],[-90.187294,29.681312],[-90.18798799999999,29.681911],[-90.19009299999999,29.684607999999997],[-90.190795,29.685108],[-90.192495,29.686805999999997],[-90.193195,29.688105999999998],[-90.193394,29.689505999999998],[-90.194194,29.690205],[-90.19519799999999,29.690504999999998],[-90.19569299999999,29.690105],[-90.19659399999999,29.689705999999997],[-90.198791,29.689705999999997],[-90.199691,29.688907],[-90.20039299999999,29.688506999999998],[-90.201087,29.688506999999998],[-90.20268999999999,29.689505999999998],[-90.20259,29.691606],[-90.226074,29.691813999999997],[-90.228157,29.692027999999997],[-90.211288,29.730504],[-90.157394,29.738304999999997],[-90.156165,29.738642],[-90.151832,29.740955],[-90.15128299999999,29.741073],[-90.145332,29.740641999999998],[-90.14183799999999,29.740163],[-90.141052,29.740309999999997],[-90.13922099999999,29.741708],[-90.134284,29.742676999999997],[-90.134918,29.74356],[-90.13580999999999,29.745489],[-90.13651999999999,29.747940999999997],[-90.13668799999999,29.749059],[-90.135879,29.752267],[-90.134185,29.754514],[-90.13188099999999,29.756731],[-90.128585,29.758543],[-90.12490799999999,29.75966],[-90.11709499999999,29.761159],[-90.11028999999999,29.761552],[-90.109481,29.761953],[-90.102493,29.761909],[-90.093475,29.762575],[-90.091079,29.762994],[-90.08634099999999,29.764765999999998],[-90.084648,29.765859],[-90.081199,29.768604],[-90.075683,29.771849999999997],[-90.06562,29.753117999999997],[-90.065963,29.750225],[-90.065559,29.749928999999998],[-90.066352,29.743655999999998],[-90.067242,29.738664],[-90.062179,29.731009],[-90.04757599999999,29.715213]]]}},{"type":"Feature","properties":{"geoid":"22051027902","vintage":"2010","quintile":5,"score":78.7},"geometry":{"type":"Polygon","coordinates":[[[-89.941649,29.271134999999997],[-89.94326,29.271054],[-89.94614,29.271435999999998],[-89.947746,29.269069],[-89.945388,29.266098999999997],[-89.945465,29.261083],[-89.949691,29.255868],[-89.956192,29.249122],[-89.97136599999999,29.240907],[-89.99673399999999,29.229008999999998],[-89.996887,29.228465999999997],[-89.99885499999999,29.226955],[-90.006401,29.222932],[-90.014518,29.217983],[-90.030014,29.206832],[-90.032476,29.204759],[-90.03512599999999,29.201845],[-90.037555,29.199724999999997],[-90.03953399999999,29.197604],[-90.04352899999999,29.191684],[-90.044972,29.190407999999998],[-90.04663699999999,29.188307],[-90.048053,29.187188],[-90.051547,29.185033999999998],[-90.05619899999999,29.182838],[-90.074078,29.173439],[-90.078032,29.170723],[-90.079336,29.169307],[-90.08028999999999,29.168529999999997],[-90.082929,29.167168999999998],[-90.08331,29.166448],[-90.084137,29.165615],[-90.08528199999999,29.165032],[-90.085695,29.164503999999997],[-90.088723,29.162622],[-90.089934,29.164113999999998],[-90.089337,29.16577],[-90.088788,29.165917],[-90.088914,29.166276],[-90.088448,29.16837],[-90.087509,29.170966999999997],[-90.086788,29.172355],[-90.08636399999999,29.172849],[-90.086406,29.17379],[-90.086148,29.174377],[-90.086685,29.175084],[-90.086924,29.177187999999997],[-90.08730299999999,29.178102],[-90.088059,29.178950999999998],[-90.089961,29.180080999999998],[-90.090333,29.180608999999997],[-90.090018,29.181289999999997],[-90.08952,29.181742999999997],[-90.087246,29.182574],[-90.086264,29.18274],[-90.085724,29.183097999999998],[-90.084791,29.184161999999997],[-90.084735,29.184504999999998],[-90.08533399999999,29.185433],[-90.086553,29.186591999999997],[-90.08641999999999,29.187261999999997],[-90.08572199999999,29.187728999999997],[-90.083801,29.188146],[-90.083377,29.188385],[-90.083052,29.189027],[-90.082925,29.190413],[-90.082708,29.19099],[-90.081846,29.19195],[-90.08076299999999,29.192826999999998],[-90.07817,29.194398],[-90.077072,29.194813999999997],[-90.07547199999999,29.196569999999998],[-90.073736,29.196413],[-90.072328,29.197391999999997],[-90.071978,29.197916],[-90.071512,29.199575],[-90.070538,29.200810999999998],[-90.06823899999999,29.202154999999998],[-90.066788,29.203225],[-90.06599,29.203583],[-90.064454,29.203498],[-90.064044,29.203856],[-90.06302199999999,29.204207999999998],[-90.061953,29.205195],[-90.061922,29.205655],[-90.06212,29.205821999999998],[-90.062545,29.205585],[-90.06315599999999,29.205586],[-90.063462,29.206111],[-90.06371299999999,29.207233],[-90.063499,29.208595],[-90.063636,29.209726999999997],[-90.06353299999999,29.210580999999998],[-90.06308299999999,29.211942999999998],[-90.06066,29.217226999999998],[-90.057525,29.226990999999998],[-90.056854,29.228838999999997],[-90.056045,29.230382],[-90.054756,29.232246],[-90.0494,29.238792],[-90.047355,29.241588],[-90.042816,29.248849],[-90.042121,29.250235999999997],[-90.040184,29.253],[-90.033767,29.260896],[-90.032348,29.263336],[-90.03085999999999,29.267538],[-90.029251,29.269288999999997],[-90.026313,29.270474999999998],[-90.020431,29.272247],[-90.015869,29.274006999999997],[-90.01426599999999,29.275342],[-90.009796,29.282545],[-90.00771999999999,29.285348],[-90.00540099999999,29.287817999999998],[-90.003509,29.290172],[-90.000068,29.294912],[-89.999572,29.295876999999997],[-89.99897,29.298246],[-89.999061,29.300262],[-89.999259,29.301527999999998],[-90.000419,29.303731],[-90.00154099999999,29.307176],[-90.00259299999999,29.309053],[-90.003349,29.310392],[-90.00645399999999,29.313377],[-90.010055,29.315334],[-90.01525099999999,29.317642],[-90.021041,29.320736999999998],[-90.024436,29.323226],[-90.027847,29.326829],[-90.02937999999999,29.329297999999998],[-90.030189,29.332071],[-90.030075,29.334889999999998],[-90.029708,29.337923999999997],[-90.02964,29.341120999999998],[-90.030334,29.344758],[-90.031234,29.347109999999997],[-90.033256,29.348941],[-90.03530099999999,29.350168],[-90.035713,29.350914],[-90.03585,29.352375],[-90.03508699999999,29.356455999999998],[-90.03514,29.357805],[-90.036041,29.360629999999997],[-90.03639199999999,29.363705999999997],[-90.03613999999999,29.365952999999998],[-90.03542999999999,29.368233999999998],[-90.033935,29.370468],[-90.032196,29.372486],[-90.030647,29.375245999999997],[-90.02939599999999,29.377021],[-90.028633,29.379417],[-90.029129,29.382234],[-90.030532,29.383663],[-90.03094399999999,29.384452],[-90.02909799999999,29.387514],[-90.030181,29.389383],[-90.033294,29.393278],[-90.02506199999999,29.413286],[-90.020622,29.428461],[-90.02231499999999,29.43115],[-90.029212,29.431879],[-90.037551,29.436344],[-90.04208299999999,29.443426],[-90.042037,29.44588],[-90.040718,29.44663],[-90.037376,29.447832],[-90.037887,29.448798999999998],[-90.04087799999999,29.450273],[-90.04293799999999,29.452302],[-90.048637,29.455244999999998],[-90.048294,29.45659],[-90.04744699999999,29.458568],[-90.047615,29.460447],[-90.049041,29.461523],[-90.051338,29.461771],[-90.054237,29.461496],[-90.061424,29.459156999999998],[-90.062698,29.459194],[-90.069458,29.461357],[-90.074913,29.465125999999998],[-90.078155,29.466133],[-90.080467,29.465915],[-90.085853,29.462502999999998],[-90.088668,29.461729],[-90.09518399999999,29.461420999999998],[-90.114128,29.465684],[-90.124984,29.470207],[-90.13518499999999,29.476049],[-90.13750399999999,29.477162999999997],[-90.138908,29.479169],[-90.140197,29.481741999999997],[-90.141731,29.488214],[-90.142303,29.491539],[-90.143371,29.494757999999997],[-90.14448499999999,29.497373],[-90.146041,29.500231999999997],[-90.14633099999999,29.500335],[-90.14643,29.500736],[-90.147933,29.501945],[-90.150627,29.504759999999997],[-90.15132899999999,29.505865],[-90.15542599999999,29.510482],[-90.157432,29.513590999999998],[-90.15903399999999,29.515396],[-90.159835,29.516498],[-90.16113999999999,29.518800000000002],[-90.163146,29.521303],[-90.164649,29.523504],[-90.16645799999999,29.526504],[-90.16746499999999,29.529003],[-90.16927299999999,29.532701],[-90.170181,29.535698999999997],[-90.170082,29.536499],[-90.17098899999999,29.538997],[-90.172203,29.541196],[-90.17420899999999,29.542892],[-90.17701699999999,29.543885999999997],[-90.17912199999999,29.544382],[-90.182632,29.544673],[-90.18614099999999,29.545665],[-90.187545,29.546360999999997],[-90.18974999999999,29.548156],[-90.191963,29.551744],[-90.19217599999999,29.55274],[-90.19187099999999,29.554240999999998],[-90.19217599999999,29.555937999999998],[-90.191772,29.557337999999998],[-90.190872,29.558836999999997],[-90.188377,29.561238999999997],[-90.18727799999999,29.56254],[-90.186172,29.563340999999998],[-90.182777,29.564944999999998],[-90.180076,29.565849],[-90.176277,29.566854],[-90.174684,29.567155999999997],[-90.17107999999999,29.567059999999998],[-90.17070000000001,29.56719],[-90.16601999999999,29.567252999999997],[-90.16181499999999,29.568222],[-90.158459,29.570031999999998],[-90.15776699999999,29.571543],[-90.157769,29.573660999999998],[-90.160546,29.575781],[-90.164526,29.577672],[-90.165145,29.57848],[-90.164644,29.579856999999997],[-90.162987,29.581737],[-90.15658599999999,29.585458],[-90.151725,29.587871],[-90.15133999999999,29.588373999999998],[-90.151342,29.590021],[-90.15196,29.591500999999997],[-90.153623,29.593486],[-90.15408699999999,29.59426],[-90.153855,29.594662999999997],[-90.15327599999999,29.595132],[-90.151541,29.596104999999998],[-90.151195,29.597011],[-90.151157,29.598558999999998],[-90.15189199999999,29.599635],[-90.153707,29.600613],[-90.155599,29.601253999999997],[-90.156256,29.601893999999998],[-90.156218,29.602532999999998],[-90.155524,29.60354],[-90.154753,29.604076],[-90.152208,29.606659999999998],[-90.15136,29.607969999999998],[-90.151168,29.609112],[-90.15190299999999,29.61019],[-90.153138,29.610191999999998],[-90.154296,29.609555],[-90.156263,29.608818999999997],[-90.157692,29.609426],[-90.15781,29.611207999999998],[-90.157232,29.612316999999997],[-90.157118,29.61356],[-90.157659,29.614469],[-90.16001899999999,29.616591999999997],[-90.16040799999999,29.618105999999997],[-90.161189,29.623424],[-90.161054,29.625207999999997],[-90.160401,29.629306],[-90.15965299999999,29.63274],[-90.159348,29.637392],[-90.15933299999999,29.640607],[-90.159768,29.643197999999998],[-90.16111699999999,29.64623],[-90.161125,29.647071],[-90.160583,29.649454],[-90.159103,29.653364],[-90.158378,29.654194999999998],[-90.156837,29.655303],[-90.15538,29.657428],[-90.155067,29.660186],[-90.15557,29.662200000000002],[-90.157882,29.666515],[-90.158012,29.669382],[-90.1576,29.672266999999998],[-90.155807,29.677529999999997],[-90.15884299999999,29.677553],[-90.161582,29.676838999999998],[-90.16418399999999,29.676935],[-90.165679,29.677830999999998],[-90.166687,29.67933],[-90.168281,29.681127],[-90.168281,29.681327],[-90.160629,29.684900000000003],[-90.159323,29.685361],[-90.156508,29.686905],[-90.15583,29.687493],[-90.155439,29.688081999999998],[-90.154581,29.691350999999997],[-90.153707,29.693182],[-90.15178,29.693914999999997],[-90.150545,29.693953999999998],[-90.14798599999999,29.694529],[-90.13441999999999,29.698012],[-90.11727599999999,29.701954999999998],[-90.111718,29.703429],[-90.107376,29.704338],[-90.10471299999999,29.705277],[-90.102249,29.702420999999998],[-90.100578,29.699647],[-90.09889199999999,29.694484],[-90.09848699999999,29.692114999999998],[-90.09852599999999,29.691447999999998],[-90.085258,29.692280999999998],[-90.084548,29.693154999999997],[-90.08382399999999,29.695967999999997],[-90.083534,29.701304999999998],[-90.08290099999999,29.705097],[-90.08193899999999,29.708281999999997],[-90.08024499999999,29.712394],[-90.079826,29.71446],[-90.080101,29.715633],[-90.08080199999999,29.716469999999997],[-90.082982,29.718055999999997],[-90.07723299999999,29.715930999999998],[-90.07431799999999,29.715244],[-90.07231999999999,29.714882],[-90.07032199999999,29.714882],[-90.068823,29.714557],[-90.066783,29.713725],[-90.064368,29.713362999999998],[-90.06266099999999,29.712892999999998],[-90.061037,29.713037999999997],[-90.060163,29.712820999999998],[-90.05741499999999,29.711375],[-90.05562499999999,29.710651],[-90.052877,29.710181],[-90.051795,29.710434],[-90.051503,29.711375],[-90.050921,29.712387],[-90.04885999999999,29.714565],[-90.04757599999999,29.715213],[-90.04305,29.710209],[-90.042434,29.70959],[-90.042129,29.709791],[-90.040634,29.707984],[-90.040634,29.707383999999998],[-90.040435,29.707283],[-90.040088,29.706356],[-90.03797399999999,29.699737],[-90.033289,29.692417],[-90.03051699999999,29.688692],[-90.029518,29.687091],[-90.019896,29.678687999999998],[-90.015884,29.674412999999998],[-90.015698,29.67317],[-90.012687,29.662504],[-90.011397,29.656990999999998],[-90.009902,29.65336],[-90.005507,29.637083999999998],[-90.003563,29.631259999999997],[-90.00236699999999,29.626106999999998],[-90.00244599999999,29.625874999999997],[-90.002304,29.625650999999998],[-90.00262099999999,29.625213],[-90.00251899999999,29.624264999999998],[-90.002201,29.623420999999997],[-90.00074,29.62231],[-90.000068,29.622294999999998],[-89.998319,29.622830999999998],[-89.997716,29.622742],[-89.996297,29.621805],[-89.99484799999999,29.621195],[-89.993451,29.621399],[-89.990583,29.622484],[-89.989278,29.622269],[-89.987546,29.621491],[-89.986425,29.620428],[-89.985235,29.618923],[-89.984533,29.617396],[-89.984487,29.61656],[-89.9848,29.616144],[-89.985845,29.615596999999998],[-89.98786199999999,29.614936999999998],[-89.988182,29.614499],[-89.988025,29.613847],[-89.98624799999999,29.612112999999997],[-89.98562199999999,29.610298999999998],[-89.985126,29.609519],[-89.98395099999999,29.608793],[-89.983066,29.608613],[-89.98115899999999,29.608659],[-89.980297,29.608037],[-89.980018,29.607581999999997],[-89.980133,29.606762999999997],[-89.980606,29.605749],[-89.983543,29.601823],[-89.98357299999999,29.600949999999997],[-89.983261,29.600315],[-89.98236,29.599629999999998],[-89.981201,29.599055999999997],[-89.980323,29.598329],[-89.979835,29.597413999999997],[-89.979743,29.596193],[-89.980148,29.595243],[-89.981826,29.592748],[-89.981201,29.588735],[-89.980796,29.587979999999998],[-89.98013999999999,29.58756],[-89.97927,29.587718],[-89.978279,29.588428],[-89.977279,29.588759999999997],[-89.976661,29.588756],[-89.976196,29.588562999999997],[-89.97599,29.588001],[-89.976173,29.587487999999997],[-89.976829,29.586914],[-89.979064,29.585744],[-89.981155,29.584232999999998],[-89.981483,29.583266],[-89.981353,29.582119],[-89.980812,29.580154999999998],[-89.98101799999999,29.579283],[-89.98217,29.577983999999997],[-89.98454199999999,29.576553999999998],[-89.985862,29.575446],[-89.98606799999999,29.575007],[-89.985855,29.574389],[-89.985176,29.573680999999997],[-89.98374899999999,29.572916],[-89.983238,29.572440999999998],[-89.98280299999999,29.571237999999997],[-89.98252099999999,29.569100000000002],[-89.982635,29.567065],[-89.98589299999999,29.565110999999998],[-89.98763199999999,29.56357],[-89.98837999999999,29.562561],[-89.98870000000001,29.561704],[-89.9888,29.560525],[-89.988677,29.548892],[-89.987487,29.547394999999998],[-89.98692299999999,29.546297],[-89.98670899999999,29.544168],[-89.986358,29.543083],[-89.984878,29.540197],[-89.984893,29.539676],[-89.985641,29.538452],[-89.985832,29.537826],[-89.985694,29.537232999999997],[-89.985252,29.536678],[-89.984436,29.536264],[-89.98372599999999,29.5361],[-89.982666,29.536106],[-89.981697,29.536469999999998],[-89.98089499999999,29.537716999999997],[-89.980415,29.538043],[-89.979789,29.538031999999998],[-89.979385,29.537149],[-89.979568,29.535553999999998],[-89.979309,29.534381],[-89.97895,29.533642999999998],[-89.97895799999999,29.520462],[-89.979069,29.518683],[-89.979249,29.518182],[-89.979559,29.50572],[-89.979405,29.504844],[-89.979637,29.497718],[-89.97961099999999,29.485595999999997],[-89.977496,29.485619],[-89.97747,29.449371],[-89.973365,29.447150999999998],[-89.970794,29.445090999999998],[-89.965919,29.439262],[-89.96264599999999,29.434303],[-89.960914,29.430746],[-89.95562699999999,29.409595],[-89.95189599999999,29.393545],[-89.946517,29.375223],[-89.930686,29.335561],[-89.918807,29.320079],[-89.916358,29.312976],[-89.914428,29.308636999999997],[-89.91120099999999,29.303359],[-89.908721,29.29993],[-89.906283,29.297421999999997],[-89.904833,29.295448],[-89.903351,29.293837999999997],[-89.903739,29.293612999999997],[-89.905121,29.291871],[-89.90652999999999,29.290632],[-89.908615,29.289869],[-89.914154,29.286506],[-89.914211,29.285532],[-89.914551,29.284903999999997],[-89.91631199999999,29.283500999999998],[-89.91735299999999,29.282906999999998],[-89.91856399999999,29.283022],[-89.91913199999999,29.283451999999997],[-89.924385,29.28052],[-89.925643,29.280006999999998],[-89.926152,29.279563],[-89.931799,29.276761999999998],[-89.93477,29.275547],[-89.938304,29.272675999999997],[-89.93999,29.271625],[-89.941649,29.271134999999997]]]}},{"type":"Feature","properties":{"geoid":"22051027903","vintage":"2020","quintile":5,"score":78.8},"geometry":{"type":"Polygon","coordinates":[[[-90.19217599999999,29.55274],[-90.19187099999999,29.554240999999998],[-90.19217599999999,29.555937999999998],[-90.191772,29.557337999999998],[-90.190872,29.558836999999997],[-90.188377,29.561238999999997],[-90.18727799999999,29.56254],[-90.186172,29.563340999999998],[-90.182777,29.564944999999998],[-90.180076,29.565849],[-90.176277,29.566854],[-90.174684,29.567155999999997],[-90.17107999999999,29.567059999999998],[-90.17070000000001,29.56719],[-90.16601999999999,29.567252999999997],[-90.16181499999999,29.568222],[-90.158459,29.570031999999998],[-90.15776699999999,29.571543],[-90.157769,29.573660999999998],[-90.160546,29.575781],[-90.164526,29.577672],[-90.165145,29.57848],[-90.164644,29.579856999999997],[-90.162987,29.581737],[-90.15658599999999,29.585458],[-90.151725,29.587871],[-90.15133999999999,29.588373999999998],[-90.151342,29.590021],[-90.15196,29.591500999999997],[-90.153623,29.593486],[-90.15408699999999,29.59426],[-90.153855,29.594662999999997],[-90.15327599999999,29.595132],[-90.151541,29.596104999999998],[-90.151195,29.597011],[-90.151157,29.598558999999998],[-90.15189199999999,29.599635],[-90.153707,29.600613],[-90.155599,29.601253999999997],[-90.156256,29.601893999999998],[-90.156218,29.602532999999998],[-90.155524,29.60354],[-90.154753,29.604076],[-90.152208,29.606659999999998],[-90.15136,29.607969999999998],[-90.151168,29.609112],[-90.15190299999999,29.61019],[-90.153138,29.610191999999998],[-90.154296,29.609555],[-90.156263,29.608818999999997],[-90.157692,29.609426],[-90.15781,29.611207999999998],[-90.157232,29.612316999999997],[-90.157118,29.61356],[-90.157659,29.614469],[-90.16001899999999,29.616591999999997],[-90.16040799999999,29.618105999999997],[-90.161189,29.623424],[-90.161054,29.625207999999997],[-90.160401,29.629306],[-90.15965299999999,29.63274],[-90.159348,29.637392],[-90.15933299999999,29.640607],[-90.159768,29.643197999999998],[-90.16111699999999,29.64623],[-90.161125,29.647071],[-90.160583,29.649454],[-90.159103,29.653364],[-90.158378,29.654194999999998],[-90.156837,29.655303],[-90.15538,29.657428],[-90.155067,29.660186],[-90.15557,29.662200000000002],[-90.157882,29.666515],[-90.158012,29.669382],[-90.1576,29.672266999999998],[-90.155807,29.677529999999997],[-90.15884299999999,29.677553],[-90.161582,29.676838999999998],[-90.16418399999999,29.676935],[-90.165679,29.677830999999998],[-90.166687,29.67933],[-90.168281,29.681127],[-90.168281,29.681327],[-90.160629,29.684900000000003],[-90.159323,29.685361],[-90.156508,29.686905],[-90.15583,29.687493],[-90.155439,29.688081999999998],[-90.154581,29.691350999999997],[-90.153707,29.693182],[-90.15178,29.693914999999997],[-90.150545,29.693953999999998],[-90.14798599999999,29.694529],[-90.13441999999999,29.698012],[-90.117164,29.701926999999998],[-90.115478,29.697402],[-90.115539,29.694813999999997],[-90.114013,29.694654],[-90.11394299999999,29.693711],[-90.112799,29.689027],[-90.113704,29.68845],[-90.116006,29.686273],[-90.116796,29.685212],[-90.11770299999999,29.683743],[-90.120262,29.678137999999997],[-90.118759,29.677861999999998],[-90.11803599999999,29.677134],[-90.11798,29.676167999999997],[-90.11765199999999,29.675348999999997],[-90.117677,29.673534999999998],[-90.117391,29.673441],[-90.11612199999999,29.673935],[-90.11431999999999,29.673824],[-90.113902,29.673415],[-90.113517,29.672635999999997],[-90.113525,29.672241999999997],[-90.114719,29.671391],[-90.11467499999999,29.670665999999997],[-90.114314,29.669912999999998],[-90.11436499999999,29.669031999999998],[-90.11469199999999,29.668471999999998],[-90.114967,29.668483],[-90.115905,29.667258999999998],[-90.117752,29.667648],[-90.12276399999999,29.669259999999998],[-90.12405299999999,29.669127999999997],[-90.12722699999999,29.668115],[-90.127815,29.667766],[-90.128303,29.666947999999998],[-90.128738,29.665725],[-90.128677,29.665201],[-90.12456499999999,29.651007999999997],[-90.122428,29.647916],[-90.121856,29.647392],[-90.120803,29.646905],[-90.11917799999999,29.646704999999997],[-90.115325,29.64904],[-90.115303,29.648833999999997],[-90.108499,29.652794999999998],[-90.10852799999999,29.653032],[-90.10745999999999,29.653347],[-90.10455999999999,29.651149],[-90.101936,29.649772],[-90.099037,29.647527],[-90.09749599999999,29.645619999999997],[-90.096527,29.642539],[-90.09410799999999,29.643531],[-90.09307799999999,29.643649999999997],[-90.091949,29.643703],[-90.089309,29.643167],[-90.088157,29.643227999999997],[-90.087944,29.643614999999997],[-90.092193,29.652849],[-90.094841,29.66002],[-90.095924,29.6678],[-90.09586999999999,29.674761999999998],[-90.094039,29.681161],[-90.09078199999999,29.685487],[-90.084548,29.693154999999997],[-90.08415199999999,29.694430999999998],[-90.08382399999999,29.695967999999997],[-90.083534,29.701304999999998],[-90.08290099999999,29.705097],[-90.08193899999999,29.708281999999997],[-90.08024499999999,29.712394],[-90.079826,29.71446],[-90.080101,29.715633],[-90.08080199999999,29.716469999999997],[-90.082982,29.718055999999997],[-90.07723299999999,29.715930999999998],[-90.07431799999999,29.715244],[-90.07231999999999,29.714882],[-90.07032199999999,29.714882],[-90.068823,29.714557],[-90.066783,29.713725],[-90.064368,29.713362999999998],[-90.06266099999999,29.712892999999998],[-90.061037,29.713037999999997],[-90.060163,29.712820999999998],[-90.05741499999999,29.711375],[-90.05562499999999,29.710651],[-90.052877,29.710181],[-90.051795,29.710434],[-90.051503,29.711375],[-90.050921,29.712387],[-90.04885999999999,29.714565],[-90.04757599999999,29.715213],[-90.042434,29.70959],[-90.042129,29.709791],[-90.040634,29.707984],[-90.040634,29.707383999999998],[-90.040435,29.707283],[-90.040088,29.706356],[-90.03797399999999,29.699737],[-90.03448499999999,29.694284999999997],[-90.029518,29.687091],[-90.019896,29.678687999999998],[-90.015884,29.674412999999998],[-90.015855,29.673997999999997],[-90.01556699999999,29.673728999999998],[-90.010635,29.655123999999997],[-90.009902,29.65336],[-90.005507,29.637083999999998],[-90.003563,29.631259999999997],[-90.00236699999999,29.626106999999998],[-90.00244599999999,29.625874999999997],[-90.002304,29.625650999999998],[-90.00262099999999,29.625213],[-90.00251899999999,29.624264999999998],[-90.002201,29.623420999999997],[-90.00074,29.62231],[-90.000068,29.622294999999998],[-89.998319,29.622830999999998],[-89.997716,29.622742],[-89.996297,29.621805],[-89.99484799999999,29.621195],[-89.993451,29.621399],[-89.990583,29.622484],[-89.989278,29.622269],[-89.987546,29.621491],[-89.986425,29.620428],[-89.985235,29.618923],[-89.984533,29.617396],[-89.984487,29.61656],[-89.9848,29.616144],[-89.985845,29.615596999999998],[-89.98786199999999,29.614936999999998],[-89.988182,29.614499],[-89.988025,29.613847],[-89.98624799999999,29.612112999999997],[-89.98562199999999,29.610298999999998],[-89.985126,29.609519],[-89.98395099999999,29.608793],[-89.983066,29.608613],[-89.98115899999999,29.608659],[-89.980297,29.608037],[-89.980018,29.607581999999997],[-89.980133,29.606762999999997],[-89.980606,29.605749],[-89.983543,29.601823],[-89.98357299999999,29.600949999999997],[-89.983261,29.600315],[-89.98236,29.599629999999998],[-89.981201,29.599055999999997],[-89.980323,29.598329],[-89.979835,29.597413999999997],[-89.979743,29.596193],[-89.980148,29.595243],[-89.981826,29.592748],[-89.981201,29.588735],[-89.980796,29.587979999999998],[-89.98013999999999,29.58756],[-89.97927,29.587718],[-89.978279,29.588428],[-89.977279,29.588759999999997],[-89.976661,29.588756],[-89.976196,29.588562999999997],[-89.97599,29.588001],[-89.976173,29.587487999999997],[-89.976829,29.586914],[-89.979064,29.585744],[-89.981155,29.584232999999998],[-89.981483,29.583266],[-89.981353,29.582119],[-89.980812,29.580154999999998],[-89.98101799999999,29.579283],[-89.98217,29.577983999999997],[-89.98454199999999,29.576553999999998],[-89.985862,29.575446],[-89.98606799999999,29.575007],[-89.985855,29.574389],[-89.985176,29.573680999999997],[-89.98374899999999,29.572916],[-89.983238,29.572440999999998],[-89.98280299999999,29.571237999999997],[-89.98252099999999,29.569100000000002],[-89.982513,29.56777],[-89.982635,29.567065],[-89.98589299999999,29.565110999999998],[-89.987014,29.564207999999997],[-89.98837999999999,29.562561],[-89.98870000000001,29.561704],[-89.988708,29.549415],[-89.988677,29.548892],[-89.987487,29.547394999999998],[-89.98692299999999,29.546297],[-89.98670899999999,29.544168],[-89.986358,29.543083],[-89.984878,29.540197],[-89.984893,29.539676],[-89.985641,29.538452],[-89.985832,29.537826],[-89.985694,29.537232999999997],[-89.985252,29.536678],[-89.984436,29.536264],[-89.98372599999999,29.5361],[-89.982666,29.536106],[-89.981697,29.536469999999998],[-89.98089499999999,29.537716999999997],[-89.980415,29.538043],[-89.979789,29.538031999999998],[-89.979385,29.537149],[-89.979568,29.535553999999998],[-89.979309,29.534381],[-89.97895,29.533642999999998],[-89.97895799999999,29.520462],[-89.979069,29.518683],[-89.979249,29.518182],[-89.979559,29.50572],[-89.979405,29.504844],[-89.979637,29.497718],[-89.97961099999999,29.485595999999997],[-89.977496,29.485619],[-89.97747,29.449371],[-89.973365,29.447150999999998],[-89.970794,29.445090999999998],[-89.965919,29.439262],[-89.96264599999999,29.434303],[-89.960914,29.430746],[-89.95562699999999,29.409595],[-89.95189599999999,29.393545],[-89.946517,29.375223],[-89.930686,29.335561],[-89.918807,29.320079],[-89.916358,29.312976],[-89.914428,29.308636999999997],[-89.91120099999999,29.303359],[-89.908721,29.29993],[-89.906283,29.297421999999997],[-89.904833,29.295448],[-89.903351,29.293837999999997],[-89.903739,29.293612999999997],[-89.905121,29.291871],[-89.90652999999999,29.290632],[-89.908615,29.289869],[-89.914154,29.286506],[-89.914211,29.285532],[-89.914551,29.284903999999997],[-89.91631199999999,29.283500999999998],[-89.91735299999999,29.282906999999998],[-89.91856399999999,29.283022],[-89.91913199999999,29.283451999999997],[-89.924385,29.28052],[-89.925643,29.280006999999998],[-89.926152,29.279563],[-89.931799,29.276761999999998],[-89.93477,29.275547],[-89.938304,29.272675999999997],[-89.93999,29.271625],[-89.941649,29.271134999999997],[-89.94326,29.271054],[-89.94614,29.271435999999998],[-89.94779899999999,29.268983],[-89.945388,29.266098999999997],[-89.945465,29.261083],[-89.949691,29.255868],[-89.956192,29.249122],[-89.97136599999999,29.240907],[-89.99673399999999,29.229008999999998],[-89.996887,29.228465999999997],[-89.99885499999999,29.226955],[-90.006401,29.222932],[-90.014518,29.217983],[-90.030014,29.206832],[-90.032476,29.204759],[-90.03512599999999,29.201845],[-90.037555,29.199724999999997],[-90.03953399999999,29.197604],[-90.04352899999999,29.191684],[-90.044972,29.190407999999998],[-90.04663699999999,29.188307],[-90.048053,29.187188],[-90.051547,29.185033999999998],[-90.05619899999999,29.182838],[-90.074078,29.173439],[-90.078032,29.170723],[-90.079336,29.169307],[-90.08028999999999,29.168529999999997],[-90.082929,29.167168999999998],[-90.08331,29.166448],[-90.084137,29.165615],[-90.08528199999999,29.165032],[-90.085695,29.164503999999997],[-90.088723,29.162622],[-90.089934,29.164113999999998],[-90.089337,29.16577],[-90.088788,29.165917],[-90.088914,29.166276],[-90.088448,29.16837],[-90.087509,29.170966999999997],[-90.086788,29.172355],[-90.08636399999999,29.172849],[-90.086406,29.17379],[-90.086148,29.174377],[-90.08689299999999,29.175563],[-90.086956,29.177242],[-90.087769,29.178732999999998],[-90.08863699999999,29.179458999999998],[-90.090454,29.18055],[-90.090468,29.180918],[-90.08999399999999,29.181659],[-90.08932899999999,29.182169],[-90.08622,29.183161],[-90.084853,29.184641],[-90.085365,29.185734],[-90.086551,29.186843],[-90.08641999999999,29.187261999999997],[-90.08572199999999,29.187728999999997],[-90.083801,29.188146],[-90.083377,29.188385],[-90.083052,29.189027],[-90.082925,29.190413],[-90.082708,29.19099],[-90.081846,29.19195],[-90.08076299999999,29.192826999999998],[-90.07817,29.194398],[-90.077072,29.194813999999997],[-90.07547199999999,29.196569999999998],[-90.073736,29.196413],[-90.072328,29.197391999999997],[-90.071978,29.197916],[-90.071512,29.199575],[-90.070538,29.200810999999998],[-90.06823899999999,29.202154999999998],[-90.066788,29.203225],[-90.06599,29.203583],[-90.064454,29.203498],[-90.064044,29.203856],[-90.06302199999999,29.204207999999998],[-90.061953,29.205195],[-90.061922,29.205655],[-90.06212,29.205821999999998],[-90.062545,29.205585],[-90.06315599999999,29.205586],[-90.063462,29.206111],[-90.06371299999999,29.207233],[-90.063499,29.208595],[-90.063636,29.209726999999997],[-90.06353299999999,29.210580999999998],[-90.06308299999999,29.211942999999998],[-90.061588,29.215073999999998],[-90.060028,29.218946],[-90.05826499999999,29.224826],[-90.056854,29.228838999999997],[-90.056045,29.230382],[-90.054756,29.232246],[-90.0494,29.238792],[-90.047355,29.241588],[-90.042816,29.248849],[-90.042121,29.250235999999997],[-90.040184,29.253],[-90.033767,29.260896],[-90.032348,29.263336],[-90.03085999999999,29.267538],[-90.029251,29.269288999999997],[-90.026313,29.270474999999998],[-90.020431,29.272247],[-90.015869,29.274006999999997],[-90.01426599999999,29.275342],[-90.009796,29.282545],[-90.00771999999999,29.285348],[-90.00540099999999,29.287817999999998],[-90.003509,29.290172],[-90.000068,29.294912],[-89.999572,29.295876999999997],[-89.999061,29.297808999999997],[-89.998947,29.299194],[-89.999259,29.301527999999998],[-90.000419,29.303731],[-90.00154099999999,29.307176],[-90.003349,29.310392],[-90.00645399999999,29.313377],[-90.010055,29.315334],[-90.01525099999999,29.317642],[-90.021041,29.320736999999998],[-90.024436,29.323226],[-90.027847,29.326829],[-90.02937999999999,29.329297999999998],[-90.030189,29.332071],[-90.030075,29.334889999999998],[-90.029708,29.337923999999997],[-90.02964,29.341120999999998],[-90.030334,29.344758],[-90.031234,29.347109999999997],[-90.033256,29.348941],[-90.03530099999999,29.350168],[-90.035713,29.350914],[-90.03585,29.352375],[-90.03508699999999,29.356455999999998],[-90.03514,29.357805],[-90.036041,29.360629999999997],[-90.03639199999999,29.363705999999997],[-90.03613999999999,29.365952999999998],[-90.03542999999999,29.368233999999998],[-90.033935,29.370468],[-90.032196,29.372486],[-90.030647,29.375245999999997],[-90.02939599999999,29.377021],[-90.028633,29.379417],[-90.029129,29.382234],[-90.030532,29.383663],[-90.03094399999999,29.384452],[-90.02909799999999,29.387514],[-90.030181,29.389383],[-90.033294,29.393278],[-90.02506199999999,29.413286],[-90.020622,29.428461],[-90.02231499999999,29.43115],[-90.029212,29.431879],[-90.037551,29.436344],[-90.04208299999999,29.443426],[-90.042037,29.44588],[-90.040718,29.44663],[-90.037376,29.447832],[-90.037887,29.448798999999998],[-90.04087799999999,29.450273],[-90.04293799999999,29.452302],[-90.048637,29.455244999999998],[-90.048294,29.45659],[-90.04744699999999,29.458568],[-90.047615,29.460447],[-90.049041,29.461523],[-90.051338,29.461771],[-90.054237,29.461496],[-90.061424,29.459156999999998],[-90.062698,29.459194],[-90.069458,29.461357],[-90.074913,29.465125999999998],[-90.078155,29.466133],[-90.080467,29.465915],[-90.085853,29.462502999999998],[-90.088668,29.461729],[-90.09518399999999,29.461420999999998],[-90.114128,29.465684],[-90.124984,29.470207],[-90.13518499999999,29.476049],[-90.13750399999999,29.477162999999997],[-90.138908,29.479169],[-90.140197,29.481741999999997],[-90.141731,29.488214],[-90.142303,29.491539],[-90.143371,29.494757999999997],[-90.14448499999999,29.497373],[-90.146041,29.500231999999997],[-90.14633099999999,29.500335],[-90.14643,29.500736],[-90.147933,29.501945],[-90.150627,29.504759999999997],[-90.15132899999999,29.505865],[-90.15542599999999,29.510482],[-90.157432,29.513590999999998],[-90.15903399999999,29.515396],[-90.159835,29.516498],[-90.16113999999999,29.518800000000002],[-90.163146,29.521303],[-90.164649,29.523504],[-90.16645799999999,29.526504],[-90.16746499999999,29.529003],[-90.16927299999999,29.532701],[-90.170181,29.535698999999997],[-90.170082,29.536499],[-90.17098899999999,29.538997],[-90.172203,29.541196],[-90.17420899999999,29.542892],[-90.17701699999999,29.543885999999997],[-90.17912199999999,29.544382],[-90.182632,29.544673],[-90.18614099999999,29.545665],[-90.187545,29.546360999999997],[-90.18974999999999,29.548156],[-90.191963,29.551744],[-90.19217599999999,29.55274]]]}},{"type":"Feature","properties":{"geoid":"22051027904","vintage":"2020","quintile":5,"score":76.3},"geometry":{"type":"Polygon","coordinates":[[[-90.228157,29.692027999999997],[-90.211288,29.730504],[-90.157394,29.738304999999997],[-90.156165,29.738642],[-90.151832,29.740955],[-90.15128299999999,29.741073],[-90.145332,29.740641999999998],[-90.14183799999999,29.740163],[-90.141052,29.740309999999997],[-90.13922099999999,29.741708],[-90.13834299999999,29.742696],[-90.13699299999999,29.745998],[-90.136619,29.747380999999997],[-90.13651999999999,29.747940999999997],[-90.13668799999999,29.749059],[-90.135879,29.752267],[-90.134185,29.754514],[-90.13188099999999,29.756731],[-90.128585,29.758543],[-90.12490799999999,29.75966],[-90.11709499999999,29.761159],[-90.11028999999999,29.761552],[-90.109481,29.761953],[-90.102493,29.761909],[-90.093475,29.762575],[-90.091079,29.762994],[-90.08634099999999,29.764765999999998],[-90.084648,29.765859],[-90.081199,29.768604],[-90.075683,29.771849999999997],[-90.065727,29.75311],[-90.066302,29.75],[-90.067331,29.738878999999997],[-90.062179,29.731009],[-90.04757599999999,29.715213],[-90.04885999999999,29.714565],[-90.050921,29.712387],[-90.051503,29.711375],[-90.051795,29.710434],[-90.052877,29.710181],[-90.05562499999999,29.710651],[-90.05741499999999,29.711375],[-90.060163,29.712820999999998],[-90.061037,29.713037999999997],[-90.06266099999999,29.712892999999998],[-90.064368,29.713362999999998],[-90.066783,29.713725],[-90.068823,29.714557],[-90.07032199999999,29.714882],[-90.07231999999999,29.714882],[-90.07431799999999,29.715244],[-90.07723299999999,29.715930999999998],[-90.082982,29.718055999999997],[-90.08080199999999,29.716469999999997],[-90.080101,29.715633],[-90.079826,29.71446],[-90.08024499999999,29.712394],[-90.08193899999999,29.708281999999997],[-90.08290099999999,29.705097],[-90.083534,29.701304999999998],[-90.08382399999999,29.695967999999997],[-90.08415199999999,29.694430999999998],[-90.084548,29.693154999999997],[-90.09078199999999,29.685487],[-90.094039,29.681161],[-90.09586999999999,29.674761999999998],[-90.095924,29.6678],[-90.094841,29.66002],[-90.092193,29.652849],[-90.087944,29.643614999999997],[-90.088157,29.643227999999997],[-90.089309,29.643167],[-90.091949,29.643703],[-90.09307799999999,29.643649999999997],[-90.09410799999999,29.643531],[-90.096527,29.642539],[-90.09749599999999,29.645619999999997],[-90.099037,29.647527],[-90.101936,29.649772],[-90.10455999999999,29.651149],[-90.10745999999999,29.653347],[-90.10852799999999,29.653032],[-90.108499,29.652794999999998],[-90.115303,29.648833999999997],[-90.115325,29.64904],[-90.11917799999999,29.646704999999997],[-90.120803,29.646905],[-90.121856,29.647392],[-90.122428,29.647916],[-90.12456499999999,29.651007999999997],[-90.128677,29.665201],[-90.128738,29.665725],[-90.128303,29.666947999999998],[-90.127815,29.667766],[-90.12722699999999,29.668115],[-90.12405299999999,29.669127999999997],[-90.12276399999999,29.669259999999998],[-90.117752,29.667648],[-90.115905,29.667258999999998],[-90.114967,29.668483],[-90.11469199999999,29.668471999999998],[-90.11436499999999,29.669031999999998],[-90.114314,29.669912999999998],[-90.11467499999999,29.670665999999997],[-90.114719,29.671391],[-90.113525,29.672241999999997],[-90.113517,29.672635999999997],[-90.113902,29.673415],[-90.11431999999999,29.673824],[-90.11612199999999,29.673935],[-90.117391,29.673441],[-90.117677,29.673534999999998],[-90.11765199999999,29.675348999999997],[-90.11798,29.676167999999997],[-90.11803599999999,29.677134],[-90.118759,29.677861999999998],[-90.120262,29.678137999999997],[-90.11770299999999,29.683743],[-90.116796,29.685212],[-90.116006,29.686273],[-90.113704,29.68845],[-90.112799,29.689027],[-90.11394299999999,29.693711],[-90.114013,29.694654],[-90.115539,29.694813999999997],[-90.115478,29.697402],[-90.117019,29.701369999999997],[-90.117012,29.701677],[-90.11725299999999,29.701960999999997],[-90.13441999999999,29.698012],[-90.14798599999999,29.694529],[-90.150545,29.693953999999998],[-90.15178,29.693914999999997],[-90.153707,29.693182],[-90.154581,29.691350999999997],[-90.155439,29.688081999999998],[-90.15583,29.687493],[-90.156508,29.686905],[-90.159323,29.685361],[-90.160629,29.684900000000003],[-90.168281,29.681327],[-90.169181,29.682724999999998],[-90.169685,29.683225],[-90.17038699999999,29.683522999999997],[-90.17148499999999,29.683622],[-90.172485,29.68332],[-90.17598699999999,29.683116],[-90.179191,29.682513999999998],[-90.180382,29.682114],[-90.183486,29.680614],[-90.18489,29.680912],[-90.186386,29.680912],[-90.187294,29.681312],[-90.18798799999999,29.681911],[-90.19009299999999,29.684607999999997],[-90.190795,29.685108],[-90.192495,29.686805999999997],[-90.193195,29.688105999999998],[-90.193394,29.689505999999998],[-90.194194,29.690205],[-90.19519799999999,29.690504999999998],[-90.19569299999999,29.690105],[-90.19659399999999,29.689705999999997],[-90.197593,29.689805],[-90.198796,29.689701999999997],[-90.199691,29.688907],[-90.20039299999999,29.688506999999998],[-90.201087,29.688506999999998],[-90.20268999999999,29.689505999999998],[-90.20259,29.691606],[-90.226074,29.691813999999997],[-90.228157,29.692027999999997]]]}},{"type":"Feature","properties":{"geoid":"22051028000","vintage":"2010","quintile":5,"score":73.9},"geometry":{"type":"Polygon","coordinates":[[[-90.10125699999999,29.812793],[-90.113677,29.805861999999998],[-90.114768,29.805678999999998],[-90.11807999999999,29.803545999999997],[-90.121803,29.79997],[-90.12248199999999,29.798629],[-90.122627,29.797096],[-90.121383,29.794165999999997],[-90.11404399999999,29.786095999999997],[-90.11052699999999,29.782928],[-90.101066,29.778795],[-90.089462,29.777015],[-90.08568199999999,29.775667],[-90.08273299999999,29.773868],[-90.081192,29.772100000000002],[-90.08112899999999,29.771731],[-90.081424,29.771174],[-90.08135899999999,29.768473999999998],[-90.084648,29.765859],[-90.08634099999999,29.764765999999998],[-90.08814199999999,29.76402],[-90.091079,29.762994],[-90.093475,29.762575],[-90.102493,29.761909],[-90.109481,29.761953],[-90.11028999999999,29.761552],[-90.11709499999999,29.761159],[-90.12490799999999,29.75966],[-90.128585,29.758543],[-90.13188099999999,29.756731],[-90.134185,29.754514],[-90.135879,29.752267],[-90.13668799999999,29.749059],[-90.13651999999999,29.747940999999997],[-90.13580999999999,29.745489],[-90.134918,29.74356],[-90.134284,29.742676999999997],[-90.13922099999999,29.741708],[-90.141052,29.740309999999997],[-90.14183799999999,29.740163],[-90.145332,29.740641999999998],[-90.15128299999999,29.741073],[-90.151832,29.740955],[-90.156165,29.738642],[-90.157394,29.738304999999997],[-90.211288,29.730504],[-90.20234599999999,29.750669],[-90.172508,29.804216],[-90.17208,29.804648999999998],[-90.16976299999999,29.80595],[-90.169479,29.806388],[-90.169288,29.80738],[-90.170692,29.811548],[-90.17094399999999,29.813433999999997],[-90.170654,29.814148999999997],[-90.168472,29.815845],[-90.167594,29.816779999999998],[-90.16729699999999,29.817407],[-90.16727399999999,29.818459999999998],[-90.167732,29.819426999999997],[-90.168724,29.820497],[-90.170104,29.82164],[-90.17225599999999,29.824696999999997],[-90.173034,29.826438],[-90.17320199999999,29.827524],[-90.17134399999999,29.827382],[-90.167479,29.827897],[-90.166313,29.828971],[-90.16510000000001,29.83122],[-90.164817,29.832182999999997],[-90.164901,29.833046999999997],[-90.166618,29.836315],[-90.16783099999999,29.840549],[-90.167312,29.840494],[-90.164535,29.841116999999997],[-90.161924,29.842681],[-90.161327,29.842432],[-90.16085199999999,29.842046],[-90.160522,29.841397999999998],[-90.16007499999999,29.841223],[-90.15940599999999,29.841790999999997],[-90.159217,29.842233],[-90.15863,29.842071999999998],[-90.15842099999999,29.84234],[-90.15790299999999,29.842533],[-90.15746299999999,29.842316999999998],[-90.156939,29.843449],[-90.15633299999999,29.843754999999998],[-90.156494,29.843849],[-90.126584,29.854791],[-90.120155,29.855182],[-90.121152,29.854315999999997],[-90.121318,29.854000000000003],[-90.122413,29.850081999999997],[-90.122642,29.849497999999997],[-90.123176,29.848829],[-90.11801899999999,29.848636],[-90.117744,29.847644],[-90.117324,29.847531999999998],[-90.11910999999999,29.845910999999997],[-90.119804,29.843967],[-90.119873,29.843200000000003],[-90.11965099999999,29.842406999999998],[-90.11817099999999,29.840626999999998],[-90.116485,29.838151],[-90.11604299999999,29.83793],[-90.113975,29.835628],[-90.11160199999999,29.832231],[-90.10992399999999,29.829459999999997],[-90.10494899999999,29.822924999999998],[-90.10337799999999,29.821378],[-90.102638,29.820085],[-90.10097499999999,29.818023],[-90.10028,29.815793],[-90.100257,29.81541],[-90.100791,29.813475999999998],[-90.10125699999999,29.812793]]]}},{"type":"Feature","properties":{"geoid":"22051028100","vintage":"2010","quintile":2,"score":47.8},"geometry":{"type":"Polygon","coordinates":[[[-90.23671499999999,29.979385999999998],[-90.240501,29.965255],[-90.248558,29.968517],[-90.250061,29.969347],[-90.257797,29.969842],[-90.264274,29.969632999999998],[-90.276016,29.968784],[-90.279533,29.967971],[-90.28029599999999,29.972617999999997],[-90.28004399999999,29.977075],[-90.27606899999999,29.978116],[-90.273939,29.978417999999998],[-90.264427,29.979142999999997],[-90.26177899999999,29.978475],[-90.259017,29.977992999999998],[-90.257438,29.978009999999998],[-90.25722499999999,29.977724],[-90.25621699999999,29.977739],[-90.253402,29.977005],[-90.250396,29.976509],[-90.244598,29.976013],[-90.24349199999999,29.979806],[-90.23671499999999,29.979385999999998]]]}},{"type":"Feature","properties":{"geoid":"22051028200","vintage":"2010","quintile":2,"score":51.4},"geometry":{"type":"Polygon","coordinates":[[[-90.132474,29.913005],[-90.12737399999999,29.911005],[-90.128303,29.908489],[-90.128479,29.907156999999998],[-90.128936,29.906864],[-90.129646,29.905012],[-90.135871,29.906582999999998],[-90.143791,29.909602999999997],[-90.14389,29.909430999999998],[-90.15184699999999,29.912391],[-90.155525,29.913352],[-90.19191699999999,29.91751],[-90.208152,29.918402999999998],[-90.207664,29.919641],[-90.207717,29.920254999999997],[-90.20642,29.923119999999997],[-90.197341,29.924764],[-90.184158,29.931856],[-90.181953,29.933263],[-90.169303,29.94419],[-90.164344,29.948877],[-90.15716499999999,29.953944999999997],[-90.156066,29.954456],[-90.150672,29.956068],[-90.144182,29.953948999999998],[-90.140074,29.947903999999998],[-90.13897399999999,29.938404],[-90.139274,29.924903999999998],[-90.13857399999999,29.918805],[-90.132474,29.913005]]]}},{"type":"Feature","properties":{"geoid":"22051028300","vintage":"2020","quintile":2,"score":46.2},"geometry":{"type":"Polygon","coordinates":[[[-90.280281,29.972944],[-90.28010499999999,29.978482],[-90.280057,29.991705999999997],[-90.27940199999999,29.991408],[-90.278297,29.990495],[-90.267005,29.982822],[-90.264434,29.983414999999997],[-90.26278599999999,29.983508999999998],[-90.245666,29.980012],[-90.23671499999999,29.979385999999998],[-90.238624,29.971746],[-90.240501,29.965255],[-90.248558,29.968517],[-90.250061,29.969347],[-90.257797,29.969842],[-90.264274,29.969632999999998],[-90.276016,29.968784],[-90.279533,29.967971],[-90.280281,29.972944]]]}},{"type":"Feature","properties":{"geoid":"22051028400","vintage":"2020","quintile":4,"score":59.4},"geometry":{"type":"Polygon","coordinates":[[[-90.1763,29.993596999999998],[-90.157625,29.992247],[-90.158035,29.982135],[-90.161509,29.982270999999997],[-90.161514,29.982124],[-90.16426799999999,29.982156],[-90.16523699999999,29.981745999999998],[-90.17465899999999,29.982395],[-90.1763,29.993596999999998]]]}},{"type":"Feature","properties":{"geoid":"22051028500","vintage":"2020","quintile":3,"score":58.0},"geometry":{"type":"Polygon","coordinates":[[[-90.137969,30.001689],[-90.13738599999999,30.013648999999997],[-90.12574,30.013185],[-90.126609,30.000792999999998],[-90.12761599999999,30.001223999999997],[-90.12853199999999,30.001405],[-90.137969,30.001689]]]}},{"type":"Feature","properties":{"geoid":"22051028600","vintage":"2020","quintile":1,"score":38.8},"geometry":{"type":"Polygon","coordinates":[[[-90.149688,29.997085],[-90.149436,30.002644999999998],[-90.145645,30.001967999999998],[-90.12853199999999,30.001405],[-90.12705199999999,30.001016],[-90.12467099999999,29.999810999999998],[-90.122957,30.000071],[-90.12335399999999,29.995777999999998],[-90.124656,29.995973],[-90.132179,29.996377],[-90.149688,29.997085]]]}},{"type":"Feature","properties":{"geoid":"22051028700","vintage":"2020","quintile":2,"score":51.2},"geometry":{"type":"Polygon","coordinates":[[[-90.137115,30.019869999999997],[-90.13703699999999,30.021171],[-90.128749,30.021316],[-90.126859,30.02441],[-90.123297,30.025133999999998],[-90.120691,30.025168999999998],[-90.120908,30.024881999999998],[-90.120959,30.021974999999998],[-90.122957,30.000071],[-90.12467099999999,29.999810999999998],[-90.126609,30.000792999999998],[-90.12574,30.013071999999998],[-90.125816,30.018217],[-90.128349,30.018193999999998],[-90.128361,30.019845999999998],[-90.128669,30.019702],[-90.129499,30.019883],[-90.13478599999999,30.019741999999997],[-90.137115,30.019869999999997]]]}},{"type":"Feature","properties":{"geoid":"22051028800","vintage":"2020","quintile":4,"score":64.0},"geometry":{"type":"Polygon","coordinates":[[[-90.164498,29.997684999999997],[-90.145949,29.996948],[-90.146247,29.991539999999997],[-90.164468,29.992814],[-90.164498,29.997684999999997]]]}},{"type":"Feature","properties":{"geoid":"22051028900","vintage":"2020","quintile":1,"score":41.3},"geometry":{"type":"Polygon","coordinates":[[[-90.212257,29.977897],[-90.17721499999999,29.975476999999998],[-90.16064399999999,29.975037999999998],[-90.16046899999999,29.978241999999998],[-90.158172,29.97817],[-90.157625,29.992247],[-90.15298399999999,29.992008],[-90.15231999999999,29.991885999999997],[-90.152847,29.978949999999998],[-90.151924,29.979854],[-90.15206099999999,29.974394999999998],[-90.143188,29.973535],[-90.129645,29.972614],[-90.12583099999999,29.972203999999998],[-90.126559,29.970264999999998],[-90.127662,29.968342999999997],[-90.173912,29.971404999999997],[-90.173797,29.970751999999997],[-90.179242,29.968408999999998],[-90.18072599999999,29.968093999999997],[-90.196083,29.968958999999998],[-90.19715099999999,29.968877],[-90.19989699999999,29.968],[-90.201202,29.967916],[-90.20455899999999,29.968629],[-90.20461999999999,29.971784],[-90.205215,29.972929999999998],[-90.20590899999999,29.973478],[-90.210601,29.973796],[-90.212257,29.977897]]]}},{"type":"Feature","properties":{"geoid":"22051029000","vintage":"2020","quintile":1,"score":34.4},"geometry":{"type":"Polygon","coordinates":[[[-90.188735,29.983341],[-90.17027999999999,29.982111999999997],[-90.169471,29.975293999999998],[-90.17721499999999,29.975476999999998],[-90.18607999999999,29.976024],[-90.188735,29.983341]]]}},{"type":"Feature","properties":{"geoid":"22051029100","vintage":"2020","quintile":3,"score":56.7},"geometry":{"type":"Polygon","coordinates":[[[-90.214851,29.985021],[-90.188735,29.983341],[-90.18607999999999,29.976024],[-90.212257,29.977897],[-90.214851,29.985021]]]}},{"type":"Feature","properties":{"geoid":"22051029200","vintage":"2020","quintile":1,"score":32.2},"geometry":{"type":"Polygon","coordinates":[[[-90.152847,29.978949999999998],[-90.152328,29.991961999999997],[-90.146247,29.991539999999997],[-90.145949,29.996948],[-90.138268,29.996648999999998],[-90.13874799999999,29.987917999999997],[-90.138099,29.987928],[-90.139298,29.98724],[-90.14085299999999,29.986604],[-90.147216,29.984835999999998],[-90.148521,29.983922],[-90.14965,29.982802999999997],[-90.15130599999999,29.980546],[-90.152847,29.978949999999998]]]}},{"type":"Feature","properties":{"geoid":"22051029300","vintage":"2020","quintile":1,"score":39.2},"geometry":{"type":"Polygon","coordinates":[[[-90.13874799999999,29.987917999999997],[-90.138268,29.996648999999998],[-90.12662499999999,29.996097],[-90.12335399999999,29.995777999999998],[-90.124662,29.979253],[-90.125327,29.979411],[-90.12744099999999,29.981171999999997],[-90.128967,29.984519],[-90.129547,29.986386999999997],[-90.1305,29.987593999999998],[-90.132041,29.988795999999997],[-90.134231,29.989203999999997],[-90.135083,29.989167],[-90.136482,29.988806999999998],[-90.138099,29.987928],[-90.13874799999999,29.987917999999997]]]}},{"type":"Feature","properties":{"geoid":"22051029400","vintage":"2020","quintile":4,"score":60.9},"geometry":{"type":"Polygon","coordinates":[[[-90.154426,30.018682],[-90.154347,30.019547],[-90.151624,30.019133999999998],[-90.146051,30.019216],[-90.14556499999999,30.018891999999997],[-90.14546899999999,30.017602],[-90.145353,30.018321999999998],[-90.14426399999999,30.018373],[-90.14437799999999,30.015940999999998],[-90.143249,30.015898999999997],[-90.143119,30.018162999999998],[-90.14192899999999,30.018103999999997],[-90.141888,30.019243],[-90.142084,30.019506],[-90.142524,30.019622],[-90.14246299999999,30.019738999999998],[-90.129499,30.019883],[-90.128669,30.019702],[-90.128361,30.019845999999998],[-90.128349,30.018193999999998],[-90.125816,30.018217],[-90.12574,30.013185],[-90.14393799999999,30.013918999999998],[-90.14600899999999,30.013669999999998],[-90.15048999999999,30.013911],[-90.151641,30.014284],[-90.151451,30.018397999999998],[-90.151888,30.018632999999998],[-90.154426,30.018682]]]}},{"type":"Feature","properties":{"geoid":"22051029500","vintage":"2020","quintile":1,"score":38.9},"geometry":{"type":"Polygon","coordinates":[[[-90.15199199999999,30.005053999999998],[-90.151657,30.013809],[-90.150596,30.013766999999998],[-90.15048999999999,30.013911],[-90.14600899999999,30.013669999999998],[-90.14393799999999,30.013918999999998],[-90.13738599999999,30.013648999999997],[-90.137969,30.001689],[-90.145645,30.001967999999998],[-90.14920000000001,30.002623999999997],[-90.150566,30.002720999999998],[-90.150505,30.003155999999997],[-90.151268,30.003207999999997],[-90.15119899999999,30.005025],[-90.15199199999999,30.005053999999998]]]}},{"type":"Feature","properties":{"geoid":"22051029600","vintage":"2020","quintile":5,"score":68.6},"geometry":{"type":"Polygon","coordinates":[[[-90.177032,29.998455],[-90.164498,29.997684999999997],[-90.164468,29.992814],[-90.17624599999999,29.993572],[-90.177032,29.998455]]]}},{"type":"Feature","properties":{"geoid":"22051029700","vintage":"2020","quintile":4,"score":60.9},"geometry":{"type":"Polygon","coordinates":[[[-90.177955,30.004452999999998],[-90.164543,30.003601],[-90.164498,29.997684999999997],[-90.177032,29.998455],[-90.177955,30.004452999999998]]]}},{"type":"Feature","properties":{"geoid":"22051029800","vintage":"2020","quintile":4,"score":59.7},"geometry":{"type":"Polygon","coordinates":[[[-90.20862199999999,30.00518],[-90.204917,30.005853],[-90.202636,30.005997999999998],[-90.177955,30.004452999999998],[-90.177032,29.998455],[-90.195617,29.999630999999997],[-90.198005,29.999993999999997],[-90.200553,30.000712999999998],[-90.203018,30.001776999999997],[-90.20862199999999,30.00518]]]}},{"type":"Feature","properties":{"geoid":"22051029900","vintage":"2020","quintile":4,"score":60.7},"geometry":{"type":"Polygon","coordinates":[[[-90.193092,29.995732999999998],[-90.19253499999999,29.997615],[-90.193069,29.9995],[-90.177032,29.998455],[-90.1763,29.993596999999998],[-90.192863,29.994625],[-90.193092,29.995732999999998]]]}},{"type":"Feature","properties":{"geoid":"22051030000","vintage":"2020","quintile":1,"score":31.2},"geometry":{"type":"Polygon","coordinates":[[[-90.17027999999999,29.982111999999997],[-90.16523699999999,29.981745999999998],[-90.16426799999999,29.982156],[-90.161514,29.982124],[-90.161509,29.982270999999997],[-90.158035,29.982135],[-90.158172,29.97817],[-90.16046899999999,29.978241999999998],[-90.16064399999999,29.975037999999998],[-90.169471,29.975293999999998],[-90.17027999999999,29.982111999999997]]]}},{"type":"Feature","properties":{"geoid":"22051030100","vintage":"2020","quintile":3,"score":58.1},"geometry":{"type":"Polygon","coordinates":[[[-90.19871499999999,30.017104999999997],[-90.179632,30.015808999999997],[-90.177955,30.004452999999998],[-90.195045,30.005551999999998],[-90.19871499999999,30.017104999999997]]]}},{"type":"Feature","properties":{"geoid":"22051030200","vintage":"2020","quintile":4,"score":61.4},"geometry":{"type":"Polygon","coordinates":[[[-90.213591,30.018124],[-90.19871499999999,30.017104999999997],[-90.195045,30.005551999999998],[-90.202636,30.005997999999998],[-90.204917,30.005853],[-90.20862199999999,30.00518],[-90.211242,30.006733999999998],[-90.20960199999999,30.006738],[-90.209533,30.007075999999998],[-90.213591,30.018124]]]}},{"type":"Feature","properties":{"geoid":"22051030300","vintage":"2020","quintile":2,"score":51.4},"geometry":{"type":"Polygon","coordinates":[[[-90.164543,30.003601],[-90.15942299999999,30.003270999999998],[-90.15897,30.01445],[-90.160202,30.014516],[-90.159988,30.019788],[-90.160038,30.022406],[-90.157448,30.022185],[-90.156047,30.022344],[-90.155189,30.023708],[-90.154701,30.02415],[-90.153621,30.024274],[-90.15275,30.0241],[-90.150374,30.021271],[-90.146396,30.021349999999998],[-90.14512099999999,30.021939999999997],[-90.143338,30.023678999999998],[-90.138717,30.023729999999997],[-90.13703699999999,30.021171],[-90.137118,30.019783],[-90.142494,30.019720999999997],[-90.141888,30.019243],[-90.14192899999999,30.018103999999997],[-90.143119,30.018162999999998],[-90.143249,30.015898999999997],[-90.14437799999999,30.015940999999998],[-90.14426399999999,30.018373],[-90.145353,30.018321999999998],[-90.14546899999999,30.017602],[-90.14556499999999,30.018891999999997],[-90.146051,30.019216],[-90.151624,30.019133999999998],[-90.154347,30.019547],[-90.154426,30.018682],[-90.151888,30.018632999999998],[-90.151451,30.018397999999998],[-90.151641,30.014284],[-90.15048999999999,30.013911],[-90.150596,30.013766999999998],[-90.151657,30.013809],[-90.15199199999999,30.005053999999998],[-90.15119899999999,30.005025],[-90.151268,30.003207999999997],[-90.150505,30.003155999999997],[-90.150566,30.002720999999998],[-90.149436,30.002644999999998],[-90.149688,29.997085],[-90.164498,29.997684999999997],[-90.164543,30.003601]]]}},{"type":"Feature","properties":{"geoid":"22051980000","vintage":"2010","quintile":3,"score":57.5},"geometry":{"type":"Polygon","coordinates":[[[-90.267005,29.982822],[-90.27940199999999,29.991408],[-90.280057,29.991705999999997],[-90.280143,29.992744],[-90.279865,29.99802],[-90.279403,29.998001],[-90.279303,29.998129],[-90.279246,29.999057999999998],[-90.277474,29.999029],[-90.277445,29.998534],[-90.27650299999999,29.998483999999998],[-90.276438,29.99824],[-90.274504,29.998206],[-90.274479,29.997704],[-90.273119,29.997329999999998],[-90.26809899999999,29.997099],[-90.26814499999999,29.996592],[-90.267183,29.996223999999998],[-90.266296,29.996146999999997],[-90.26618099999999,29.996216999999998],[-90.265892,29.999792],[-90.265693,29.999851],[-90.259518,29.998403],[-90.259439,29.997882999999998],[-90.253596,29.996478],[-90.25275099999999,29.996406999999998],[-90.250759,29.997277999999998],[-90.250394,29.997622],[-90.24924899999999,30.002015999999998],[-90.24782599999999,30.002162],[-90.247548,30.00311],[-90.246978,30.003797],[-90.24701999999999,30.004341999999998],[-90.247192,30.004334999999998],[-90.24720599999999,30.004647],[-90.246365,30.004713],[-90.24648599999999,30.006693],[-90.244438,30.006579],[-90.244282,30.006335],[-90.244113,30.006361],[-90.244407,30.006777999999997],[-90.243301,30.006708],[-90.244056,30.003],[-90.247688,29.991573],[-90.248565,29.9873],[-90.249183,29.986376999999997],[-90.25055599999999,29.982103],[-90.25074,29.981719],[-90.251144,29.981437],[-90.25112899999999,29.981144999999998],[-90.26278599999999,29.983508999999998],[-90.264434,29.983414999999997],[-90.267005,29.982822]]]}},{"type":"Feature","properties":{"geoid":"22071000300","vintage":"2010","quintile":1,"score":28.4},"geometry":{"type":"Polygon","coordinates":[[[-90.046101,29.941207],[-90.04651,29.934891],[-90.04779099999999,29.934821999999997],[-90.050472,29.937303999999997],[-90.05169599999999,29.938236999999997],[-90.052388,29.939148],[-90.053028,29.939504999999997],[-90.053472,29.940103999999998],[-90.05403199999999,29.940393999999998],[-90.05413,29.940911999999997],[-90.05368299999999,29.941141],[-90.051904,29.941224],[-90.05218599999999,29.945460999999998],[-90.049419,29.945572],[-90.045394,29.945375],[-90.04568499999999,29.941191999999997],[-90.046101,29.941207]]]}},{"type":"Feature","properties":{"geoid":"22071000400","vintage":"2010","quintile":1,"score":41.0},"geometry":{"type":"Polygon","coordinates":[[[-90.043972,29.931103999999998],[-90.04779099999999,29.934821999999997],[-90.04651,29.934891],[-90.046101,29.941207],[-90.04568499999999,29.941191999999997],[-90.045191,29.94862],[-90.046138,29.948653],[-90.045752,29.954908],[-90.04557199999999,29.955102999999998],[-90.045372,29.958102999999998],[-90.04157099999999,29.957503],[-90.038071,29.956702999999997],[-90.038383,29.953692999999998],[-90.03824399999999,29.953314],[-90.039278,29.938824],[-90.037238,29.938734999999998],[-90.037317,29.938053999999998],[-90.037607,29.937700999999997],[-90.037476,29.937579999999997],[-90.04137999999999,29.937742999999998],[-90.041389,29.937465],[-90.042726,29.937635999999998],[-90.0432,29.937306999999997],[-90.043475,29.936905999999997],[-90.043565,29.936428],[-90.043972,29.931103999999998]]]}},{"type":"Feature","properties":{"geoid":"22071000601","vintage":"2010","quintile":1,"score":35.7},"geometry":{"type":"Polygon","coordinates":[[[-90.038688,29.928655],[-90.039491,29.926858],[-90.043972,29.931103999999998],[-90.043539,29.936617],[-90.04335999999999,29.937110999999998],[-90.042726,29.937635999999998],[-90.041389,29.937465],[-90.04137999999999,29.937742999999998],[-90.040323,29.937293999999998],[-90.03924099999999,29.936501],[-90.038389,29.935152],[-90.038164,29.933477999999997],[-90.03839099999999,29.930570999999997],[-90.038688,29.928655]]]}},{"type":"Feature","properties":{"geoid":"22071000602","vintage":"2010","quintile":2,"score":45.0},"geometry":{"type":"Polygon","coordinates":[[[-90.033334,29.944833],[-90.02734699999999,29.942586],[-90.027852,29.934205],[-90.027501,29.933363999999997],[-90.02855,29.932654],[-90.02930099999999,29.931822],[-90.031083,29.928673],[-90.031961,29.928984999999997],[-90.03303199999999,29.929710999999998],[-90.033824,29.930028999999998],[-90.034745,29.930244],[-90.03839099999999,29.930570999999997],[-90.038164,29.933477999999997],[-90.038389,29.935152],[-90.038719,29.93583],[-90.03940899999999,29.936656],[-90.04120999999999,29.937687],[-90.037476,29.937579999999997],[-90.037607,29.937700999999997],[-90.037317,29.938053999999998],[-90.037238,29.938734999999998],[-90.039278,29.938824],[-90.038826,29.945059999999998],[-90.033334,29.944833]]]}},{"type":"Feature","properties":{"geoid":"22071000603","vintage":"2010","quintile":1,"score":39.5},"geometry":{"type":"Polygon","coordinates":[[[-90.021738,29.933878999999997],[-90.02234899999999,29.925155],[-90.03018,29.928441999999997],[-90.031083,29.928673],[-90.02930099999999,29.931822],[-90.02855,29.932654],[-90.027626,29.933298999999998],[-90.02667699999999,29.9337],[-90.025387,29.93398],[-90.021738,29.933878999999997]]]}},{"type":"Feature","properties":{"geoid":"22071000604","vintage":"2010","quintile":2,"score":51.0},"geometry":{"type":"Polygon","coordinates":[[[-90.01395,29.934881999999998],[-90.01455299999999,29.924611],[-90.014956,29.921749],[-90.01490799999999,29.921453],[-90.014485,29.921201999999997],[-90.014708,29.920941],[-90.01668699999999,29.922196],[-90.017828,29.922371],[-90.019069,29.923537],[-90.02234899999999,29.925155],[-90.021738,29.933878999999997],[-90.025387,29.93398],[-90.027501,29.933363999999997],[-90.02773499999999,29.933709999999998],[-90.027836,29.934631],[-90.02734699999999,29.942586],[-90.014596,29.936996999999998],[-90.014651,29.935425],[-90.014173,29.93529],[-90.01395,29.934881999999998]]]}},{"type":"Feature","properties":{"geoid":"22071000605","vintage":"2010","quintile":1,"score":35.6},"geometry":{"type":"Polygon","coordinates":[[[-90.026671,29.953203],[-90.013871,29.947003],[-90.01491399999999,29.942982999999998],[-90.01425599999999,29.942401],[-90.014596,29.936996999999998],[-90.02626,29.942185],[-90.033065,29.944778999999997],[-90.038826,29.945059999999998],[-90.03824399999999,29.953314],[-90.038383,29.953692999999998],[-90.038071,29.956702999999997],[-90.026671,29.953203]]]}},{"type":"Feature","properties":{"geoid":"22071000606","vintage":"2010","quintile":1,"score":43.5},"geometry":{"type":"Polygon","coordinates":[[[-90.01455299999999,29.924611],[-90.01395,29.934881999999998],[-90.014173,29.93529],[-90.014651,29.935425],[-90.01425599999999,29.942401],[-90.01491399999999,29.942982999999998],[-90.013871,29.947003],[-90.00547999999999,29.942252999999997],[-90.00188,29.939968],[-90.002513,29.935716],[-90.002174,29.935166],[-90.002352,29.932982],[-90.00389899999999,29.930332],[-90.004072,29.929796999999997],[-90.00439399999999,29.923757],[-90.00869399999999,29.924017],[-90.010843,29.924438],[-90.01455299999999,29.924611]]]}},{"type":"Feature","properties":{"geoid":"22071000607","vintage":"2010","quintile":2,"score":45.3},"geometry":{"type":"Polygon","coordinates":[[[-89.98489699999999,29.925348],[-89.98548799999999,29.920446],[-89.99360899999999,29.920861],[-90.00173799999999,29.923602],[-90.00439399999999,29.923757],[-90.004072,29.929796999999997],[-90.00389899999999,29.930332],[-90.002352,29.932982],[-90.002174,29.935166],[-90.002513,29.935716],[-90.00188,29.939968],[-89.992541,29.934175],[-89.988126,29.931696],[-89.985051,29.930173],[-89.98489699999999,29.925348]]]}},{"type":"Feature","properties":{"geoid":"22071000611","vintage":"2010","quintile":2,"score":52.8},"geometry":{"type":"Polygon","coordinates":[[[-89.987235,29.906851],[-89.984937,29.924889999999998],[-89.985051,29.930173],[-89.980212,29.928182999999997],[-89.969768,29.924702],[-89.961669,29.923800999999997],[-89.960702,29.923845999999998],[-89.965031,29.920710999999997],[-89.973446,29.914227999999998],[-89.975708,29.912893],[-89.98580799999999,29.905369],[-89.987235,29.906851]]]}},{"type":"Feature","properties":{"geoid":"22071000612","vintage":"2010","quintile":3,"score":55.9},"geometry":{"type":"Polygon","coordinates":[[[-89.95236299999999,29.900067999999997],[-89.959014,29.902637],[-89.972267,29.904391999999998],[-89.972709,29.904411],[-89.976908,29.902701999999998],[-89.97719,29.90205],[-89.977835,29.901818],[-89.977851,29.901667999999997],[-89.97981399999999,29.902144999999997],[-89.983437,29.903972],[-89.98473299999999,29.904218999999998],[-89.985024,29.904149999999998],[-89.98532,29.904374999999998],[-89.985286,29.904826999999997],[-89.98580799999999,29.905369],[-89.975708,29.912893],[-89.973446,29.914227999999998],[-89.965031,29.920710999999997],[-89.960702,29.923845999999998],[-89.939021,29.924553],[-89.935728,29.924135],[-89.931271,29.922897],[-89.928776,29.921785999999997],[-89.926895,29.920617],[-89.924365,29.918816],[-89.921019,29.915729],[-89.918903,29.913245999999997],[-89.915371,29.908455999999997],[-89.912802,29.904234],[-89.909106,29.899193],[-89.907535,29.896721],[-89.90574,29.893455999999997],[-89.903284,29.887441],[-89.902515,29.883837999999997],[-89.902363,29.880796],[-89.902694,29.878068],[-89.903132,29.876393],[-89.904144,29.874091],[-89.905655,29.871921],[-89.907269,29.870369],[-89.908805,29.869463999999997],[-89.913567,29.867507],[-89.915847,29.866888999999997],[-89.917587,29.866660999999997],[-89.92217099999999,29.874309999999998],[-89.922354,29.87437],[-89.930292,29.88562],[-89.93517299999999,29.892812],[-89.936752,29.893604],[-89.95236299999999,29.900067999999997]]]}},{"type":"Feature","properties":{"geoid":"22071000613","vintage":"2010","quintile":5,"score":69.7},"geometry":{"type":"Polygon","coordinates":[[[-90.01829699999999,29.906829],[-90.039491,29.926858],[-90.038688,29.928655],[-90.03839099999999,29.930570999999997],[-90.034745,29.930244],[-90.033486,29.929928],[-90.031837,29.928924],[-90.03018,29.928441999999997],[-90.020781,29.924478999999998],[-90.018834,29.923389],[-90.017828,29.922371],[-90.01668699999999,29.922196],[-90.013182,29.920004],[-90.01353999999999,29.916196],[-90.017656,29.916434],[-90.01829699999999,29.906829]]]}},{"type":"Feature","properties":{"geoid":"22071000615","vintage":"2010","quintile":5,"score":69.4},"geometry":{"type":"Polygon","coordinates":[[[-90.00119699999999,29.922411],[-90.001561,29.914292],[-90.001672,29.913667999999998],[-90.002061,29.912975],[-90.00425,29.914308],[-90.008485,29.916470999999998],[-90.01242099999999,29.919479],[-90.014708,29.920941],[-90.014485,29.921201999999997],[-90.01490799999999,29.921453],[-90.014956,29.921749],[-90.01455299999999,29.924611],[-90.010843,29.924438],[-90.00841899999999,29.92399],[-90.001561,29.923554],[-90.001903,29.922684999999998],[-90.00119699999999,29.922411]]]}},{"type":"Feature","properties":{"geoid":"22071000616","vintage":"2010","quintile":2,"score":49.1},"geometry":{"type":"Polygon","coordinates":[[[-89.98548799999999,29.920446],[-89.987235,29.906851],[-89.988845,29.908412],[-89.989949,29.908900000000003],[-89.99253,29.909046999999997],[-89.993376,29.908647],[-89.99505599999999,29.908875],[-89.996416,29.909325],[-90.002061,29.912975],[-90.001672,29.913667999999998],[-90.001561,29.914292],[-90.001266,29.919614],[-90.001181,29.922366],[-90.001903,29.922684999999998],[-90.001561,29.923554],[-89.99386,29.920907],[-89.98548799999999,29.920446]]]}},{"type":"Feature","properties":{"geoid":"22071000617","vintage":"2010","quintile":3,"score":58.5},"geometry":{"type":"Polygon","coordinates":[[[-89.98532,29.904374999999998],[-89.985666,29.904619],[-89.98726599999999,29.905003999999998],[-89.989183,29.889388],[-89.994337,29.89285],[-90.002273,29.897806],[-90.00185499999999,29.89782],[-90.001746,29.901031999999997],[-89.998054,29.900903],[-89.99656499999999,29.901294],[-89.987944,29.907587],[-89.985286,29.904826999999997],[-89.98532,29.904374999999998]]]}},{"type":"Feature","properties":{"geoid":"22071000618","vintage":"2010","quintile":5,"score":67.9},"geometry":{"type":"Polygon","coordinates":[[[-90.00871099999999,29.916614],[-90.00285699999999,29.913486],[-89.996416,29.909325],[-89.99505599999999,29.908875],[-89.993376,29.908647],[-89.99253,29.909046999999997],[-89.99019,29.908955],[-89.988845,29.908412],[-89.987944,29.907587],[-89.99656499999999,29.901294],[-89.998054,29.900903],[-90.001746,29.901031999999997],[-90.00185499999999,29.89782],[-90.002273,29.897806],[-90.002484,29.892794],[-90.008056,29.895528],[-90.00795199999999,29.89687],[-90.008179,29.896924],[-90.01365299999999,29.902103999999998],[-90.014234,29.902845],[-90.01829699999999,29.906829],[-90.017656,29.916434],[-90.01353999999999,29.916196],[-90.013182,29.920004],[-90.00871099999999,29.916614]]]}},{"type":"Feature","properties":{"geoid":"22071000619","vintage":"2020","quintile":5,"score":69.9},"geometry":{"type":"Polygon","coordinates":[[[-90.039491,29.926858],[-90.03869399999999,29.928632],[-90.03839099999999,29.930570999999997],[-90.035074,29.930282],[-90.033486,29.929928],[-90.031837,29.928924],[-90.03018,29.928441999999997],[-90.024372,29.926007],[-90.02413299999999,29.926465999999998],[-90.021355,29.925307999999998],[-90.022686,29.922068],[-90.022393,29.919266999999998],[-90.022757,29.918236],[-90.023196,29.917686],[-90.01873499999999,29.914056],[-90.01786799999999,29.913503],[-90.01829699999999,29.906829],[-90.037385,29.924844999999998],[-90.039491,29.926858]]]}},{"type":"Feature","properties":{"geoid":"22071000620","vintage":"2020","quintile":5,"score":69.0},"geometry":{"type":"Polygon","coordinates":[[[-90.023196,29.917686],[-90.022757,29.918236],[-90.022393,29.919266999999998],[-90.022686,29.922068],[-90.021355,29.925307999999998],[-90.014161,29.921402999999998],[-90.014549,29.920842999999998],[-90.013182,29.920004],[-90.01353999999999,29.916196],[-90.017656,29.916434],[-90.01786799999999,29.913503],[-90.01873499999999,29.914056],[-90.023196,29.917686]]]}},{"type":"Feature","properties":{"geoid":"22071000701","vintage":"2010","quintile":2,"score":44.5},"geometry":{"type":"Polygon","coordinates":[[[-90.027396,29.963835999999997],[-90.02187099999999,29.980672],[-90.02099199999999,29.980549],[-90.020434,29.979896999999998],[-90.015862,29.978831999999997],[-90.021402,29.96246],[-90.027396,29.963835999999997]]]}},{"type":"Feature","properties":{"geoid":"22071000702","vintage":"2010","quintile":1,"score":37.7},"geometry":{"type":"Polygon","coordinates":[[[-90.014586,29.947349],[-90.026671,29.953203],[-90.028571,29.959902999999997],[-90.027396,29.963835999999997],[-90.025255,29.963333],[-90.026315,29.960181],[-90.02334599999999,29.959508],[-90.02398199999999,29.957591999999998],[-90.015526,29.955671],[-90.01391699999999,29.960811],[-90.012202,29.960327999999997],[-90.006464,29.958212999999997],[-90.012102,29.94598],[-90.014586,29.947349]]]}},{"type":"Feature","properties":{"geoid":"22071000800","vintage":"2010","quintile":1,"score":30.7},"geometry":{"type":"Polygon","coordinates":[[[-90.01391699999999,29.960811],[-90.015526,29.955671],[-90.02398199999999,29.957591999999998],[-90.02334599999999,29.959508],[-90.026315,29.960181],[-90.025255,29.963333],[-90.01391699999999,29.960811]]]}},{"type":"Feature","properties":{"geoid":"22071000901","vintage":"2010","quintile":1,"score":42.4},"geometry":{"type":"Polygon","coordinates":[[[-89.999969,29.971500000000002],[-90.006464,29.958212999999997],[-90.011145,29.959948999999998],[-90.00369099999999,29.975516],[-89.99867499999999,29.973702999999997],[-89.999969,29.971500000000002]]]}},{"type":"Feature","properties":{"geoid":"22071000902","vintage":"2010","quintile":3,"score":53.6},"geometry":{"type":"Polygon","coordinates":[[[-90.006526,29.969602],[-90.009703,29.970755999999998],[-90.017955,29.972638],[-90.015862,29.978831999999997],[-90.007882,29.977020999999997],[-90.00369099999999,29.975516],[-90.006526,29.969602]]]}},{"type":"Feature","properties":{"geoid":"22071000903","vintage":"2010","quintile":1,"score":35.5},"geometry":{"type":"Polygon","coordinates":[[[-90.006526,29.969602],[-90.00893699999999,29.964561999999997],[-90.010652,29.965132999999998],[-90.019797,29.967164999999998],[-90.017955,29.972638],[-90.009703,29.970755999999998],[-90.006526,29.969602]]]}},{"type":"Feature","properties":{"geoid":"22071001100","vintage":"2010","quintile":1,"score":41.8},"geometry":{"type":"Polygon","coordinates":[[[-90.026671,29.953203],[-90.038071,29.956702999999997],[-90.04157099999999,29.957503],[-90.03946599999999,29.964198],[-90.03322899999999,29.962788999999997],[-90.029455,29.975268999999997],[-90.03136699999999,29.975679],[-90.02949,29.98193],[-90.029625,29.982108],[-90.02937299999999,29.982037],[-90.029793,29.982505],[-90.02187099999999,29.980672],[-90.028571,29.959902999999997],[-90.026671,29.953203]]]}},{"type":"Feature","properties":{"geoid":"22071001200","vintage":"2010","quintile":1,"score":36.8},"geometry":{"type":"Polygon","coordinates":[[[-90.050083,29.969103999999998],[-90.04418199999999,29.967755999999998],[-90.044874,29.965429],[-90.03946599999999,29.964198],[-90.04157099999999,29.957503],[-90.045372,29.958102999999998],[-90.052331,29.958381],[-90.052469,29.961871],[-90.05200599999999,29.962895999999997],[-90.050083,29.969103999999998]]]}},{"type":"Feature","properties":{"geoid":"22071001301","vintage":"2010","quintile":1,"score":32.7},"geometry":{"type":"Polygon","coordinates":[[[-90.036976,29.972514999999998],[-90.03946599999999,29.964198],[-90.044874,29.965429],[-90.04418199999999,29.967755999999998],[-90.045029,29.967959999999998],[-90.04350199999999,29.972908999999998],[-90.04445799999999,29.973122999999998],[-90.044147,29.974152999999998],[-90.036976,29.972514999999998]]]}},{"type":"Feature","properties":{"geoid":"22071001302","vintage":"2010","quintile":1,"score":32.5},"geometry":{"type":"Polygon","coordinates":[[[-90.031989,29.966952],[-90.038219,29.968370999999998],[-90.036976,29.972514999999998],[-90.03072399999999,29.971107999999997],[-90.031989,29.966952]]]}},{"type":"Feature","properties":{"geoid":"22071001401","vintage":"2010","quintile":4,"score":62.9},"geometry":{"type":"Polygon","coordinates":[[[-90.041339,29.983480999999998],[-90.04222399999999,29.983741],[-90.042529,29.984039],[-90.043971,29.984002],[-90.045632,29.984475],[-90.04508,29.986286],[-90.04400199999999,29.985733],[-90.03542399999999,29.98379],[-90.035457,29.983639],[-90.034593,29.983437],[-90.034988,29.982049999999997],[-90.034178,29.981855999999997],[-90.03450699999999,29.980829],[-90.03011,29.979834999999998],[-90.03136699999999,29.975679],[-90.04289,29.978315],[-90.041339,29.983480999999998]]]}},{"type":"Feature","properties":{"geoid":"22071001402","vintage":"2010","quintile":1,"score":36.0},"geometry":{"type":"Polygon","coordinates":[[[-90.029455,29.975268999999997],[-90.03072399999999,29.971107999999997],[-90.044147,29.974152999999998],[-90.04289,29.978315],[-90.029455,29.975268999999997]]]}},{"type":"Feature","properties":{"geoid":"22071001500","vintage":"2010","quintile":1,"score":34.0},"geometry":{"type":"Polygon","coordinates":[[[-90.04222399999999,29.983741],[-90.041339,29.983480999999998],[-90.04445799999999,29.973122999999998],[-90.04350199999999,29.972908999999998],[-90.045029,29.967959999999998],[-90.05033,29.96912],[-90.048326,29.975635999999998],[-90.04829,29.976173],[-90.04804399999999,29.976157999999998],[-90.04812,29.976806],[-90.047907,29.97702],[-90.045632,29.984475],[-90.043971,29.984002],[-90.042529,29.984039],[-90.04222399999999,29.983741]]]}},{"type":"Feature","properties":{"geoid":"22071001701","vintage":"2010","quintile":3,"score":58.1},"geometry":{"type":"Polygon","coordinates":[[[-90.04207199999999,30.029989999999998],[-90.035242,30.03166],[-90.034374,30.0313],[-90.02957099999999,30.016600999999998],[-90.032203,30.015946999999997],[-90.033369,30.015940999999998],[-90.042299,30.013970999999998],[-90.044529,30.013835999999998],[-90.04636099999999,30.013354],[-90.046705,30.012893],[-90.04776799999999,30.026645],[-90.04793699999999,30.027186999999998],[-90.044691,30.029550999999998],[-90.04207199999999,30.029989999999998]]]}},{"type":"Feature","properties":{"geoid":"22071001702","vintage":"2010","quintile":1,"score":39.0},"geometry":{"type":"Polygon","coordinates":[[[-90.02957099999999,30.016600999999998],[-90.027007,30.008315],[-90.031656,30.007198],[-90.04186,30.003294],[-90.04356399999999,30.002898],[-90.045862,30.002736],[-90.046705,30.012893],[-90.04636099999999,30.013354],[-90.044529,30.013835999999998],[-90.042299,30.013970999999998],[-90.033369,30.015940999999998],[-90.032203,30.015946999999997],[-90.02957099999999,30.016600999999998]]]}},{"type":"Feature","properties":{"geoid":"22071001720","vintage":"2010","quintile":2,"score":46.9},"geometry":{"type":"Polygon","coordinates":[[[-90.027007,30.008315],[-90.034374,30.0313],[-90.033687,30.031447],[-90.032893,30.031367],[-90.02695399999999,30.032764],[-90.024514,30.026232999999998],[-90.01841999999999,30.028060999999997],[-90.016925,30.027949999999997],[-90.015598,30.027286],[-90.013222,30.026691],[-90.009954,30.026422999999998],[-90.01176699999999,30.025883],[-90.012846,30.02517],[-90.013683,30.024262],[-90.01415399999999,30.022966999999998],[-90.014198,30.022128],[-90.013167,30.010852],[-90.01995099999999,30.010092],[-90.027007,30.008315]]]}},{"type":"Feature","properties":{"geoid":"22071001722","vintage":"2010","quintile":3,"score":56.5},"geometry":{"type":"Polygon","coordinates":[[[-89.989851,30.023778999999998],[-89.988866,30.014180999999997],[-89.999506,30.012316],[-90.013167,30.010852],[-90.014005,30.020273999999997],[-90.012142,30.020619999999997],[-90.011665,30.020885999999997],[-90.010735,30.020746],[-89.99967199999999,30.021818],[-89.995295,30.023086],[-89.98947,30.023901],[-89.989851,30.023778999999998]]]}},{"type":"Feature","properties":{"geoid":"22071001723","vintage":"2010","quintile":2,"score":51.7},"geometry":{"type":"Polygon","coordinates":[[[-89.988866,30.014180999999997],[-89.989851,30.023778999999998],[-89.98490000000001,30.024493999999997],[-89.978425,30.024834],[-89.968954,30.026743999999997],[-89.96812299999999,30.018576999999997],[-89.97878299999999,30.015983],[-89.988866,30.014180999999997]]]}},{"type":"Feature","properties":{"geoid":"22071001724","vintage":"2010","quintile":3,"score":56.0},"geometry":{"type":"Polygon","coordinates":[[[-90.035242,30.03166],[-90.038983,30.045094],[-90.037157,30.048126],[-90.03581299999999,30.054883999999998],[-90.025447,30.05649],[-90.016937,30.052059],[-90.010902,30.045972],[-90.006159,30.035408999999998],[-90.00509,30.032465],[-90.014406,30.029239999999998],[-90.024514,30.026232999999998],[-90.02695399999999,30.032764],[-90.033024,30.031349],[-90.033687,30.031447],[-90.034374,30.0313],[-90.035242,30.03166]]]}},{"type":"Feature","properties":{"geoid":"22071001725","vintage":"2010","quintile":4,"score":61.8},"geometry":{"type":"Polygon","coordinates":[[[-90.006159,30.035408999999998],[-90.010902,30.045972],[-90.001677,30.04843],[-89.99156599999999,30.052363],[-89.98737899999999,30.053835999999997],[-89.984631,30.049667999999997],[-89.984102,30.049301999999997],[-89.98034,30.043226999999998],[-89.984715,30.04104],[-89.992716,30.037374],[-89.99891099999999,30.034746],[-90.00509,30.032465],[-90.006159,30.035408999999998]]]}},{"type":"Feature","properties":{"geoid":"22071001730","vintage":"2010","quintile":4,"score":64.0},"geometry":{"type":"Polygon","coordinates":[[[-89.94466899999999,30.0759],[-89.947518,30.079988],[-89.932783,30.094486],[-89.900768,30.133481],[-89.887962,30.148436],[-89.88314799999999,30.153349],[-89.88203,30.150989],[-89.880061,30.148477999999997],[-89.88066599999999,30.147726],[-89.880127,30.147104],[-89.876545,30.140307999999997],[-89.872937,30.133319],[-89.86983,30.126855],[-89.86821599999999,30.124112999999998],[-89.865892,30.123979],[-89.86384,30.114521],[-89.86348,30.114157],[-89.863239,30.111803],[-89.86085299999999,30.099071],[-89.86045899999999,30.095976999999998],[-89.856743,30.076632999999998],[-89.858507,30.076328],[-89.860357,30.075574999999997],[-89.861739,30.074592],[-89.86316,30.072941999999998],[-89.86389299999999,30.071213],[-89.864359,30.066535],[-89.864708,30.065],[-89.86543999999999,30.063419999999997],[-89.86635,30.062022],[-89.868112,30.060219],[-89.87315,30.056452999999998],[-89.889617,30.046623],[-89.89655599999999,30.041708],[-89.899084,30.040502],[-89.90237599999999,30.039365999999998],[-89.903506,30.042057],[-89.903773,30.042232],[-89.937384,30.046366],[-89.938817,30.046716],[-89.938729,30.048306],[-89.939162,30.053044],[-89.939094,30.056016],[-89.94065499999999,30.071938],[-89.94097,30.072633],[-89.94182599999999,30.073534],[-89.944171,30.075453999999997],[-89.944437,30.075235],[-89.944957,30.075664999999997],[-89.94466899999999,30.0759]]]}},{"type":"Feature","properties":{"geoid":"22071001734","vintage":"2010","quintile":5,"score":82.8},"geometry":{"type":"Polygon","coordinates":[[[-89.812321,30.044417],[-89.819239,30.040726],[-89.819576,30.040885],[-89.819745,30.041628],[-89.82043499999999,30.043142],[-89.820573,30.045824],[-89.821095,30.046103],[-89.82195399999999,30.046196],[-89.82267399999999,30.04601],[-89.830092,30.042882],[-89.83048699999999,30.043851999999998],[-89.83435899999999,30.064052],[-89.835157,30.065051999999998],[-89.843603,30.073127999999997],[-89.844809,30.074465],[-89.84625199999999,30.075077],[-89.847382,30.074824999999997],[-89.849479,30.074972],[-89.855325,30.074797],[-89.855913,30.07483],[-89.85623,30.075049],[-89.85655,30.07565],[-89.86045899999999,30.095976999999998],[-89.86085299999999,30.099071],[-89.863239,30.111803],[-89.86348,30.114157],[-89.86384,30.114521],[-89.865892,30.123979],[-89.86821599999999,30.124112999999998],[-89.86983,30.126855],[-89.872937,30.133319],[-89.876545,30.140307999999997],[-89.880127,30.147104],[-89.88066599999999,30.147726],[-89.880061,30.148477999999997],[-89.88203,30.150989],[-89.88314799999999,30.153349],[-89.874493,30.155412],[-89.864065,30.158215],[-89.854058,30.160275],[-89.85050000000001,30.158652],[-89.850235,30.158457],[-89.849251,30.154584],[-89.84928599999999,30.14397],[-89.850263,30.139554],[-89.846165,30.125946],[-89.832912,30.110422],[-89.817647,30.107376],[-89.799865,30.110422],[-89.78493399999999,30.122463],[-89.77369399999999,30.134359],[-89.757423,30.146546999999998],[-89.749873,30.155541],[-89.752894,30.166566999999997],[-89.756751,30.171936],[-89.756976,30.171927],[-89.75042499999999,30.17577],[-89.748429,30.176738],[-89.746664,30.177113],[-89.74387999999999,30.177177],[-89.741124,30.176475999999997],[-89.73826299999999,30.175224999999998],[-89.737011,30.174500000000002],[-89.733297,30.171355],[-89.726163,30.164675],[-89.725008,30.163802999999998],[-89.72247999999999,30.162205],[-89.719338,30.16103],[-89.716652,30.160762],[-89.71403699999999,30.161213999999998],[-89.705843,30.164305],[-89.700223,30.166677],[-89.697615,30.168208999999997],[-89.695956,30.170128],[-89.69474799999999,30.172276],[-89.69411799999999,30.173084],[-89.692574,30.174239],[-89.690429,30.175093],[-89.688065,30.175472],[-89.686852,30.175487],[-89.684071,30.175131999999998],[-89.681721,30.174286],[-89.664768,30.166794],[-89.662933,30.165746],[-89.661598,30.16461],[-89.65877499999999,30.161431],[-89.655406,30.159304],[-89.654189,30.158917],[-89.65043999999999,30.158144999999998],[-89.644016,30.15843],[-89.640503,30.158234],[-89.629128,30.156091999999997],[-89.62505499999999,30.154904],[-89.625053,30.14999],[-89.627625,30.145142],[-89.63064,30.143043],[-89.633027,30.142028999999997],[-89.634993,30.141488],[-89.636271,30.141582999999997],[-89.640988,30.138607],[-89.642113,30.136561],[-89.643622,30.134773],[-89.64477,30.133948],[-89.64650999999999,30.132244999999998],[-89.646861,30.132202999999997],[-89.648619,30.130557],[-89.650593,30.126278],[-89.654817,30.120213999999997],[-89.657581,30.117911],[-89.65938799999999,30.117016999999997],[-89.660052,30.116508],[-89.663367,30.11468],[-89.665375,30.113974],[-89.665307,30.113639],[-89.665538,30.113291],[-89.66825299999999,30.111189999999997],[-89.669181,30.110663],[-89.67129,30.110218],[-89.67294,30.110512],[-89.674633,30.110401999999997],[-89.67571099999999,30.109990999999997],[-89.675726,30.109513],[-89.675874,30.109423999999997],[-89.67639,30.109668],[-89.676856,30.109520999999997],[-89.677286,30.109257],[-89.677683,30.108646],[-89.678163,30.108283],[-89.678176,30.107775],[-89.678591,30.107601],[-89.678438,30.107035],[-89.678669,30.106426],[-89.679031,30.106192999999998],[-89.679324,30.104902],[-89.679366,30.103278999999997],[-89.679839,30.101349],[-89.679768,30.100800999999997],[-89.68033,30.100057999999997],[-89.680324,30.098941999999997],[-89.680819,30.098073],[-89.68091199999999,30.097043],[-89.681322,30.096038999999998],[-89.681219,30.095042999999997],[-89.681333,30.094579],[-89.681112,30.093711],[-89.681921,30.092664],[-89.682082,30.091779],[-89.68251,30.091096],[-89.682276,30.090560999999997],[-89.682385,30.089285],[-89.682681,30.088545999999997],[-89.68262899999999,30.085289],[-89.682802,30.083143999999997],[-89.683082,30.082665],[-89.683228,30.081895],[-89.68307,30.080405],[-89.682869,30.080202999999997],[-89.683065,30.079563],[-89.68284799999999,30.079217999999997],[-89.68314,30.077813],[-89.683337,30.077551999999997],[-89.683217,30.076973],[-89.683432,30.076725],[-89.68323,30.076406],[-89.683363,30.076117],[-89.684274,30.075647],[-89.68432299999999,30.075402],[-89.68459,30.075415999999997],[-89.686246,30.074479],[-89.687377,30.07424],[-89.690013,30.072923999999997],[-89.69183699999999,30.072478],[-89.69534,30.071112],[-89.696435,30.071047999999998],[-89.69949199999999,30.070366],[-89.701289,30.07069],[-89.704481,30.070483999999997],[-89.706955,30.070048999999997],[-89.707499,30.06982],[-89.709397,30.070023],[-89.710911,30.069602999999997],[-89.711992,30.069098],[-89.712942,30.069083],[-89.713657,30.068825],[-89.714139,30.068551],[-89.714423,30.067946],[-89.714772,30.068016],[-89.714839,30.068278],[-89.715139,30.068247999999997],[-89.715538,30.067873],[-89.716171,30.067712],[-89.716186,30.067380999999997],[-89.716453,30.067584],[-89.716886,30.067338999999997],[-89.717069,30.067698],[-89.717286,30.067742],[-89.719799,30.066934999999997],[-89.720597,30.066402],[-89.721379,30.066329],[-89.72191099999999,30.065955],[-89.722177,30.065189],[-89.721927,30.064929],[-89.722726,30.064498],[-89.723325,30.064483],[-89.723609,30.064324],[-89.72385799999999,30.064048999999997],[-89.723924,30.063602],[-89.724274,30.063962],[-89.72458999999999,30.064034999999997],[-89.72527099999999,30.063862],[-89.726305,30.063198],[-89.726587,30.062751],[-89.727452,30.062655999999997],[-89.727674,30.062116999999997],[-89.72745499999999,30.061850999999997],[-89.728281,30.061767],[-89.728962,30.060713999999997],[-89.729586,30.060222],[-89.72949,30.059459],[-89.729861,30.059417999999997],[-89.729627,30.058992],[-89.73003,30.059109999999997],[-89.730571,30.058747],[-89.730998,30.057575999999997],[-89.731016,30.057329],[-89.730783,30.057004],[-89.730209,30.057001999999997],[-89.730633,30.056756],[-89.730617,30.056241999999997],[-89.730854,30.05604],[-89.730909,30.055279],[-89.731113,30.054928],[-89.730964,30.054547],[-89.731301,30.054516999999997],[-89.731676,30.053511],[-89.731461,30.052792],[-89.73158,30.052456],[-89.731403,30.051195999999997],[-89.731577,30.049951],[-89.731247,30.048778],[-89.730229,30.046885],[-89.730148,30.046124],[-89.729478,30.045503999999998],[-89.72921,30.04505],[-89.729227,30.044784999999997],[-89.728977,30.044624],[-89.728996,30.044272],[-89.72863,30.044079],[-89.727339,30.042289],[-89.72583,30.040948],[-89.724829,30.039434999999997],[-89.722436,30.036465999999997],[-89.721066,30.034205],[-89.720283,30.032473999999997],[-89.719504,30.031499],[-89.718893,30.031077],[-89.71861,30.030562],[-89.71793699999999,30.030354],[-89.717754,30.030147999999997],[-89.717356,30.02902],[-89.717443,30.028581],[-89.716298,30.028105],[-89.716304,30.027258],[-89.716591,30.027009],[-89.716309,30.026349999999997],[-89.71767799999999,30.025271999999998],[-89.722017,30.023169],[-89.724648,30.02245],[-89.725422,30.022527],[-89.726216,30.022223],[-89.72783199999999,30.022097],[-89.733322,30.02205],[-89.733944,30.022271999999997],[-89.734864,30.023345],[-89.734946,30.023756],[-89.736021,30.024493],[-89.73736099999999,30.02589],[-89.738269,30.026391],[-89.739612,30.02675],[-89.739561,30.027161],[-89.74013,30.02772],[-89.742986,30.02899],[-89.74426199999999,30.02976],[-89.74458,30.030082],[-89.74471199999999,30.030638999999997],[-89.745199,30.030918999999997],[-89.745702,30.031509],[-89.745531,30.031786],[-89.746505,30.032594999999997],[-89.74674999999999,30.03368],[-89.74725,30.034485999999998],[-89.748324,30.035428999999997],[-89.748592,30.035898999999997],[-89.749314,30.0364],[-89.749884,30.036593],[-89.75148899999999,30.036673],[-89.75215299999999,30.036151],[-89.752586,30.036727],[-89.753765,30.037111],[-89.75438,30.037685999999997],[-89.755144,30.037912],[-89.756222,30.038687],[-89.757849,30.038552],[-89.75879499999999,30.039109],[-89.759277,30.039192999999997],[-89.759444,30.039668],[-89.759794,30.039983999999997],[-89.760341,30.040098],[-89.761288,30.040699],[-89.761704,30.041172999999997],[-89.762169,30.0412],[-89.762829,30.041642999999997],[-89.764404,30.042057999999997],[-89.766362,30.042123],[-89.771425,30.043025],[-89.773072,30.043101],[-89.773653,30.043229],[-89.77475,30.043916],[-89.775761,30.043809],[-89.776491,30.044152],[-89.777453,30.044234999999997],[-89.77810099999999,30.044535999999997],[-89.778515,30.044434],[-89.779146,30.044545999999997],[-89.780941,30.045057],[-89.78177,30.045056],[-89.782533,30.045368999999997],[-89.78296399999999,30.045233999999997],[-89.78350999999999,30.045291],[-89.784076,30.045016],[-89.785005,30.045385999999997],[-89.785502,30.045223],[-89.785783,30.04534],[-89.786216,30.045209],[-89.786996,30.045406999999997],[-89.787509,30.045202],[-89.788108,30.045447],[-89.788572,30.045240999999997],[-89.789385,30.045396],[-89.789484,30.045264999999997],[-89.790579,30.045752],[-89.791259,30.045302999999997],[-89.793979,30.045707],[-89.794709,30.045458999999997],[-89.796336,30.045468],[-89.796768,30.045668],[-89.797398,30.045461999999997],[-89.79830799999999,30.045503],[-89.801113,30.045216],[-89.801777,30.045402],[-89.80243899999999,30.045153],[-89.803618,30.045132],[-89.804148,30.045274],[-89.804679,30.045112999999997],[-89.805841,30.045326],[-89.80620499999999,30.044978],[-89.807367,30.045261],[-89.808247,30.045056],[-89.808312,30.044725999999997],[-89.808661,30.044967999999997],[-89.80899099999999,30.044604999999997],[-89.809456,30.044445999999997],[-89.80953699999999,30.044601],[-89.809804,30.044428999999997],[-89.810385,30.044642999999997],[-89.810716,30.04457],[-89.810884,30.044784999999997],[-89.811031,30.044483],[-89.811264,30.044393999999997],[-89.811478,30.044653],[-89.812027,30.044261],[-89.812321,30.044417]]]}},{"type":"Feature","properties":{"geoid":"22071001735","vintage":"2010","quintile":4,"score":61.0},"geometry":{"type":"Polygon","coordinates":[[[-89.993797,30.03],[-89.992026,30.027116],[-89.990279,30.026076],[-89.98960799999999,30.025496999999998],[-89.98907799999999,30.024635999999997],[-89.988931,30.023985],[-89.995295,30.023086],[-89.99967199999999,30.021818],[-90.010735,30.020746],[-90.011665,30.020885999999997],[-90.012142,30.020619999999997],[-90.014005,30.020273999999997],[-90.014206,30.022312999999997],[-90.01397999999999,30.023612],[-90.013683,30.024262],[-90.013159,30.024883],[-90.01213399999999,30.025706],[-90.011451,30.026014],[-90.009954,30.026422999999998],[-89.99875999999999,30.028367],[-89.996071,30.029127],[-89.993797,30.03]]]}},{"type":"Feature","properties":{"geoid":"22071001736","vintage":"2010","quintile":4,"score":60.6},"geometry":{"type":"Polygon","coordinates":[[[-89.98607799999999,30.024345999999998],[-89.988931,30.023985],[-89.98907799999999,30.024635999999997],[-89.98960799999999,30.025496999999998],[-89.990279,30.026076],[-89.99171299999999,30.026856],[-89.992504,30.027670999999998],[-89.993797,30.03],[-89.976311,30.037124],[-89.970406,30.029079999999997],[-89.968954,30.026743999999997],[-89.978425,30.024834],[-89.98607799999999,30.024345999999998]]]}},{"type":"Feature","properties":{"geoid":"22071001740","vintage":"2010","quintile":3,"score":57.5},"geometry":{"type":"Polygon","coordinates":[[[-89.96897799999999,30.049155],[-89.95505399999999,30.058175],[-89.945628,30.065127999999998],[-89.94173599999999,30.06779],[-89.940298,30.068254999999997],[-89.939486,30.060050999999998],[-89.965778,30.043439],[-89.965989,30.043941],[-89.965837,30.045],[-89.965955,30.045433],[-89.96897799999999,30.049155]]]}},{"type":"Feature","properties":{"geoid":"22071001741","vintage":"2010","quintile":5,"score":69.0},"geometry":{"type":"Polygon","coordinates":[[[-89.939617,30.026995999999997],[-89.93937799999999,30.042996],[-89.938817,30.046716],[-89.937384,30.046366],[-89.93054099999999,30.045609],[-89.93070999999999,30.043637],[-89.930014,30.036903],[-89.929678,30.035348],[-89.92781,30.031135],[-89.939617,30.026995999999997]]]}},{"type":"Feature","properties":{"geoid":"22071001743","vintage":"2010","quintile":5,"score":65.4},"geometry":{"type":"Polygon","coordinates":[[[-89.99692,30.035632],[-89.993797,30.03],[-89.99747599999999,30.028699],[-90.000016,30.028112],[-90.009954,30.026422999999998],[-90.013222,30.026691],[-90.015598,30.027286],[-90.016925,30.027949999999997],[-90.01841999999999,30.028060999999997],[-90.00759599999999,30.031523],[-89.99891099999999,30.034746],[-89.99692,30.035632]]]}},{"type":"Feature","properties":{"geoid":"22071001744","vintage":"2010","quintile":3,"score":57.2},"geometry":{"type":"Polygon","coordinates":[[[-89.993797,30.03],[-89.99692,30.035632],[-89.98980399999999,30.038653],[-89.98034,30.043226999999998],[-89.979479,30.041541],[-89.976311,30.037124],[-89.993797,30.03]]]}},{"type":"Feature","properties":{"geoid":"22071001746","vintage":"2010","quintile":3,"score":55.5},"geometry":{"type":"Polygon","coordinates":[[[-89.960273,30.063955999999997],[-89.963793,30.06757],[-89.962353,30.068565],[-89.953713,30.076375],[-89.947518,30.079988],[-89.94466899999999,30.0759],[-89.944957,30.075664999999997],[-89.944437,30.075235],[-89.944171,30.075453999999997],[-89.94182599999999,30.073534],[-89.94112799999999,30.072847999999997],[-89.940696,30.072087],[-89.940298,30.068254999999997],[-89.94173599999999,30.06779],[-89.945628,30.065127999999998],[-89.95505399999999,30.058175],[-89.959632,30.06366],[-89.960273,30.063955999999997]]]}},{"type":"Feature","properties":{"geoid":"22071001747","vintage":"2010","quintile":5,"score":70.9},"geometry":{"type":"Polygon","coordinates":[[[-89.961342,30.028211],[-89.968954,30.026743999999997],[-89.970406,30.029079999999997],[-89.976311,30.037124],[-89.973462,30.038556999999997],[-89.939486,30.060050999999998],[-89.939094,30.056016],[-89.939162,30.053044],[-89.93872499999999,30.047788999999998],[-89.939458,30.042001],[-89.939571,30.033980999999997],[-89.94060499999999,30.033573999999998],[-89.94201,30.032674999999998],[-89.944576,30.029763],[-89.945556,30.029148],[-89.946518,30.028805],[-89.94855799999999,30.028512],[-89.961342,30.028211]]]}},{"type":"Feature","properties":{"geoid":"22071001748","vintage":"2010","quintile":3,"score":58.5},"geometry":{"type":"Polygon","coordinates":[[[-89.968954,30.026743999999997],[-89.961342,30.028211],[-89.94855799999999,30.028512],[-89.946518,30.028805],[-89.945556,30.029148],[-89.944576,30.029763],[-89.94201,30.032674999999998],[-89.94060499999999,30.033573999999998],[-89.939571,30.033980999999997],[-89.939617,30.026995999999997],[-89.953312,30.022281999999997],[-89.96812299999999,30.018576999999997],[-89.968954,30.026743999999997]]]}},{"type":"Feature","properties":{"geoid":"22071001749","vintage":"2010","quintile":3,"score":54.4},"geometry":{"type":"Polygon","coordinates":[[[-89.930014,30.036903],[-89.93070999999999,30.043637],[-89.93054099999999,30.045609],[-89.910296,30.043046],[-89.910215,30.042900999999997],[-89.930014,30.036903]]]}},{"type":"Feature","properties":{"geoid":"22071001750","vintage":"2010","quintile":4,"score":60.1},"geometry":{"type":"Polygon","coordinates":[[[-89.92781,30.031135],[-89.929678,30.035348],[-89.930014,30.036903],[-89.910215,30.042900999999997],[-89.910296,30.043046],[-89.903702,30.042215],[-89.903506,30.042057],[-89.90237599999999,30.039365999999998],[-89.92781,30.031135]]]}},{"type":"Feature","properties":{"geoid":"22071001751","vintage":"2010","quintile":3,"score":56.2},"geometry":{"type":"Polygon","coordinates":[[[-90.02214599999999,29.992767999999998],[-90.027007,30.008315],[-90.020172,30.010050999999997],[-89.999044,30.012380999999998],[-89.98020299999999,30.015703],[-89.976434,30.016506],[-89.953312,30.022281999999997],[-89.926136,30.03174],[-89.899084,30.040502],[-89.89655599999999,30.041708],[-89.889617,30.046623],[-89.87315,30.056452999999998],[-89.867722,30.060547999999997],[-89.865873,30.062683999999997],[-89.864708,30.065],[-89.864359,30.066535],[-89.86389299999999,30.071213],[-89.86316,30.072941999999998],[-89.86236099999999,30.073978999999998],[-89.86120299999999,30.075034],[-89.859985,30.075765999999998],[-89.858507,30.076328],[-89.856743,30.076632999999998],[-89.85655,30.07565],[-89.85623,30.075049],[-89.855913,30.07483],[-89.849479,30.074972],[-89.847382,30.074824999999997],[-89.84625199999999,30.075077],[-89.844809,30.074465],[-89.843603,30.073127999999997],[-89.835157,30.065051999999998],[-89.83435899999999,30.064052],[-89.83048699999999,30.043851999999998],[-89.831347,30.043478],[-89.83217499999999,30.043608],[-89.83273899999999,30.043298999999998],[-89.833535,30.042541999999997],[-89.844064,30.038235],[-89.84461,30.038214],[-89.845901,30.037513999999998],[-89.846561,30.037343],[-89.846797,30.037520999999998],[-89.84697899999999,30.037467999999997],[-89.847033,30.037118],[-89.849515,30.036040999999997],[-89.85077,30.035719],[-89.85247,30.034913999999997],[-89.85309,30.034800999999998],[-89.853596,30.034474],[-89.857359,30.033137999999997],[-89.858001,30.032676],[-89.86639,30.029253999999998],[-89.867933,30.028982],[-89.870674,30.027513],[-89.871904,30.027157],[-89.87850499999999,30.024347],[-89.881143,30.023411],[-89.895945,30.017156999999997],[-89.897975,30.016496999999998],[-89.898443,30.016785],[-89.898337,30.016468],[-89.899264,30.015739],[-89.900089,30.015677],[-89.902867,30.014352],[-89.904845,30.013696],[-89.908506,30.013406999999997],[-89.909148,30.013116],[-89.928311,30.009442999999997],[-89.928615,30.009641],[-89.928783,30.010741],[-89.92848,30.012317],[-89.929204,30.012898],[-89.930312,30.01314],[-89.931461,30.013095999999997],[-89.93162699999999,30.012781],[-89.93133499999999,30.009389],[-89.931569,30.008619999999997],[-89.932037,30.008536999999997],[-89.93484699999999,30.008969999999998],[-89.935206,30.008808],[-89.93519099999999,30.008609],[-89.935002,30.008525],[-89.93168,30.008174999999998],[-89.931388,30.007998999999998],[-89.931536,30.007811999999998],[-89.93283799999999,30.007275999999997],[-89.933038,30.007246],[-89.932915,30.007431999999998],[-89.933184,30.007488],[-89.935186,30.006974],[-89.937327,30.006794],[-89.937973,30.006494999999997],[-89.939595,30.006168],[-89.94017799999999,30.005875],[-89.941041,30.005893],[-89.941707,30.005634999999998],[-89.945888,30.004927],[-89.94837,30.004517999999997],[-89.94915999999999,30.00453],[-89.95089399999999,30.003812999999997],[-89.95605599999999,30.002875999999997],[-89.96319,30.002281999999997],[-89.963624,30.002471],[-89.96929399999999,30.001680999999998],[-89.97386999999999,30.001559999999998],[-89.98657399999999,30.000311999999997],[-89.987122,30.000297],[-89.98754,30.000586],[-89.98813,30.000418],[-89.989289,30.000557999999998],[-89.990715,30.00029],[-89.991333,30.000404999999997],[-89.99467299999999,29.999869],[-89.994956,30.000062999999997],[-89.995566,29.99974],[-89.99489899999999,29.999886999999998],[-89.996595,29.999337999999998],[-90.01141899999999,29.998298],[-90.013784,29.997419999999998],[-90.013517,29.996814999999998],[-90.01365299999999,29.996691],[-90.01356899999999,29.996301],[-90.01397,29.996706999999997],[-90.017448,29.995148],[-90.017725,29.995347],[-90.01849299999999,29.994757],[-90.019792,29.994350999999998],[-90.02214599999999,29.992767999999998]]]}},{"type":"Feature","properties":{"geoid":"22071001752","vintage":"2020","quintile":3,"score":56.7},"geometry":{"type":"Polygon","coordinates":[[[-90.003073,30.014146],[-90.001127,30.014284],[-90.00123599999999,30.015183999999998],[-90.002005,30.015126],[-90.00215399999999,30.016613999999997],[-89.999106,30.016817999999997],[-89.999575,30.021715],[-89.999766,30.022011],[-89.994653,30.023411999999997],[-89.98895399999999,30.024172],[-89.988931,30.023985],[-89.989851,30.023778999999998],[-89.988866,30.014180999999997],[-89.999044,30.012380999999998],[-90.002861,30.011947],[-90.003073,30.014146]]]}},{"type":"Feature","properties":{"geoid":"22071001753","vintage":"2020","quintile":3,"score":58.5},"geometry":{"type":"Polygon","coordinates":[[[-90.01403599999999,30.020502999999998],[-90.012953,30.02076],[-89.999766,30.022011],[-89.999575,30.021715],[-89.999106,30.016817999999997],[-90.00215399999999,30.016613999999997],[-90.002005,30.015126],[-90.00123599999999,30.015183999999998],[-90.001127,30.014284],[-90.003073,30.014146],[-90.002861,30.011947],[-90.013196,30.010848],[-90.01403599999999,30.020502999999998]]]}},{"type":"Feature","properties":{"geoid":"22071001755","vintage":"2020","quintile":4,"score":61.8},"geometry":{"type":"Polygon","coordinates":[[[-90.010902,30.045972],[-90.001677,30.04843],[-89.99156599999999,30.052363],[-89.98737899999999,30.053835999999997],[-89.984631,30.049667999999997],[-89.993872,30.045323],[-89.98980399999999,30.038653],[-89.99891099999999,30.034746],[-90.00509,30.032465],[-90.006159,30.035408999999998],[-90.010902,30.045972]]]}},{"type":"Feature","properties":{"geoid":"22071001756","vintage":"2020","quintile":2,"score":51.5},"geometry":{"type":"Polygon","coordinates":[[[-90.00293099999999,30.027583],[-89.998086,30.02853],[-89.993797,30.03],[-89.99222999999999,30.027334999999997],[-89.99171299999999,30.026856],[-89.989887,30.025775999999997],[-89.989261,30.025012999999998],[-89.98895399999999,30.024172],[-89.994653,30.023411999999997],[-89.999766,30.022011],[-90.000512,30.023411],[-90.00217699999999,30.025009999999998],[-90.002442,30.025544999999997],[-90.00293099999999,30.027583]]]}},{"type":"Feature","properties":{"geoid":"22071001758","vintage":"2020","quintile":5,"score":74.6},"geometry":{"type":"Polygon","coordinates":[[[-89.947518,30.079988],[-89.932783,30.094486],[-89.900768,30.133481],[-89.887962,30.148436],[-89.88314799999999,30.153349],[-89.874493,30.155412],[-89.864065,30.158215],[-89.854058,30.160275],[-89.850235,30.158457],[-89.849251,30.154584],[-89.84928599999999,30.14397],[-89.850263,30.139554],[-89.846165,30.125946],[-89.832912,30.110422],[-89.817647,30.107376],[-89.799865,30.110422],[-89.78493399999999,30.122463],[-89.77369399999999,30.134359],[-89.757423,30.146546999999998],[-89.749873,30.155541],[-89.752894,30.166566999999997],[-89.755318,30.169749999999997],[-89.75231699999999,30.172055],[-89.74802,30.176337999999998],[-89.746652,30.177097999999997],[-89.74544,30.17745],[-89.744078,30.177498999999997],[-89.74102599999999,30.1768],[-89.738952,30.175912],[-89.736773,30.174671],[-89.733122,30.171528],[-89.726163,30.164675],[-89.723702,30.162903],[-89.72247999999999,30.162205],[-89.719338,30.16103],[-89.716652,30.160762],[-89.71403699999999,30.161213999999998],[-89.705843,30.164305],[-89.700223,30.166677],[-89.697615,30.168208999999997],[-89.695956,30.170128],[-89.69474799999999,30.172276],[-89.69411799999999,30.173084],[-89.692574,30.174239],[-89.690429,30.175093],[-89.688065,30.175472],[-89.686852,30.175487],[-89.684071,30.175131999999998],[-89.681721,30.174286],[-89.664768,30.166794],[-89.662933,30.165746],[-89.661598,30.16461],[-89.65877499999999,30.161431],[-89.655406,30.159304],[-89.654189,30.158917],[-89.65043999999999,30.158144999999998],[-89.644016,30.15843],[-89.640503,30.158234],[-89.629128,30.156091999999997],[-89.62505499999999,30.154904],[-89.625053,30.14999],[-89.627625,30.145142],[-89.63064,30.143043],[-89.633027,30.142028999999997],[-89.634993,30.141488],[-89.636271,30.141582999999997],[-89.640988,30.138607],[-89.642113,30.136561],[-89.643622,30.134773],[-89.64477,30.133948],[-89.64650999999999,30.132244999999998],[-89.646861,30.132202999999997],[-89.648619,30.130557],[-89.650593,30.126278],[-89.654817,30.120213999999997],[-89.657581,30.117911],[-89.65938799999999,30.117016999999997],[-89.660052,30.116508],[-89.663367,30.11468],[-89.665375,30.113974],[-89.665307,30.113639],[-89.665538,30.113291],[-89.66825299999999,30.111189999999997],[-89.669181,30.110663],[-89.67129,30.110218],[-89.67294,30.110512],[-89.674633,30.110401999999997],[-89.67571099999999,30.109990999999997],[-89.675726,30.109513],[-89.675874,30.109423999999997],[-89.67639,30.109668],[-89.676856,30.109520999999997],[-89.677286,30.109257],[-89.677683,30.108646],[-89.678163,30.108283],[-89.678176,30.107775],[-89.678591,30.107601],[-89.678438,30.107035],[-89.678669,30.106426],[-89.679031,30.106192999999998],[-89.679324,30.104902],[-89.679366,30.103278999999997],[-89.679839,30.101349],[-89.679768,30.100800999999997],[-89.68033,30.100057999999997],[-89.680324,30.098941999999997],[-89.680819,30.098073],[-89.68091199999999,30.097043],[-89.681322,30.096038999999998],[-89.681219,30.095042999999997],[-89.681333,30.094579],[-89.681112,30.093711],[-89.681921,30.092664],[-89.682082,30.091779],[-89.68251,30.091096],[-89.682276,30.090560999999997],[-89.682385,30.089285],[-89.682681,30.088545999999997],[-89.68262899999999,30.085289],[-89.682802,30.083143999999997],[-89.683082,30.082665],[-89.683228,30.081895],[-89.68307,30.080405],[-89.682869,30.080202999999997],[-89.683065,30.079563],[-89.68284799999999,30.079217999999997],[-89.68314,30.077813],[-89.683337,30.077551999999997],[-89.683217,30.076973],[-89.683432,30.076725],[-89.68323,30.076406],[-89.683363,30.076117],[-89.684274,30.075647],[-89.68432299999999,30.075402],[-89.68459,30.075415999999997],[-89.686246,30.074479],[-89.687377,30.07424],[-89.690013,30.072923999999997],[-89.69183699999999,30.072478],[-89.69534,30.071112],[-89.696435,30.071047999999998],[-89.69949199999999,30.070366],[-89.701289,30.07069],[-89.704481,30.070483999999997],[-89.706955,30.070048999999997],[-89.707499,30.06982],[-89.709397,30.070023],[-89.710911,30.069602999999997],[-89.711992,30.069098],[-89.712942,30.069083],[-89.713657,30.068825],[-89.714139,30.068551],[-89.714423,30.067946],[-89.714772,30.068016],[-89.714839,30.068278],[-89.715139,30.068247999999997],[-89.715538,30.067873],[-89.716171,30.067712],[-89.716186,30.067380999999997],[-89.716453,30.067584],[-89.716886,30.067338999999997],[-89.717069,30.067698],[-89.717286,30.067742],[-89.719799,30.066934999999997],[-89.720597,30.066402],[-89.721379,30.066329],[-89.72191099999999,30.065955],[-89.722177,30.065189],[-89.721927,30.064929],[-89.722726,30.064498],[-89.723325,30.064483],[-89.723609,30.064324],[-89.72385799999999,30.064048999999997],[-89.723924,30.063602],[-89.724274,30.063962],[-89.72458999999999,30.064034999999997],[-89.72527099999999,30.063862],[-89.726305,30.063198],[-89.726587,30.062751],[-89.727452,30.062655999999997],[-89.727674,30.062116999999997],[-89.72745499999999,30.061850999999997],[-89.728281,30.061767],[-89.728962,30.060713999999997],[-89.729586,30.060222],[-89.72949,30.059459],[-89.729861,30.059417999999997],[-89.729627,30.058992],[-89.73003,30.059109999999997],[-89.730571,30.058747],[-89.730998,30.057575999999997],[-89.731016,30.057329],[-89.730783,30.057004],[-89.730209,30.057001999999997],[-89.730633,30.056756],[-89.730617,30.056241999999997],[-89.730854,30.05604],[-89.730909,30.055279],[-89.731113,30.054928],[-89.730964,30.054547],[-89.731301,30.054516999999997],[-89.731676,30.053511],[-89.731461,30.052792],[-89.73158,30.052456],[-89.731403,30.051195999999997],[-89.731577,30.049951],[-89.731247,30.048778],[-89.730229,30.046885],[-89.730148,30.046124],[-89.729478,30.045503999999998],[-89.72921,30.04505],[-89.729227,30.044784999999997],[-89.728977,30.044624],[-89.728996,30.044272],[-89.72863,30.044079],[-89.727339,30.042289],[-89.72583,30.040948],[-89.724829,30.039434999999997],[-89.722436,30.036465999999997],[-89.721066,30.034205],[-89.720283,30.032473999999997],[-89.719504,30.031499],[-89.718893,30.031077],[-89.71861,30.030562],[-89.71793699999999,30.030354],[-89.717754,30.030147999999997],[-89.717356,30.02902],[-89.717443,30.028581],[-89.716298,30.028105],[-89.716304,30.027258],[-89.716591,30.027009],[-89.716309,30.026349999999997],[-89.71767799999999,30.025271999999998],[-89.722017,30.023169],[-89.724648,30.02245],[-89.72527,30.022541],[-89.726216,30.022223],[-89.730004,30.02205],[-89.733322,30.02205],[-89.733944,30.022271999999997],[-89.734864,30.023345],[-89.734946,30.023756],[-89.736021,30.024493],[-89.73736099999999,30.02589],[-89.738269,30.026391],[-89.739612,30.02675],[-89.739561,30.027161],[-89.74013,30.02772],[-89.742986,30.02899],[-89.74426199999999,30.02976],[-89.74458,30.030082],[-89.74471199999999,30.030638999999997],[-89.745199,30.030918999999997],[-89.745702,30.031509],[-89.745533,30.031788],[-89.746505,30.032594999999997],[-89.74674999999999,30.03368],[-89.74725,30.034485999999998],[-89.748943,30.036178999999997],[-89.749884,30.036593],[-89.75148899999999,30.036673],[-89.75215299999999,30.036151],[-89.752586,30.036727],[-89.753765,30.037111],[-89.75438,30.037685999999997],[-89.755144,30.037912],[-89.756222,30.038687],[-89.758116,30.038607],[-89.75879499999999,30.039109],[-89.759277,30.039192999999997],[-89.759444,30.039668],[-89.759794,30.039983999999997],[-89.760341,30.040098],[-89.761288,30.040699],[-89.761704,30.041172999999997],[-89.762169,30.0412],[-89.762829,30.041642999999997],[-89.764404,30.042057999999997],[-89.766362,30.042123],[-89.771425,30.043025],[-89.773072,30.043101],[-89.773653,30.043229],[-89.77475,30.043916],[-89.775761,30.043809],[-89.776491,30.044152],[-89.777453,30.044234999999997],[-89.77810099999999,30.044535999999997],[-89.778515,30.044434],[-89.779146,30.044545999999997],[-89.780941,30.045057],[-89.78177,30.045056],[-89.782533,30.045368999999997],[-89.78296399999999,30.045233999999997],[-89.78350999999999,30.045291],[-89.784076,30.045016],[-89.785005,30.045385999999997],[-89.786216,30.045209],[-89.786996,30.045406999999997],[-89.787509,30.045202],[-89.788108,30.045447],[-89.788572,30.045240999999997],[-89.789385,30.045396],[-89.789484,30.045264999999997],[-89.789783,30.045292999999997],[-89.790579,30.045752],[-89.791259,30.045302999999997],[-89.793979,30.045707],[-89.794709,30.045458999999997],[-89.796336,30.045468],[-89.796768,30.045668],[-89.797398,30.045461999999997],[-89.79830799999999,30.045503],[-89.801113,30.045216],[-89.801777,30.045402],[-89.80243899999999,30.045153],[-89.803618,30.045132],[-89.804148,30.045274],[-89.804679,30.045112999999997],[-89.805841,30.045326],[-89.80620499999999,30.044978],[-89.807367,30.045261],[-89.808247,30.045056],[-89.808312,30.044725999999997],[-89.808661,30.044967999999997],[-89.80899099999999,30.044604999999997],[-89.809456,30.044445999999997],[-89.80953699999999,30.044601],[-89.809804,30.044428999999997],[-89.810385,30.044642999999997],[-89.810716,30.04457],[-89.810884,30.044784999999997],[-89.811031,30.044483],[-89.811264,30.044393999999997],[-89.811397,30.044407],[-89.811281,30.044566999999997],[-89.811695,30.044608],[-89.812027,30.044261],[-89.812321,30.044417],[-89.818816,30.040792],[-89.819239,30.040726],[-89.819576,30.040885],[-89.819745,30.041628],[-89.82043499999999,30.043142],[-89.820573,30.045824],[-89.821095,30.046103],[-89.82195399999999,30.046196],[-89.830092,30.042882],[-89.83048699999999,30.043851999999998],[-89.83435899999999,30.064052],[-89.834699,30.064572],[-89.843603,30.073127999999997],[-89.844809,30.074465],[-89.84625199999999,30.075077],[-89.847382,30.074824999999997],[-89.849479,30.074972],[-89.855913,30.07483],[-89.85623,30.075049],[-89.85655,30.07565],[-89.856743,30.076632999999998],[-89.858507,30.076328],[-89.860357,30.075574999999997],[-89.861542,30.074764],[-89.862836,30.073418],[-89.86340799999999,30.0725],[-89.86389299999999,30.071213],[-89.864359,30.066535],[-89.864708,30.065],[-89.865873,30.062683999999997],[-89.867722,30.060547999999997],[-89.87395,30.055941999999998],[-89.889617,30.046623],[-89.89655599999999,30.041708],[-89.899971,30.040149],[-89.90237599999999,30.039365999999998],[-89.903506,30.042057],[-89.903773,30.042232],[-89.937384,30.046366],[-89.938817,30.046716],[-89.938729,30.048306],[-89.939162,30.053044],[-89.939094,30.056016],[-89.94065499999999,30.071938],[-89.94134,30.07301],[-89.94466899999999,30.0759],[-89.947518,30.079988]]]}},{"type":"Feature","properties":{"geoid":"22071001800","vintage":"2010","quintile":1,"score":34.5},"geometry":{"type":"Polygon","coordinates":[[[-90.056482,29.961927],[-90.056979,29.968708999999997],[-90.050083,29.969103999999998],[-90.05200599999999,29.962895999999997],[-90.052469,29.961871],[-90.052331,29.958381],[-90.056258,29.960383999999998],[-90.056692,29.961067999999997],[-90.05685299999999,29.961354],[-90.056482,29.961927]]]}},{"type":"Feature","properties":{"geoid":"22071001900","vintage":"2010","quintile":1,"score":30.1},"geometry":{"type":"Polygon","coordinates":[[[-90.056979,29.968708999999997],[-90.057345,29.973606],[-90.048825,29.974110999999997],[-90.05033,29.96912],[-90.056979,29.968708999999997]]]}},{"type":"Feature","properties":{"geoid":"22071002000","vintage":"2010","quintile":1,"score":32.5},"geometry":{"type":"Polygon","coordinates":[[[-90.04812,29.976806],[-90.04804399999999,29.976157999999998],[-90.04829,29.976173],[-90.048326,29.975635999999998],[-90.048825,29.974110999999997],[-90.057345,29.973606],[-90.05765,29.977660999999998],[-90.04754799999999,29.978247],[-90.047947,29.976917],[-90.04812,29.976806]]]}},{"type":"Feature","properties":{"geoid":"22071002100","vintage":"2010","quintile":1,"score":32.9},"geometry":{"type":"Polygon","coordinates":[[[-90.05765,29.977660999999998],[-90.058166,29.981008],[-90.05777499999999,29.981576999999998],[-90.05648,29.982801],[-90.055183,29.982896],[-90.054403,29.98343],[-90.054463,29.983964999999998],[-90.052206,29.984102999999998],[-90.051728,29.978015],[-90.05765,29.977660999999998]]]}},{"type":"Feature","properties":{"geoid":"22071002200","vintage":"2010","quintile":3,"score":57.5},"geometry":{"type":"Polygon","coordinates":[[[-90.045632,29.984475],[-90.04754799999999,29.978247],[-90.051728,29.978015],[-90.052206,29.984102999999998],[-90.045632,29.984475]]]}},{"type":"Feature","properties":{"geoid":"22071002300","vintage":"2010","quintile":2,"score":49.9},"geometry":{"type":"Polygon","coordinates":[[[-90.077428,29.993087],[-90.07625999999999,29.992855],[-90.07336,29.993029],[-90.073262,29.991664],[-90.071415,29.990982],[-90.069434,29.990817],[-90.06939799999999,29.990198999999997],[-90.065654,29.990423],[-90.065197,29.990295999999997],[-90.06467099999999,29.990503],[-90.049836,29.991383],[-90.049247,29.991104],[-90.04524699999999,29.995552],[-90.044671,29.987302],[-90.045632,29.984475],[-90.054463,29.983964999999998],[-90.054403,29.98343],[-90.055183,29.982896],[-90.05648,29.982801],[-90.05777499999999,29.981576999999998],[-90.058166,29.981008],[-90.05809599999999,29.984762999999997],[-90.05943099999999,29.984693999999998],[-90.059494,29.985685999999998],[-90.062902,29.985504],[-90.06298799999999,29.986503],[-90.065322,29.986373],[-90.065404,29.987394],[-90.067937,29.987209999999997],[-90.068039,29.987917999999997],[-90.06832299999999,29.988163],[-90.07038299999999,29.988099],[-90.070476,29.989114999999998],[-90.07372,29.988948999999998],[-90.073866,29.990772999999997],[-90.076669,29.991740999999998],[-90.077428,29.993087]]]}},{"type":"Feature","properties":{"geoid":"22071002401","vintage":"2010","quintile":2,"score":47.1},"geometry":{"type":"Polygon","coordinates":[[[-90.050572,29.992863999999997],[-90.04767,29.992853],[-90.049247,29.991104],[-90.049836,29.991383],[-90.05873,29.990864],[-90.05942399999999,29.999603999999998],[-90.056392,30.001896],[-90.050572,29.992863999999997]]]}},{"type":"Feature","properties":{"geoid":"22071002402","vintage":"2010","quintile":1,"score":31.1},"geometry":{"type":"Polygon","coordinates":[[[-90.05371,30.002931],[-90.047984,30.003100999999997],[-90.045862,30.002736],[-90.04524699999999,29.995552],[-90.04767,29.992853],[-90.048737,29.992991],[-90.050572,29.992863999999997],[-90.056392,30.001896],[-90.05371,30.002931]]]}},{"type":"Feature","properties":{"geoid":"22071002501","vintage":"2010","quintile":5,"score":66.0},"geometry":{"type":"Polygon","coordinates":[[[-90.05436999999999,30.025555999999998],[-90.053485,30.013213],[-90.057892,30.013029],[-90.05900799999999,30.012674999999998],[-90.060463,30.012535],[-90.061516,30.025236999999997],[-90.05888399999999,30.02533],[-90.053305,30.026113],[-90.05320499999999,30.02565],[-90.05436999999999,30.025555999999998]]]}},{"type":"Feature","properties":{"geoid":"22071002502","vintage":"2010","quintile":4,"score":59.9},"geometry":{"type":"Polygon","coordinates":[[[-90.053485,30.013213],[-90.05436999999999,30.025555999999998],[-90.05320499999999,30.02565],[-90.053305,30.026113],[-90.052247,30.026387999999997],[-90.04793699999999,30.027186999999998],[-90.04776799999999,30.026645],[-90.046735,30.013261999999997],[-90.053485,30.013213]]]}},{"type":"Feature","properties":{"geoid":"22071002503","vintage":"2010","quintile":1,"score":31.8},"geometry":{"type":"Polygon","coordinates":[[[-90.05942399999999,29.999603999999998],[-90.060463,30.012535],[-90.05900799999999,30.012674999999998],[-90.057892,30.013029],[-90.053872,30.013208],[-90.05306999999999,30.002981],[-90.05430899999999,30.002782999999997],[-90.056392,30.001896],[-90.05942399999999,29.999603999999998]]]}},{"type":"Feature","properties":{"geoid":"22071002504","vintage":"2010","quintile":1,"score":30.8},"geometry":{"type":"Polygon","coordinates":[[[-90.047984,30.003100999999997],[-90.05306999999999,30.002981],[-90.053872,30.013208],[-90.046735,30.013261999999997],[-90.045862,30.002736],[-90.047984,30.003100999999997]]]}},{"type":"Feature","properties":{"geoid":"22071002600","vintage":"2010","quintile":1,"score":24.9},"geometry":{"type":"Polygon","coordinates":[[[-90.056979,29.968708999999997],[-90.056482,29.961927],[-90.05685299999999,29.961354],[-90.063597,29.966020999999998],[-90.06215399999999,29.967596],[-90.061523,29.968035999999998],[-90.060733,29.968284999999998],[-90.056979,29.968708999999997]]]}},{"type":"Feature","properties":{"geoid":"22071002700","vintage":"2010","quintile":1,"score":28.2},"geometry":{"type":"Polygon","coordinates":[[[-90.057327,29.973277],[-90.056979,29.968708999999997],[-90.06092,29.968245],[-90.061712,29.967945999999998],[-90.062412,29.967319999999997],[-90.06552099999999,29.972514999999998],[-90.064989,29.972814999999997],[-90.057327,29.973277]]]}},{"type":"Feature","properties":{"geoid":"22071002800","vintage":"2010","quintile":1,"score":31.4},"geometry":{"type":"Polygon","coordinates":[[[-90.07155399999999,29.982893999999998],[-90.06507599999999,29.983325999999998],[-90.06419799999999,29.972856999999998],[-90.065058,29.972801999999998],[-90.06552099999999,29.972514999999998],[-90.07155399999999,29.982893999999998]]]}},{"type":"Feature","properties":{"geoid":"22071002900","vintage":"2010","quintile":1,"score":29.4},"geometry":{"type":"Polygon","coordinates":[[[-90.06465899999999,29.97826],[-90.057716,29.978672],[-90.057327,29.973277],[-90.06419799999999,29.972856999999998],[-90.06465899999999,29.97826]]]}},{"type":"Feature","properties":{"geoid":"22071003000","vintage":"2010","quintile":1,"score":32.0},"geometry":{"type":"Polygon","coordinates":[[[-90.057716,29.978672],[-90.06465899999999,29.97826],[-90.06507599999999,29.983325999999998],[-90.058054,29.983756],[-90.058167,29.980672],[-90.057716,29.978672]]]}},{"type":"Feature","properties":{"geoid":"22071003100","vintage":"2010","quintile":1,"score":32.7},"geometry":{"type":"Polygon","coordinates":[[[-90.058054,29.983756],[-90.07155399999999,29.982893999999998],[-90.07173499999999,29.98321],[-90.06796399999999,29.987395],[-90.067937,29.987209999999997],[-90.065404,29.987394],[-90.065322,29.986373],[-90.06298799999999,29.986503],[-90.062902,29.985504],[-90.059557,29.985706],[-90.05943099999999,29.984693999999998],[-90.05809599999999,29.984762999999997],[-90.058054,29.983756]]]}},{"type":"Feature","properties":{"geoid":"22071003301","vintage":"2010","quintile":5,"score":70.5},"geometry":{"type":"Polygon","coordinates":[[[-90.07007399999999,30.011861999999997],[-90.084882,30.011104999999997],[-90.084296,30.015141999999997],[-90.084063,30.018770999999997],[-90.08303699999999,30.020864999999997],[-90.075626,30.021258],[-90.073886,30.021499],[-90.070799,30.021407999999997],[-90.07007399999999,30.011861999999997]]]}},{"type":"Feature","properties":{"geoid":"22071003302","vintage":"2010","quintile":1,"score":41.5},"geometry":{"type":"Polygon","coordinates":[[[-90.07392999999999,30.000096],[-90.08576099999999,29.999420999999998],[-90.08505,29.999723999999997],[-90.08534999999999,30.002713],[-90.08529899999999,30.006650999999998],[-90.084992,30.008471],[-90.084882,30.011104999999997],[-90.07007399999999,30.011861999999997],[-90.06949499999999,30.005385],[-90.07001699999999,30.005277],[-90.073617,30.002278999999998],[-90.074084,30.002133999999998],[-90.07392999999999,30.000096]]]}},{"type":"Feature","properties":{"geoid":"22071003303","vintage":"2010","quintile":1,"score":43.9},"geometry":{"type":"Polygon","coordinates":[[[-90.061516,30.025236999999997],[-90.06088199999999,30.016792],[-90.069418,30.016271999999997],[-90.06968599999999,30.016468],[-90.07046299999999,30.016257],[-90.07097999999999,30.023359],[-90.069639,30.023615999999997],[-90.065319,30.023964],[-90.06290399999999,30.024991999999997],[-90.061516,30.025236999999997]]]}},{"type":"Feature","properties":{"geoid":"22071003304","vintage":"2010","quintile":2,"score":49.2},"geometry":{"type":"Polygon","coordinates":[[[-90.060141,30.008250999999998],[-90.0697,30.007649999999998],[-90.07046299999999,30.016257],[-90.06968599999999,30.016468],[-90.069418,30.016271999999997],[-90.06088199999999,30.016792],[-90.060141,30.008250999999998]]]}},{"type":"Feature","properties":{"geoid":"22071003307","vintage":"2010","quintile":1,"score":32.8},"geometry":{"type":"Polygon","coordinates":[[[-90.06939799999999,29.990198999999997],[-90.069434,29.990817],[-90.071415,29.990982],[-90.073262,29.991664],[-90.074084,30.002133999999998],[-90.073617,30.002278999999998],[-90.07001699999999,30.005277],[-90.06949499999999,30.005385],[-90.068715,29.994304999999997],[-90.06847499999999,29.993219999999997],[-90.068229,29.990261],[-90.06939799999999,29.990198999999997]]]}},{"type":"Feature","properties":{"geoid":"22071003308","vintage":"2010","quintile":1,"score":30.5},"geometry":{"type":"Polygon","coordinates":[[[-90.060141,30.008250999999998],[-90.05873,29.990864],[-90.06467099999999,29.990503],[-90.065197,29.990295999999997],[-90.065654,29.990423],[-90.068229,29.990261],[-90.06847499999999,29.993219999999997],[-90.068715,29.994304999999997],[-90.0697,30.007649999999998],[-90.060141,30.008250999999998]]]}},{"type":"Feature","properties":{"geoid":"22071003400","vintage":"2010","quintile":1,"score":28.0},"geometry":{"type":"Polygon","coordinates":[[[-90.063597,29.966020999999998],[-90.071235,29.971269999999997],[-90.06738299999999,29.975604999999998],[-90.062412,29.967319999999997],[-90.063597,29.966020999999998]]]}},{"type":"Feature","properties":{"geoid":"22071003500","vintage":"2010","quintile":1,"score":29.0},"geometry":{"type":"Polygon","coordinates":[[[-90.069604,29.979402],[-90.06738299999999,29.975604999999998],[-90.071235,29.971269999999997],[-90.073244,29.972731],[-90.074798,29.973585],[-90.07367099999999,29.974603],[-90.07328799999999,29.975313999999997],[-90.069604,29.979402]]]}},{"type":"Feature","properties":{"geoid":"22071003600","vintage":"2010","quintile":1,"score":30.3},"geometry":{"type":"Polygon","coordinates":[[[-90.07328799999999,29.975313999999997],[-90.07367099999999,29.974603],[-90.074798,29.973585],[-90.078176,29.975991999999998],[-90.07173499999999,29.98321],[-90.06956699999999,29.979422999999997],[-90.07328799999999,29.975313999999997]]]}},{"type":"Feature","properties":{"geoid":"22071003701","vintage":"2010","quintile":1,"score":32.3},"geometry":{"type":"Polygon","coordinates":[[[-90.086197,29.992675],[-90.08261499999999,29.992371],[-90.07826999999999,29.992469999999997],[-90.077416,29.992321999999998],[-90.076898,29.99215],[-90.076669,29.991740999999998],[-90.073866,29.990772999999997],[-90.07372,29.988948999999998],[-90.075516,29.987606999999997],[-90.07630999999999,29.985864],[-90.083586,29.986107999999998],[-90.085396,29.986445],[-90.086208,29.984313],[-90.085855,29.984222],[-90.08667,29.981852999999997],[-90.08937,29.983772],[-90.089188,29.984043999999997],[-90.08885099999999,29.985809],[-90.087704,29.987129999999997],[-90.08784,29.988339],[-90.087291,29.989261],[-90.087074,29.990664],[-90.086483,29.991726999999997],[-90.086458,29.992335999999998],[-90.086197,29.992675]]]}},{"type":"Feature","properties":{"geoid":"22071003702","vintage":"2010","quintile":1,"score":30.1},"geometry":{"type":"Polygon","coordinates":[[[-90.068039,29.987917999999997],[-90.06796399999999,29.987395],[-90.078176,29.975991999999998],[-90.08667,29.981852999999997],[-90.085855,29.984222],[-90.086208,29.984313],[-90.085396,29.986445],[-90.083586,29.986107999999998],[-90.07630999999999,29.985864],[-90.075516,29.987606999999997],[-90.07372,29.988948999999998],[-90.070476,29.989114999999998],[-90.07038299999999,29.988099],[-90.068418,29.988193],[-90.068039,29.987917999999997]]]}},{"type":"Feature","properties":{"geoid":"22071003800","vintage":"2010","quintile":1,"score":31.6},"geometry":{"type":"Polygon","coordinates":[[[-90.059963,29.958781],[-90.066284,29.963005],[-90.063597,29.966020999999998],[-90.05685299999999,29.961354],[-90.056258,29.960383999999998],[-90.052331,29.958381],[-90.05447199999999,29.958002999999998],[-90.056972,29.956602999999998],[-90.059963,29.958781]]]}},{"type":"Feature","properties":{"geoid":"22071003900","vintage":"2010","quintile":1,"score":27.5},"geometry":{"type":"Polygon","coordinates":[[[-90.069921,29.958941],[-90.07473499999999,29.962197999999997],[-90.068365,29.969334],[-90.063597,29.966020999999998],[-90.069921,29.958941]]]}},{"type":"Feature","properties":{"geoid":"22071004000","vintage":"2010","quintile":1,"score":27.6},"geometry":{"type":"Polygon","coordinates":[[[-90.07112,29.966374],[-90.080793,29.973004],[-90.078176,29.975991999999998],[-90.068365,29.969334],[-90.07112,29.966374]]]}},{"type":"Feature","properties":{"geoid":"22071004100","vintage":"2010","quintile":1,"score":29.5},"geometry":{"type":"Polygon","coordinates":[[[-90.088466,29.978361],[-90.08776,29.979445],[-90.08755099999999,29.98014],[-90.089998,29.981876999999997],[-90.090464,29.9826],[-90.09034299999999,29.982891],[-90.08996599999999,29.983058],[-90.08937,29.983772],[-90.078176,29.975991999999998],[-90.080793,29.973004],[-90.088466,29.978361]]]}},{"type":"Feature","properties":{"geoid":"22071004401","vintage":"2010","quintile":1,"score":40.7},"geometry":{"type":"Polygon","coordinates":[[[-90.07291699999999,29.964229999999997],[-90.080226,29.969116999999997],[-90.081508,29.967671],[-90.082679,29.968346999999998],[-90.083113,29.967838999999998],[-90.08444899999999,29.968698999999997],[-90.080793,29.973004],[-90.071067,29.966336],[-90.07291699999999,29.964229999999997]]]}},{"type":"Feature","properties":{"geoid":"22071004402","vintage":"2010","quintile":1,"score":30.6},"geometry":{"type":"Polygon","coordinates":[[[-90.080226,29.969116999999997],[-90.07291699999999,29.964229999999997],[-90.07473499999999,29.962197999999997],[-90.083113,29.967838999999998],[-90.082679,29.968346999999998],[-90.081508,29.967671],[-90.080226,29.969116999999997]]]}},{"type":"Feature","properties":{"geoid":"22071004500","vintage":"2010","quintile":1,"score":38.9},"geometry":{"type":"Polygon","coordinates":[[[-90.091612,29.973229],[-90.091274,29.973314],[-90.090937,29.974092],[-90.090886,29.974577],[-90.090071,29.976761],[-90.088466,29.978361],[-90.080793,29.973004],[-90.084569,29.968557999999998],[-90.09134399999999,29.972659999999998],[-90.091213,29.972797999999997],[-90.091612,29.973229]]]}},{"type":"Feature","properties":{"geoid":"22071004600","vintage":"2010","quintile":1,"score":30.5},"geometry":{"type":"Polygon","coordinates":[[[-90.088466,29.978361],[-90.090071,29.976761],[-90.090409,29.975931],[-90.09143499999999,29.976855999999998],[-90.09539699999999,29.979518],[-90.09567299999999,29.979263999999997],[-90.09553199999999,29.979170999999997],[-90.096673,29.978102999999997],[-90.105086,29.983791],[-90.103839,29.984109],[-90.102734,29.984121],[-90.09165999999999,29.983030999999997],[-90.090463,29.983687999999997],[-90.08993,29.984325],[-90.08937,29.983772],[-90.08996599999999,29.983058],[-90.09034299999999,29.982891],[-90.090464,29.9826],[-90.089998,29.981876999999997],[-90.08755099999999,29.98014],[-90.08776,29.979445],[-90.088466,29.978361]]]}},{"type":"Feature","properties":{"geoid":"22071004800","vintage":"2010","quintile":1,"score":28.1},"geometry":{"type":"Polygon","coordinates":[[[-90.07473499999999,29.962197999999997],[-90.07064899999999,29.959424],[-90.07267999999999,29.957116],[-90.076793,29.959894],[-90.07473499999999,29.962197999999997]]]}},{"type":"Feature","properties":{"geoid":"22071004900","vintage":"2010","quintile":1,"score":31.5},"geometry":{"type":"Polygon","coordinates":[[[-90.079625,29.956739],[-90.08382,29.958765],[-90.089627,29.962811],[-90.08444899999999,29.968698999999997],[-90.07473499999999,29.962197999999997],[-90.079625,29.956739]]]}},{"type":"Feature","properties":{"geoid":"22071005000","vintage":"2010","quintile":1,"score":42.9},"geometry":{"type":"Polygon","coordinates":[[[-90.09134399999999,29.972659999999998],[-90.084569,29.968557999999998],[-90.08735899999999,29.965436999999998],[-90.100611,29.974411],[-90.097309,29.977493],[-90.093059,29.974676],[-90.091562,29.973308],[-90.091213,29.972797999999997],[-90.09134399999999,29.972659999999998]]]}},{"type":"Feature","properties":{"geoid":"22071005400","vintage":"2010","quintile":1,"score":39.5},"geometry":{"type":"Polygon","coordinates":[[[-90.091274,29.973314],[-90.091562,29.973308],[-90.093059,29.974676],[-90.097309,29.977493],[-90.100611,29.974411],[-90.111558,29.981869],[-90.107428,29.983209],[-90.105086,29.983791],[-90.096673,29.978102999999997],[-90.09553199999999,29.979170999999997],[-90.09567299999999,29.979263999999997],[-90.09539699999999,29.979518],[-90.09127099999999,29.976734999999998],[-90.09035399999999,29.975868],[-90.091274,29.973314]]]}},{"type":"Feature","properties":{"geoid":"22071005500","vintage":"2010","quintile":1,"score":35.6},"geometry":{"type":"Polygon","coordinates":[[[-90.10949199999999,29.993931999999997],[-90.104912,29.993617],[-90.104796,29.993479999999998],[-90.101649,29.993223999999998],[-90.102734,29.984121],[-90.103839,29.984109],[-90.107428,29.983209],[-90.113699,29.981150999999997],[-90.115487,29.985794],[-90.11604799999999,29.987923],[-90.116085,29.990938999999997],[-90.116506,29.992417],[-90.116056,29.993738999999998],[-90.11590699999999,29.995721],[-90.11374599999999,29.995769],[-90.109292,29.995362],[-90.10949199999999,29.993931999999997]]]}},{"type":"Feature","properties":{"geoid":"22071005601","vintage":"2010","quintile":4,"score":64.5},"geometry":{"type":"Polygon","coordinates":[[[-90.10820199999999,30.004856999999998],[-90.115804,30.005602999999997],[-90.114716,30.019488],[-90.113546,30.020256],[-90.106455,30.019623],[-90.10820199999999,30.004856999999998]]]}},{"type":"Feature","properties":{"geoid":"22071005602","vintage":"2010","quintile":5,"score":66.8},"geometry":{"type":"Polygon","coordinates":[[[-90.100414,30.004029],[-90.102796,30.004393],[-90.10820199999999,30.004856999999998],[-90.106455,30.019623],[-90.09868399999999,30.018908999999997],[-90.100414,30.004029]]]}},{"type":"Feature","properties":{"geoid":"22071005603","vintage":"2010","quintile":3,"score":57.5},"geometry":{"type":"Polygon","coordinates":[[[-90.115804,30.005602999999997],[-90.10820199999999,30.004856999999998],[-90.109292,29.995362],[-90.11374599999999,29.995769],[-90.11590699999999,29.995721],[-90.115853,29.997816999999998],[-90.116239,29.999339],[-90.115804,30.005602999999997]]]}},{"type":"Feature","properties":{"geoid":"22071005604","vintage":"2010","quintile":2,"score":48.1},"geometry":{"type":"Polygon","coordinates":[[[-90.101649,29.993223999999998],[-90.10949199999999,29.993931999999997],[-90.10820199999999,30.004856999999998],[-90.102796,30.004393],[-90.100414,30.004029],[-90.101649,29.993223999999998]]]}},{"type":"Feature","properties":{"geoid":"22071006000","vintage":"2010","quintile":2,"score":48.2},"geometry":{"type":"Polygon","coordinates":[[[-90.079625,29.956739],[-90.085202,29.950452],[-90.085871,29.951703],[-90.086365,29.952285999999997],[-90.094117,29.95781],[-90.089627,29.962811],[-90.08382,29.958765],[-90.079625,29.956739]]]}},{"type":"Feature","properties":{"geoid":"22071006300","vintage":"2010","quintile":5,"score":67.8},"geometry":{"type":"Polygon","coordinates":[[[-90.08735899999999,29.965436999999998],[-90.090368,29.961983],[-90.09053,29.962075],[-90.096944,29.96642],[-90.09391099999999,29.969886],[-90.08735899999999,29.965436999999998]]]}},{"type":"Feature","properties":{"geoid":"22071006400","vintage":"2010","quintile":2,"score":44.5},"geometry":{"type":"Polygon","coordinates":[[[-90.10565199999999,29.969703],[-90.100611,29.974411],[-90.09391099999999,29.969886],[-90.097718,29.965664],[-90.101478,29.968199],[-90.102173,29.967373],[-90.10565199999999,29.969703]]]}},{"type":"Feature","properties":{"geoid":"22071006500","vintage":"2010","quintile":1,"score":41.8},"geometry":{"type":"Polygon","coordinates":[[[-90.111558,29.981869],[-90.100611,29.974411],[-90.10565199999999,29.969703],[-90.109616,29.972378],[-90.110091,29.971784],[-90.11044299999999,29.972548999999997],[-90.111862,29.976633999999997],[-90.113699,29.981150999999997],[-90.111558,29.981869]]]}},{"type":"Feature","properties":{"geoid":"22071006900","vintage":"2010","quintile":1,"score":41.7},"geometry":{"type":"Polygon","coordinates":[[[-90.088359,29.946189],[-90.098276,29.951724],[-90.098021,29.951971],[-90.097861,29.952645999999998],[-90.094117,29.95781],[-90.086365,29.952285999999997],[-90.085871,29.951703],[-90.085202,29.950452],[-90.088359,29.946189]]]}},{"type":"Feature","properties":{"geoid":"22071007000","vintage":"2010","quintile":2,"score":50.9},"geometry":{"type":"Polygon","coordinates":[[[-90.110052,29.965519999999998],[-90.107523,29.9679],[-90.104961,29.965501],[-90.094117,29.95781],[-90.097861,29.952645999999998],[-90.098021,29.951971],[-90.098276,29.951724],[-90.102199,29.953961999999997],[-90.10628799999999,29.962353],[-90.110052,29.965519999999998]]]}},{"type":"Feature","properties":{"geoid":"22071007101","vintage":"2010","quintile":2,"score":44.7},"geometry":{"type":"Polygon","coordinates":[[[-90.109616,29.972378],[-90.102173,29.967373],[-90.101478,29.968199],[-90.097718,29.965664],[-90.096944,29.96642],[-90.090368,29.961983],[-90.090581,29.961727],[-90.09240899999999,29.962539999999997],[-90.093336,29.961475999999998],[-90.094274,29.961921999999998],[-90.09530699999999,29.960818999999997],[-90.10028799999999,29.963072999999998],[-90.10072,29.962567999999997],[-90.104961,29.965501],[-90.108418,29.96878],[-90.110091,29.971784],[-90.109616,29.972378]]]}},{"type":"Feature","properties":{"geoid":"22071007200","vintage":"2010","quintile":2,"score":47.1},"geometry":{"type":"Polygon","coordinates":[[[-90.10533099999999,29.955965],[-90.11021699999999,29.958477],[-90.110948,29.957613],[-90.114201,29.960255],[-90.11434299999999,29.960123],[-90.11513699999999,29.960777],[-90.115752,29.960214999999998],[-90.118498,29.962401],[-90.116214,29.964564],[-90.117026,29.965192],[-90.115532,29.96659],[-90.114711,29.965934999999998],[-90.11271699999999,29.967827999999997],[-90.11189,29.967174999999997],[-90.10628799999999,29.962353],[-90.102199,29.953961999999997],[-90.10145299999999,29.952731],[-90.105941,29.955147],[-90.10533099999999,29.955965]]]}},{"type":"Feature","properties":{"geoid":"22071007501","vintage":"2010","quintile":2,"score":51.9},"geometry":{"type":"Polygon","coordinates":[[[-90.12812,29.961907999999998],[-90.130741,29.963918999999997],[-90.13062599999999,29.964062],[-90.130195,29.963922999999998],[-90.126559,29.970264999999998],[-90.126071,29.971822],[-90.12478399999999,29.974154],[-90.124775,29.975790999999997],[-90.122295,29.975588],[-90.116845,29.971248],[-90.118088,29.971337],[-90.118836,29.970579999999998],[-90.11800699999999,29.969928999999997],[-90.11876199999999,29.96922],[-90.117967,29.968577999999997],[-90.11945999999999,29.967157],[-90.121089,29.968459],[-90.12812,29.961907999999998]]]}},{"type":"Feature","properties":{"geoid":"22071007502","vintage":"2010","quintile":4,"score":62.7},"geometry":{"type":"Polygon","coordinates":[[[-90.12490000000001,29.959252],[-90.12812,29.961907999999998],[-90.121089,29.968459],[-90.11945999999999,29.967157],[-90.118704,29.967861],[-90.117967,29.968577999999997],[-90.11876199999999,29.96922],[-90.11800699999999,29.969928999999997],[-90.118836,29.970579999999998],[-90.118088,29.971337],[-90.116845,29.971248],[-90.11271699999999,29.967827999999997],[-90.114711,29.965934999999998],[-90.115532,29.96659],[-90.117026,29.965192],[-90.116214,29.964564],[-90.118498,29.962401],[-90.120132,29.963708999999998],[-90.12490000000001,29.959252]]]}},{"type":"Feature","properties":{"geoid":"22071007604","vintage":"2010","quintile":1,"score":35.9},"geometry":{"type":"Polygon","coordinates":[[[-90.115647,29.986265],[-90.112146,29.977314999999997],[-90.11442799999999,29.977559999999997],[-90.113604,29.976868999999997],[-90.11663899999999,29.974052999999998],[-90.117421,29.974663999999997],[-90.118184,29.974010999999997],[-90.118983,29.974598],[-90.119953,29.973737999999997],[-90.122295,29.975588],[-90.124775,29.975790999999997],[-90.12467,29.976212],[-90.12487399999999,29.976302999999998],[-90.124022,29.988101],[-90.122957,30.000071],[-90.11623499999999,29.999691],[-90.115832,29.997351],[-90.11596399999999,29.994266],[-90.116506,29.992417],[-90.116085,29.990938999999997],[-90.11604799999999,29.987923],[-90.115647,29.986265]]]}},{"type":"Feature","properties":{"geoid":"22071007605","vintage":"2010","quintile":2,"score":48.7},"geometry":{"type":"Polygon","coordinates":[[[-90.107523,29.9679],[-90.110052,29.965519999999998],[-90.110901,29.966365],[-90.119953,29.973737999999997],[-90.118983,29.974598],[-90.118184,29.974010999999997],[-90.117421,29.974663999999997],[-90.11663899999999,29.974052999999998],[-90.113604,29.976868999999997],[-90.11442799999999,29.977559999999997],[-90.112146,29.977314999999997],[-90.110091,29.971784],[-90.10860799999999,29.969033999999997],[-90.107523,29.9679]]]}},{"type":"Feature","properties":{"geoid":"22071007606","vintage":"2010","quintile":3,"score":56.8},"geometry":{"type":"Polygon","coordinates":[[[-90.11336,30.027935],[-90.113776,30.026598],[-90.11384799999999,30.024327],[-90.11428599999999,30.023118],[-90.114539,30.020146999999998],[-90.11478199999999,30.019035],[-90.11623499999999,29.999691],[-90.122957,30.000071],[-90.120959,30.021974999999998],[-90.12101,30.024749],[-90.120691,30.025168999999998],[-90.120491,30.025140999999998],[-90.12025299999999,30.027534],[-90.119919,30.028689],[-90.118541,30.029844999999998],[-90.11883999999999,30.032290999999997],[-90.113479,30.031605],[-90.113562,30.030496999999997],[-90.11331,30.029322999999998],[-90.109948,30.029149999999998],[-90.10997499999999,30.028222999999997],[-90.11336,30.027935]]]}},{"type":"Feature","properties":{"geoid":"22071007607","vintage":"2020","quintile":2,"score":49.0},"geometry":{"type":"Polygon","coordinates":[[[-90.122957,30.000071],[-90.12178,30.012894],[-90.12093,30.012836],[-90.12079,30.014297],[-90.11519,30.014000000000003],[-90.11623499999999,29.999691],[-90.122957,30.000071]]]}},{"type":"Feature","properties":{"geoid":"22071007608","vintage":"2020","quintile":4,"score":63.4},"geometry":{"type":"Polygon","coordinates":[[[-90.121776,30.012943999999997],[-90.120959,30.021974999999998],[-90.120908,30.024881999999998],[-90.120691,30.025168999999998],[-90.120491,30.025140999999998],[-90.12025299999999,30.027534],[-90.119919,30.028689],[-90.118541,30.029844999999998],[-90.11883999999999,30.032290999999997],[-90.113479,30.031605],[-90.113562,30.030496999999997],[-90.11331,30.029322999999998],[-90.109948,30.029149999999998],[-90.10997499999999,30.028222999999997],[-90.11336,30.027935],[-90.11355499999999,30.027531],[-90.113742,30.026830999999998],[-90.113925,30.024099],[-90.11428599999999,30.023118],[-90.114539,30.020146999999998],[-90.11475999999999,30.019247],[-90.11519,30.014000000000003],[-90.12079,30.014297],[-90.12093,30.012836],[-90.121776,30.012943999999997]]]}},{"type":"Feature","properties":{"geoid":"22071007700","vintage":"2010","quintile":1,"score":24.4},"geometry":{"type":"Polygon","coordinates":[[[-90.067289,29.927000999999997],[-90.072099,29.931236],[-90.07332799999999,29.932488],[-90.070532,29.931891999999998],[-90.07023099999999,29.932885],[-90.068945,29.932605],[-90.068691,29.933570999999997],[-90.069998,29.93387],[-90.069409,29.93581],[-90.071863,29.936359],[-90.06918,29.945311999999998],[-90.063018,29.943951],[-90.062772,29.940303999999998],[-90.062052,29.939860999999997],[-90.062038,29.938588],[-90.06247599999999,29.938605],[-90.062511,29.937917],[-90.057982,29.938015],[-90.05917199999999,29.930404],[-90.062472,29.926004],[-90.065333,29.926741999999997],[-90.067289,29.927000999999997]]]}},{"type":"Feature","properties":{"geoid":"22071007800","vintage":"2010","quintile":1,"score":32.0},"geometry":{"type":"Polygon","coordinates":[[[-90.068945,29.932605],[-90.07023099999999,29.932885],[-90.070532,29.931891999999998],[-90.07332799999999,29.932488],[-90.07422199999999,29.933065],[-90.07489,29.933864999999997],[-90.076422,29.935219],[-90.07359699999999,29.939034999999997],[-90.07271999999999,29.938502999999997],[-90.07129599999999,29.938236999999997],[-90.071863,29.936359],[-90.069409,29.93581],[-90.069998,29.93387],[-90.068691,29.933570999999997],[-90.068945,29.932605]]]}},{"type":"Feature","properties":{"geoid":"22071008200","vintage":"2010","quintile":1,"score":29.4},"geometry":{"type":"Polygon","coordinates":[[[-90.073375,29.931091],[-90.073066,29.930811],[-90.07598399999999,29.928804999999997],[-90.080523,29.934054],[-90.077503,29.936189],[-90.07489,29.933864999999997],[-90.07422199999999,29.933065],[-90.07306,29.93218],[-90.073375,29.931091]]]}},{"type":"Feature","properties":{"geoid":"22071008300","vintage":"2010","quintile":1,"score":31.6},"geometry":{"type":"Polygon","coordinates":[[[-90.075206,29.924355],[-90.076084,29.923807],[-90.08264799999999,29.932757],[-90.080523,29.934054],[-90.07391,29.926417999999998],[-90.07588299999999,29.925147],[-90.075206,29.924355]]]}},{"type":"Feature","properties":{"geoid":"22071008400","vintage":"2010","quintile":1,"score":32.0},"geometry":{"type":"Polygon","coordinates":[[[-90.08264799999999,29.932757],[-90.085139,29.93612],[-90.084558,29.936453],[-90.084353,29.936169999999997],[-90.082105,29.937617999999997],[-90.081402,29.938108999999997],[-90.080782,29.939104],[-90.077503,29.936189],[-90.079571,29.934642999999998],[-90.08264799999999,29.932757]]]}},{"type":"Feature","properties":{"geoid":"22071008500","vintage":"2010","quintile":1,"score":34.8},"geometry":{"type":"Polygon","coordinates":[[[-90.085111,29.942992],[-90.080782,29.939104],[-90.081402,29.938108999999997],[-90.082105,29.937617999999997],[-90.084353,29.936169999999997],[-90.084558,29.936453],[-90.085139,29.93612],[-90.088318,29.940419],[-90.085662,29.942095],[-90.085111,29.942992]]]}},{"type":"Feature","properties":{"geoid":"22071008600","vintage":"2010","quintile":5,"score":67.1},"geometry":{"type":"Polygon","coordinates":[[[-90.095601,29.950256999999997],[-90.088359,29.946189],[-90.088505,29.945995],[-90.085111,29.942992],[-90.085584,29.942165],[-90.088318,29.940419],[-90.095601,29.950256999999997]]]}},{"type":"Feature","properties":{"geoid":"22071008800","vintage":"2010","quintile":1,"score":31.9},"geometry":{"type":"Polygon","coordinates":[[[-90.08376299999999,29.925490999999997],[-90.07920899999999,29.92804],[-90.076084,29.923807],[-90.080794,29.921364999999998],[-90.08376299999999,29.925490999999997]]]}},{"type":"Feature","properties":{"geoid":"22071009000","vintage":"2010","quintile":1,"score":33.6},"geometry":{"type":"Polygon","coordinates":[[[-90.07920899999999,29.92804],[-90.086171,29.924128999999997],[-90.087727,29.92343],[-90.090182,29.928632],[-90.08808499999999,29.929658],[-90.08264799999999,29.932757],[-90.07920899999999,29.92804]]]}},{"type":"Feature","properties":{"geoid":"22071009100","vintage":"2010","quintile":1,"score":35.5},"geometry":{"type":"Polygon","coordinates":[[[-90.09201399999999,29.932371],[-90.085139,29.93612],[-90.08264799999999,29.932757],[-90.08808499999999,29.929658],[-90.090182,29.928632],[-90.09201399999999,29.932371]]]}},{"type":"Feature","properties":{"geoid":"22071009200","vintage":"2010","quintile":1,"score":36.5},"geometry":{"type":"Polygon","coordinates":[[[-90.093785,29.935927],[-90.088376,29.9389],[-90.087504,29.939235999999998],[-90.085139,29.93612],[-90.09201399999999,29.932371],[-90.093785,29.935927]]]}},{"type":"Feature","properties":{"geoid":"22071009400","vintage":"2010","quintile":5,"score":72.2},"geometry":{"type":"Polygon","coordinates":[[[-90.09116999999999,29.944201],[-90.09607,29.941468],[-90.100928,29.951694999999997],[-90.102199,29.953961999999997],[-90.095601,29.950256999999997],[-90.09116999999999,29.944201]]]}},{"type":"Feature","properties":{"geoid":"22071009900","vintage":"2010","quintile":1,"score":34.3},"geometry":{"type":"Polygon","coordinates":[[[-90.092739,29.92768],[-90.090182,29.928632],[-90.087727,29.92343],[-90.090018,29.922575],[-90.094551,29.921363],[-90.101351,29.920807],[-90.101919,29.9264],[-90.09553,29.926917999999997],[-90.092739,29.92768]]]}},{"type":"Feature","properties":{"geoid":"22071010000","vintage":"2010","quintile":1,"score":37.0},"geometry":{"type":"Polygon","coordinates":[[[-90.093785,29.935927],[-90.090182,29.928632],[-90.093633,29.927384],[-90.09553,29.926917999999997],[-90.097635,29.93478],[-90.096075,29.935091],[-90.093785,29.935927]]]}},{"type":"Feature","properties":{"geoid":"22071010100","vintage":"2010","quintile":1,"score":43.2},"geometry":{"type":"Polygon","coordinates":[[[-90.09553,29.926917999999997],[-90.101919,29.9264],[-90.102752,29.934313],[-90.097635,29.93478],[-90.09553,29.926917999999997]]]}},{"type":"Feature","properties":{"geoid":"22071010200","vintage":"2010","quintile":4,"score":65.4},"geometry":{"type":"Polygon","coordinates":[[[-90.10330499999999,29.940096999999998],[-90.098539,29.940481],[-90.09607,29.941468],[-90.096029,29.940524],[-90.09638,29.939500000000002],[-90.096396,29.938869999999998],[-90.09487299999999,29.935522],[-90.096075,29.935091],[-90.098379,29.934645999999997],[-90.102752,29.934313],[-90.10330499999999,29.940096999999998]]]}},{"type":"Feature","properties":{"geoid":"22071010300","vintage":"2010","quintile":5,"score":77.0},"geometry":{"type":"Polygon","coordinates":[[[-90.098539,29.940481],[-90.10330499999999,29.940096999999998],[-90.104187,29.948701999999997],[-90.100555,29.950846],[-90.09607,29.941468],[-90.098539,29.940481]]]}},{"type":"Feature","properties":{"geoid":"22071010700","vintage":"2010","quintile":1,"score":37.5},"geometry":{"type":"Polygon","coordinates":[[[-90.101919,29.9264],[-90.101351,29.920807],[-90.10609199999999,29.920393999999998],[-90.109083,29.920323],[-90.108773,29.926441999999998],[-90.107697,29.926043],[-90.101919,29.9264]]]}},{"type":"Feature","properties":{"geoid":"22071010800","vintage":"2010","quintile":2,"score":50.5},"geometry":{"type":"Polygon","coordinates":[[[-90.113055,29.928469999999997],[-90.108773,29.926441999999998],[-90.109083,29.920323],[-90.112055,29.920451],[-90.11502899999999,29.920924],[-90.113055,29.928469999999997]]]}},{"type":"Feature","properties":{"geoid":"22071010900","vintage":"2010","quintile":1,"score":41.4},"geometry":{"type":"Polygon","coordinates":[[[-90.11152,29.934264],[-90.107325,29.933943],[-90.102752,29.934313],[-90.101919,29.9264],[-90.107697,29.926043],[-90.113055,29.928469999999997],[-90.11152,29.934264]]]}},{"type":"Feature","properties":{"geoid":"22071011100","vintage":"2010","quintile":2,"score":45.5},"geometry":{"type":"Polygon","coordinates":[[[-90.11152,29.934264],[-90.10963199999999,29.94135],[-90.107028,29.939922],[-90.10330499999999,29.940096999999998],[-90.102752,29.934313],[-90.107325,29.933943],[-90.11152,29.934264]]]}},{"type":"Feature","properties":{"geoid":"22071011200","vintage":"2010","quintile":4,"score":60.1},"geometry":{"type":"Polygon","coordinates":[[[-90.108347,29.946104],[-90.107793,29.946018],[-90.107755,29.947259],[-90.104063,29.947460999999997],[-90.10330499999999,29.940096999999998],[-90.107028,29.939922],[-90.10963199999999,29.94135],[-90.10862999999999,29.945172999999997],[-90.108347,29.946104]]]}},{"type":"Feature","properties":{"geoid":"22071011500","vintage":"2010","quintile":1,"score":31.1},"geometry":{"type":"Polygon","coordinates":[[[-90.12535299999999,29.918201],[-90.12910699999999,29.919736999999998],[-90.127938,29.921440999999998],[-90.124301,29.928272999999997],[-90.119815,29.926579999999998],[-90.121523,29.922143],[-90.123334,29.922762],[-90.12535299999999,29.918201]]]}},{"type":"Feature","properties":{"geoid":"22071011600","vintage":"2010","quintile":1,"score":35.5},"geometry":{"type":"Polygon","coordinates":[[[-90.119901,29.921720999999998],[-90.121523,29.922143],[-90.119815,29.926579999999998],[-90.11764199999999,29.926098],[-90.11742699999999,29.927023],[-90.11560999999999,29.926655],[-90.115507,29.926990999999997],[-90.113562,29.9266],[-90.11502899999999,29.920924],[-90.119901,29.921720999999998]]]}},{"type":"Feature","properties":{"geoid":"22071011700","vintage":"2010","quintile":1,"score":37.4},"geometry":{"type":"Polygon","coordinates":[[[-90.11099899999999,29.936183999999997],[-90.113562,29.9266],[-90.115507,29.926990999999997],[-90.11560999999999,29.926655],[-90.11742699999999,29.927023],[-90.11764199999999,29.926098],[-90.119815,29.926579999999998],[-90.124301,29.928272999999997],[-90.121505,29.933428],[-90.120746,29.932937],[-90.117905,29.938264999999998],[-90.114184,29.936735],[-90.11099899999999,29.936183999999997]]]}},{"type":"Feature","properties":{"geoid":"22071011900","vintage":"2010","quintile":5,"score":69.1},"geometry":{"type":"Polygon","coordinates":[[[-90.113985,29.945884999999997],[-90.11276099999999,29.943261999999997],[-90.10963199999999,29.94135],[-90.11099899999999,29.936183999999997],[-90.114184,29.936735],[-90.117905,29.938264999999998],[-90.113985,29.945884999999997]]]}},{"type":"Feature","properties":{"geoid":"22071012000","vintage":"2010","quintile":1,"score":39.9},"geometry":{"type":"Polygon","coordinates":[[[-90.13019,29.917391],[-90.132474,29.913005],[-90.13857399999999,29.918805],[-90.138886,29.921522],[-90.131642,29.931236],[-90.13313199999999,29.932147999999998],[-90.128148,29.938295],[-90.121505,29.933428],[-90.127938,29.921440999999998],[-90.12915199999999,29.919674999999998],[-90.12977599999999,29.919147],[-90.129859,29.918778],[-90.129697,29.918014999999997],[-90.13019,29.917391]]]}},{"type":"Feature","properties":{"geoid":"22071012101","vintage":"2010","quintile":1,"score":43.8},"geometry":{"type":"Polygon","coordinates":[[[-90.116861,29.952793],[-90.113985,29.945884999999997],[-90.11658,29.940827],[-90.117269,29.94111],[-90.123235,29.944695999999997],[-90.116861,29.952793]]]}},{"type":"Feature","properties":{"geoid":"22071012102","vintage":"2010","quintile":1,"score":40.8},"geometry":{"type":"Polygon","coordinates":[[[-90.128148,29.938295],[-90.123235,29.944695999999997],[-90.117269,29.94111],[-90.11658,29.940827],[-90.119249,29.935533999999997],[-90.120746,29.932937],[-90.126103,29.936678999999998],[-90.126031,29.936783],[-90.128148,29.938295]]]}},{"type":"Feature","properties":{"geoid":"22071012200","vintage":"2010","quintile":3,"score":53.3},"geometry":{"type":"Polygon","coordinates":[[[-90.11305,29.943617999999997],[-90.116861,29.952793],[-90.114468,29.955841999999997],[-90.11372399999999,29.954075],[-90.113807,29.953611],[-90.113416,29.953348],[-90.11318,29.952741999999997],[-90.11209799999999,29.952153],[-90.108947,29.951020999999997],[-90.11025,29.947429],[-90.107761,29.946924],[-90.107793,29.946018],[-90.108347,29.946104],[-90.10963199999999,29.94135],[-90.112329,29.942923],[-90.11305,29.943617999999997]]]}},{"type":"Feature","properties":{"geoid":"22071012300","vintage":"2010","quintile":5,"score":75.5},"geometry":{"type":"Polygon","coordinates":[[[-90.10748699999999,29.953063],[-90.105941,29.955147],[-90.10145299999999,29.952731],[-90.100555,29.950846],[-90.104136,29.948815999999997],[-90.104063,29.947460999999997],[-90.107755,29.947259],[-90.107761,29.946924],[-90.11025,29.947429],[-90.108947,29.951020999999997],[-90.10811,29.950840999999997],[-90.10748699999999,29.953063]]]}},{"type":"Feature","properties":{"geoid":"22071012400","vintage":"2010","quintile":2,"score":51.1},"geometry":{"type":"Polygon","coordinates":[[[-90.11021699999999,29.958477],[-90.10533099999999,29.955965],[-90.10748699999999,29.953063],[-90.10811,29.950840999999997],[-90.110207,29.951424],[-90.11318,29.952741999999997],[-90.113416,29.953348],[-90.113807,29.953611],[-90.11372399999999,29.954075],[-90.114119,29.954843999999998],[-90.114154,29.955263],[-90.111637,29.958135],[-90.110948,29.957613],[-90.11021699999999,29.958477]]]}},{"type":"Feature","properties":{"geoid":"22071012500","vintage":"2010","quintile":2,"score":51.0},"geometry":{"type":"Polygon","coordinates":[[[-90.13897399999999,29.938404],[-90.134011,29.943061999999998],[-90.128148,29.938295],[-90.13313199999999,29.932147999999998],[-90.131642,29.931236],[-90.138886,29.921522],[-90.139274,29.924903999999998],[-90.13897399999999,29.938404]]]}},{"type":"Feature","properties":{"geoid":"22071012700","vintage":"2010","quintile":1,"score":40.2},"geometry":{"type":"Polygon","coordinates":[[[-90.119424,29.949534],[-90.124437,29.943192999999997],[-90.129599,29.947204],[-90.123561,29.952882],[-90.119424,29.949534]]]}},{"type":"Feature","properties":{"geoid":"22071012800","vintage":"2010","quintile":1,"score":39.8},"geometry":{"type":"Polygon","coordinates":[[[-90.123561,29.952882],[-90.11513699999999,29.960777],[-90.11434299999999,29.960123],[-90.114201,29.960255],[-90.111637,29.958135],[-90.114154,29.955263],[-90.114468,29.955841999999997],[-90.119424,29.949534],[-90.123561,29.952882]]]}},{"type":"Feature","properties":{"geoid":"22071013000","vintage":"2010","quintile":1,"score":39.6},"geometry":{"type":"Polygon","coordinates":[[[-90.123561,29.952882],[-90.128119,29.948632999999997],[-90.132459,29.952158999999998],[-90.127949,29.956415999999997],[-90.123561,29.952882]]]}},{"type":"Feature","properties":{"geoid":"22071013100","vintage":"2010","quintile":1,"score":41.1},"geometry":{"type":"Polygon","coordinates":[[[-90.133484,29.958274999999997],[-90.132722,29.959001999999998],[-90.131125,29.957683],[-90.130369,29.958364999999997],[-90.127949,29.956415999999997],[-90.13317099999999,29.951466],[-90.135999,29.953711],[-90.136293,29.954155],[-90.133825,29.958499],[-90.133484,29.958274999999997]]]}},{"type":"Feature","properties":{"geoid":"22071013200","vintage":"2010","quintile":2,"score":47.8},"geometry":{"type":"Polygon","coordinates":[[[-90.115752,29.960214999999998],[-90.123561,29.952882],[-90.130369,29.958364999999997],[-90.131125,29.957683],[-90.132722,29.959001999999998],[-90.133484,29.958274999999997],[-90.133825,29.958499],[-90.130741,29.963918999999997],[-90.12490000000001,29.959252],[-90.120132,29.963708999999998],[-90.115752,29.960214999999998]]]}},{"type":"Feature","properties":{"geoid":"22071013301","vintage":"2010","quintile":2,"score":44.0},"geometry":{"type":"Polygon","coordinates":[[[-90.11336,30.027935],[-90.10997499999999,30.028222999999997],[-90.109948,30.029149999999998],[-90.11331,30.029322999999998],[-90.113562,30.030496999999997],[-90.113479,30.031605],[-90.100788,30.03223],[-90.0955,30.033613],[-90.091011,30.034041],[-90.086522,30.032888],[-90.08247,30.031537999999998],[-90.08251399999999,30.025223999999998],[-90.082792,30.024835],[-90.082904,30.024237],[-90.082702,30.021459999999998],[-90.08303699999999,30.020864999999997],[-90.085668,30.020619999999997],[-90.08983599999999,30.018946],[-90.092074,30.018566],[-90.093772,30.018542],[-90.09868399999999,30.018908999999997],[-90.113546,30.020256],[-90.114716,30.019488],[-90.11428599999999,30.023118],[-90.11384799999999,30.024327],[-90.113776,30.026598],[-90.11336,30.027935]]]}},{"type":"Feature","properties":{"geoid":"22071013302","vintage":"2010","quintile":2,"score":45.0},"geometry":{"type":"Polygon","coordinates":[[[-90.08303699999999,30.020864999999997],[-90.082702,30.021459999999998],[-90.082904,30.024237],[-90.082792,30.024835],[-90.08251399999999,30.025223999999998],[-90.08247,30.031537999999998],[-90.080322,30.03335],[-90.077165,30.035096],[-90.075896,30.035428],[-90.05964399999999,30.03774],[-90.046528,30.038349],[-90.038983,30.045094],[-90.035242,30.03166],[-90.04207199999999,30.029989999999998],[-90.044691,30.029550999999998],[-90.04531399999999,30.029207999999997],[-90.04733399999999,30.027507999999997],[-90.048054,30.027151],[-90.054942,30.025862],[-90.059535,30.025260999999997],[-90.06217199999999,30.025167],[-90.063526,30.024772],[-90.065319,30.023964],[-90.069639,30.023615999999997],[-90.07097999999999,30.023359],[-90.070799,30.021407999999997],[-90.073886,30.021499],[-90.075232,30.021288],[-90.082357,30.020834999999998],[-90.08303699999999,30.020864999999997]]]}},{"type":"Feature","properties":{"geoid":"22071013400","vintage":"2010","quintile":1,"score":31.4},"geometry":{"type":"Polygon","coordinates":[[[-90.085202,29.950452],[-90.076793,29.959894],[-90.066265,29.952768],[-90.067002,29.951923999999998],[-90.063772,29.949803],[-90.058572,29.949979],[-90.05854699999999,29.945334],[-90.057982,29.938015],[-90.062511,29.937917],[-90.06247599999999,29.938605],[-90.062038,29.938588],[-90.062052,29.939860999999997],[-90.062772,29.940303999999998],[-90.063018,29.943951],[-90.06918,29.945311999999998],[-90.070555,29.940651],[-90.081351,29.946627],[-90.08425299999999,29.948739],[-90.085202,29.950452]]]}},{"type":"Feature","properties":{"geoid":"22071013500","vintage":"2010","quintile":1,"score":33.5},"geometry":{"type":"Polygon","coordinates":[[[-90.066284,29.963005],[-90.056972,29.956602999999998],[-90.058672,29.953903],[-90.058572,29.949979],[-90.063772,29.949803],[-90.067002,29.951923999999998],[-90.066265,29.952768],[-90.07267999999999,29.957116],[-90.07064899999999,29.959424],[-90.069921,29.958941],[-90.066284,29.963005]]]}},{"type":"Feature","properties":{"geoid":"22071013501","vintage":"2020","quintile":1,"score":25.2},"geometry":{"type":"Polygon","coordinates":[[[-90.07267999999999,29.957116],[-90.07064899999999,29.959424],[-90.069921,29.958941],[-90.066284,29.963005],[-90.063453,29.961073],[-90.06908299999999,29.954677999999998],[-90.07267999999999,29.957116]]]}},{"type":"Feature","properties":{"geoid":"22071013600","vintage":"2010","quintile":1,"score":30.6},"geometry":{"type":"Polygon","coordinates":[[[-90.031989,29.966952],[-90.03322899999999,29.962788999999997],[-90.03946599999999,29.964198],[-90.038219,29.968370999999998],[-90.031989,29.966952]]]}},{"type":"Feature","properties":{"geoid":"22071013700","vintage":"2010","quintile":2,"score":48.6},"geometry":{"type":"Polygon","coordinates":[[[-90.020271,29.985902],[-90.02157799999999,29.981061],[-90.021698,29.980718999999997],[-90.02187099999999,29.980672],[-90.043402,29.985588],[-90.044788,29.986058],[-90.04508,29.986286],[-90.044671,29.987302],[-90.045862,30.002736],[-90.04395699999999,30.002844],[-90.042287,30.003162999999997],[-90.031656,30.007198],[-90.027007,30.008315],[-90.021271,29.989901999999997],[-90.020271,29.985902]]]}},{"type":"Feature","properties":{"geoid":"22071013701","vintage":"2020","quintile":2,"score":46.4},"geometry":{"type":"Polygon","coordinates":[[[-90.045862,30.002736],[-90.04395699999999,30.002844],[-90.042287,30.003162999999997],[-90.036384,30.005387],[-90.035743,30.004050999999997],[-90.034661,29.993444999999998],[-90.037331,29.984223999999998],[-90.04400199999999,29.985733],[-90.045116,29.986176999999998],[-90.044692,29.987586999999998],[-90.045862,30.002736]]]}},{"type":"Feature","properties":{"geoid":"22071013702","vintage":"2020","quintile":2,"score":49.5},"geometry":{"type":"Polygon","coordinates":[[[-90.037331,29.984223999999998],[-90.034661,29.993444999999998],[-90.03562699999999,30.003563999999997],[-90.036384,30.005387],[-90.031656,30.007198],[-90.027023,30.008367],[-90.026006,30.005053],[-90.025814,30.004939999999998],[-90.025824,30.004514999999998],[-90.021271,29.989901999999997],[-90.020271,29.985902],[-90.021158,29.98312],[-90.02169699999999,29.980721],[-90.022848,29.980853999999997],[-90.037331,29.984223999999998]]]}},{"type":"Feature","properties":{"geoid":"22071013800","vintage":"2010","quintile":1,"score":35.1},"geometry":{"type":"Polygon","coordinates":[[[-90.085633,29.99535],[-90.08491599999999,29.996589999999998],[-90.085352,29.998174],[-90.085375,29.999444999999998],[-90.07392999999999,30.000096],[-90.07336,29.993029],[-90.07625999999999,29.992855],[-90.077428,29.993087],[-90.076898,29.99215],[-90.07826999999999,29.992469999999997],[-90.08261499999999,29.992371],[-90.086291,29.992683],[-90.085633,29.99535]]]}},{"type":"Feature","properties":{"geoid":"22071013900","vintage":"2010","quintile":1,"score":31.0},"geometry":{"type":"Polygon","coordinates":[[[-90.070555,29.940651],[-90.07129599999999,29.938236999999997],[-90.07271999999999,29.938502999999997],[-90.07359699999999,29.939034999999997],[-90.076422,29.935219],[-90.080782,29.939104],[-90.078715,29.941886999999998],[-90.079538,29.942373999999997],[-90.07784,29.944623999999997],[-90.070555,29.940651]]]}},{"type":"Feature","properties":{"geoid":"22071014000","vintage":"2010","quintile":1,"score":33.9},"geometry":{"type":"Polygon","coordinates":[[[-90.085202,29.950452],[-90.08425299999999,29.948739],[-90.083562,29.948154],[-90.081351,29.946627],[-90.07784,29.944623999999997],[-90.079538,29.942373999999997],[-90.078715,29.941886999999998],[-90.080782,29.939104],[-90.088505,29.945995],[-90.085202,29.950452]]]}},{"type":"Feature","properties":{"geoid":"22071014100","vintage":"2010","quintile":1,"score":40.1},"geometry":{"type":"Polygon","coordinates":[[[-90.07391899999999,29.921067999999998],[-90.076084,29.923807],[-90.075206,29.924355],[-90.07588299999999,29.925147],[-90.07391,29.926417999999998],[-90.07598399999999,29.928804999999997],[-90.073066,29.930811],[-90.073375,29.931091],[-90.07306,29.93218],[-90.067289,29.927000999999997],[-90.065333,29.926741999999997],[-90.062472,29.926004],[-90.06737199999999,29.921903999999998],[-90.07167199999999,29.919304],[-90.072572,29.919003999999997],[-90.07391899999999,29.921067999999998]]]}},{"type":"Feature","properties":{"geoid":"22071014200","vintage":"2010","quintile":2,"score":48.7},"geometry":{"type":"Polygon","coordinates":[[[-90.076084,29.923807],[-90.07391899999999,29.921067999999998],[-90.072572,29.919003999999997],[-90.088073,29.913604999999997],[-90.091073,29.912805],[-90.094173,29.911704999999998],[-90.10087299999999,29.910004999999998],[-90.10059799999999,29.913145999999998],[-90.100704,29.915100000000002],[-90.101097,29.915577],[-90.10110399999999,29.916175],[-90.100865,29.916218999999998],[-90.10095899999999,29.917147],[-90.085348,29.918554],[-90.087727,29.92343],[-90.08376299999999,29.925490999999997],[-90.080794,29.921364999999998],[-90.076084,29.923807]]]}},{"type":"Feature","properties":{"geoid":"22071014300","vintage":"2010","quintile":1,"score":39.9},"geometry":{"type":"Polygon","coordinates":[[[-90.09607,29.941468],[-90.09116999999999,29.944201],[-90.087504,29.939235999999998],[-90.088376,29.9389],[-90.093339,29.936125999999998],[-90.09487299999999,29.935522],[-90.096396,29.938869999999998],[-90.09638,29.939500000000002],[-90.096029,29.940524],[-90.09607,29.941468]]]}},{"type":"Feature","properties":{"geoid":"22071014400","vintage":"2010","quintile":3,"score":53.8},"geometry":{"type":"Polygon","coordinates":[[[-90.12329,29.917482],[-90.118349,29.91643],[-90.108171,29.916594],[-90.107997,29.920291],[-90.101351,29.920807],[-90.100865,29.916218999999998],[-90.10110399999999,29.916175],[-90.101097,29.915577],[-90.100737,29.915238],[-90.10062099999999,29.914023],[-90.10087299999999,29.910004999999998],[-90.11771999999999,29.909205999999998],[-90.12567399999999,29.910504999999997],[-90.12737399999999,29.911005],[-90.132474,29.913005],[-90.13019,29.917391],[-90.129697,29.918014999999997],[-90.129859,29.918778],[-90.12977599999999,29.919147],[-90.12910699999999,29.919736999999998],[-90.12329,29.917482]]]}},{"type":"Feature","properties":{"geoid":"22071014500","vintage":"2010","quintile":4,"score":63.9},"geometry":{"type":"Polygon","coordinates":[[[-90.09240899999999,29.962539999999997],[-90.090581,29.961727],[-90.094117,29.95781],[-90.10072,29.962567999999997],[-90.10028799999999,29.963072999999998],[-90.09530699999999,29.960818999999997],[-90.094274,29.961921999999998],[-90.093336,29.961475999999998],[-90.09240899999999,29.962539999999997]]]}},{"type":"Feature","properties":{"geoid":"22071980000","vintage":"2010","quintile":1,"score":36.0},"geometry":{"type":"Polygon","coordinates":[[[-90.08492199999999,29.996613999999997],[-90.085633,29.99535],[-90.085904,29.993862999999997],[-90.086458,29.992335999999998],[-90.086483,29.991726999999997],[-90.087074,29.990664],[-90.087291,29.989261],[-90.08784,29.988339],[-90.087704,29.987129999999997],[-90.08885099999999,29.985809],[-90.089188,29.984043999999997],[-90.08937,29.983772],[-90.08993,29.984325],[-90.090463,29.983687999999997],[-90.09165999999999,29.983030999999997],[-90.102734,29.984121],[-90.09868399999999,30.018908999999997],[-90.093631,30.018535999999997],[-90.091079,30.01868],[-90.089393,30.019097],[-90.085668,30.020619999999997],[-90.08303699999999,30.020864999999997],[-90.084063,30.018770999999997],[-90.084296,30.015141999999997],[-90.084882,30.011104999999997],[-90.084992,30.008471],[-90.08529899999999,30.006650999999998],[-90.08534999999999,30.002713],[-90.08505,29.999723999999997],[-90.08576099999999,29.999420999999998],[-90.085375,29.999444999999998],[-90.085352,29.998174],[-90.08492199999999,29.996613999999997]]]}},{"type":"Feature","properties":{"geoid":"22071980100","vintage":"2010","quintile":5,"score":77.6},"geometry":{"type":"Polygon","coordinates":[[[-89.850512,30.007742],[-89.857738,30.007883999999997],[-89.859175,30.005751],[-89.859552,30.004109],[-89.85951899999999,30.003256],[-89.859274,30.002895],[-89.86007,30.001078],[-89.861492,30.000197],[-89.861926,29.999437],[-89.864234,29.998607999999997],[-89.865152,29.997888999999997],[-89.86534999999999,29.997083999999997],[-89.864905,29.996271],[-89.863357,29.995158],[-89.860359,29.9936],[-89.859456,29.992866],[-89.859071,29.9923],[-89.85905699999999,29.991353],[-89.860333,29.989558],[-89.86183199999999,29.988273999999997],[-89.86353,29.987617],[-89.865225,29.987758999999997],[-89.866357,29.988339999999997],[-89.86680799999999,29.988725],[-89.867424,29.989628999999997],[-89.868364,29.992220999999997],[-89.869059,29.992772],[-89.870307,29.993053999999997],[-89.871068,29.992846],[-89.872455,29.991663],[-89.873241,29.990589],[-89.87395599999999,29.98892],[-89.87602199999999,29.986984999999997],[-89.878652,29.986061999999997],[-89.879418,29.985439],[-89.880938,29.985812],[-89.881599,29.9862],[-89.882081,29.986703],[-89.883461,29.989145999999998],[-89.885153,29.991269],[-89.88512899999999,29.992206999999997],[-89.884438,29.993264999999997],[-89.88508,29.994961],[-89.885077,29.996292],[-89.88579399999999,29.996668999999997],[-89.886996,29.996699],[-89.887123,29.996896],[-89.888616,29.997594999999997],[-89.889111,29.998196999999998],[-89.889504,29.999392],[-89.88991899999999,30.000018999999998],[-89.894539,30.002325],[-89.895369,30.002238],[-89.896481,30.001251],[-89.897335,30.000728],[-89.898896,30.001033],[-89.90358499999999,30.002473],[-89.904229,30.002530999999998],[-89.905434,30.001407999999998],[-89.907421,30.001137],[-89.911571,29.999768999999997],[-89.913422,29.999329999999997],[-89.91416799999999,29.999098],[-89.914692,29.998648],[-89.915407,29.998375],[-89.91589499999999,29.997429999999998],[-89.91579899999999,29.997165],[-89.918489,29.994721],[-89.918994,29.993886999999997],[-89.92067,29.993395],[-89.92206,29.992058],[-89.922876,29.991850999999997],[-89.923459,29.991947999999997],[-89.923816,29.991388999999998],[-89.92358999999999,29.990318],[-89.923841,29.989876],[-89.92384299999999,29.989437],[-89.924151,29.989238],[-89.924523,29.989189],[-89.924748,29.989265],[-89.924922,29.989580999999998],[-89.92530099999999,29.989549],[-89.925686,29.988954],[-89.926238,29.988744999999998],[-89.926251,29.98836],[-89.926498,29.988443],[-89.927739,29.987706],[-89.928196,29.987745],[-89.92836799999999,29.987945],[-89.928844,29.987651999999997],[-89.93164,29.987727999999997],[-89.931699,29.987572999999998],[-89.933616,29.987015],[-89.933967,29.98671],[-89.934407,29.986676],[-89.934817,29.986417999999997],[-89.93477,29.986164],[-89.934946,29.986203],[-89.936482,29.984962999999997],[-89.937062,29.984738],[-89.937806,29.984752],[-89.937677,29.984489],[-89.938335,29.983549],[-89.938486,29.982830999999997],[-89.93796999999999,29.982028999999997],[-89.938334,29.981800999999997],[-89.938243,29.981571],[-89.93858,29.980943999999997],[-89.938864,29.980843],[-89.93901,29.980390999999997],[-89.939925,29.980165],[-89.94067,29.980245],[-89.943118,29.981652],[-89.944655,29.981928],[-89.945696,29.982509],[-89.947492,29.981683],[-89.948934,29.981302999999997],[-89.94959899999999,29.981247999999997],[-89.950407,29.981610999999997],[-89.950947,29.981672999999997],[-89.95271699999999,29.981199],[-89.953296,29.981223999999997],[-89.954233,29.981852],[-89.955024,29.982978],[-89.955359,29.98426],[-89.95553699999999,29.986172999999997],[-89.955872,29.986686],[-89.956553,29.987081],[-89.957351,29.987157999999997],[-89.958075,29.986997],[-89.958895,29.986269999999998],[-89.959577,29.985913999999998],[-89.96055199999999,29.986110999999998],[-89.962409,29.987955999999997],[-89.964597,29.989656999999998],[-89.965452,29.989912],[-89.966813,29.989822],[-89.96813,29.990748999999997],[-89.969596,29.991266999999997],[-89.970505,29.991829],[-89.971029,29.992317],[-89.971077,29.993917],[-89.971671,29.994487999999997],[-89.97258,29.994798],[-89.974291,29.994691999999997],[-89.97497299999999,29.994363],[-89.976203,29.993287],[-89.976213,29.993091],[-89.976686,29.992732],[-89.976851,29.992317999999997],[-89.977514,29.991546999999997],[-89.979592,29.990323],[-89.979936,29.989974],[-89.980449,29.988400000000002],[-89.980781,29.987955],[-89.981642,29.987427],[-89.982455,29.987157],[-89.983463,29.987012],[-89.984276,29.987102],[-89.985334,29.987765999999997],[-89.986477,29.988211],[-89.98776099999999,29.989075999999997],[-89.989193,29.989649999999997],[-89.989882,29.98949],[-89.99158899999999,29.985536],[-89.99117299999999,29.984624999999998],[-89.992385,29.982370999999997],[-89.99204399999999,29.980631],[-89.995527,29.972649999999998],[-90.007706,29.976969999999998],[-90.02027,29.979851],[-90.020557,29.979944],[-90.02099199999999,29.980549],[-90.021698,29.980718999999997],[-90.021158,29.98312],[-90.020271,29.985902],[-90.02214599999999,29.992767999999998],[-90.019792,29.994350999999998],[-90.01849299999999,29.994757],[-90.017725,29.995347],[-90.017448,29.995148],[-90.01397,29.996706999999997],[-90.01356899999999,29.996301],[-90.01365299999999,29.996691],[-90.013517,29.996814999999998],[-90.013784,29.997419999999998],[-90.01141899999999,29.998298],[-89.996595,29.999337999999998],[-89.99489899999999,29.999886999999998],[-89.995566,29.99974],[-89.994956,30.000062999999997],[-89.99467299999999,29.999869],[-89.991333,30.000404999999997],[-89.990715,30.00029],[-89.989289,30.000557999999998],[-89.98813,30.000418],[-89.98754,30.000586],[-89.987122,30.000297],[-89.98657399999999,30.000311999999997],[-89.97386999999999,30.001559999999998],[-89.96929399999999,30.001680999999998],[-89.963624,30.002471],[-89.96319,30.002281999999997],[-89.954814,30.003048],[-89.95089399999999,30.003812999999997],[-89.94915999999999,30.00453],[-89.94837,30.004517999999997],[-89.945888,30.004927],[-89.941707,30.005634999999998],[-89.941041,30.005893],[-89.94017799999999,30.005875],[-89.939595,30.006168],[-89.937973,30.006494999999997],[-89.937327,30.006794],[-89.935186,30.006974],[-89.933184,30.007488],[-89.932915,30.007431999999998],[-89.933053,30.007271],[-89.932948,30.007251999999998],[-89.931536,30.007811999999998],[-89.931388,30.007998999999998],[-89.93168,30.008174999999998],[-89.935002,30.008525],[-89.93521299999999,30.008725],[-89.93510099999999,30.008964],[-89.93484699999999,30.008969999999998],[-89.932037,30.008536999999997],[-89.931569,30.008619999999997],[-89.93133499999999,30.009389],[-89.93162699999999,30.012781],[-89.931461,30.013095999999997],[-89.930312,30.01314],[-89.929204,30.012898],[-89.92848,30.012317],[-89.928783,30.010741],[-89.928615,30.009641],[-89.928311,30.009442999999997],[-89.909148,30.013116],[-89.908506,30.013406999999997],[-89.904845,30.013696],[-89.902867,30.014352],[-89.900089,30.015677],[-89.899264,30.015739],[-89.898337,30.016468],[-89.898443,30.016785],[-89.897975,30.016496999999998],[-89.895945,30.017156999999997],[-89.881143,30.023411],[-89.87850499999999,30.024347],[-89.871904,30.027157],[-89.870674,30.027513],[-89.867933,30.028982],[-89.86639,30.029253999999998],[-89.858001,30.032676],[-89.857359,30.033137999999997],[-89.853596,30.034474],[-89.85309,30.034800999999998],[-89.85247,30.034913999999997],[-89.85077,30.035719],[-89.849515,30.036040999999997],[-89.847033,30.037118],[-89.84697899999999,30.037467999999997],[-89.846797,30.037520999999998],[-89.846561,30.037343],[-89.845901,30.037513999999998],[-89.84461,30.038214],[-89.844064,30.038235],[-89.833535,30.042541999999997],[-89.83273899999999,30.043298999999998],[-89.83217499999999,30.043608],[-89.831347,30.043478],[-89.83048699999999,30.043851999999998],[-89.830092,30.042882],[-89.82267399999999,30.04601],[-89.82195399999999,30.046196],[-89.821095,30.046103],[-89.820573,30.045824],[-89.82043499999999,30.043142],[-89.819745,30.041628],[-89.819576,30.040885],[-89.819239,30.040726],[-89.818816,30.040792],[-89.819598,30.04026],[-89.820045,30.039365],[-89.821221,30.03894],[-89.821536,30.038625],[-89.821601,30.038306],[-89.822347,30.037986999999998],[-89.822496,30.037523],[-89.823439,30.037447],[-89.823573,30.036928999999997],[-89.824975,30.035843],[-89.825125,30.035539],[-89.827152,30.034616999999997],[-89.827517,30.034084],[-89.828848,30.033693999999997],[-89.828897,30.033476],[-89.829163,30.033434999999997],[-89.829495,30.033116999999997],[-89.83015999999999,30.033362],[-89.830411,30.03313],[-89.830444,30.032639999999997],[-89.830759,30.032251],[-89.834383,30.029263],[-89.83478,30.0287],[-89.835844,30.028053],[-89.838951,30.025426999999997],[-89.840614,30.023322],[-89.841692,30.022309999999997],[-89.842175,30.020940999999997],[-89.845895,30.015469999999997],[-89.849228,30.009674],[-89.850512,30.007742]]]}}]}