{"type": "FeatureCollection", "features": [{"type": "Feature", "properties": {"zip": "70002"}, "geometry": {"type": "Polygon", "coordinates": [[[-90.171875, 29.998395], [-90.171844, 29.998128], [-90.174738, 29.998296], [-90.174865, 29.998304], [-90.175528, 29.99835], [-90.177032, 29.998455], [-90.177185, 29.998464], [-90.177238, 29.998741], [-90.177276, 29.99896], [-90.17755, 30.000606], [-90.177558, 30.000652], [-90.177666, 30.001431], [-90.177688, 30.001592], [-90.177932, 30.002832], [-90.17807, 30.003656], [-90.178105, 30.003926], [-90.178176, 30.004467], [-90.177955, 30.004453], [-90.177947, 30.004533], [-90.177932, 30.004568], [-90.178024, 30.004739], [-90.178047, 30.004913], [-90.178062, 30.005285], [-90.178131, 30.0058], [-90.178176, 30.006122], [-90.178298, 30.006767], [-90.178329, 30.006958], [-90.178451, 30.007707], [-90.178604, 30.008666], [-90.178764, 30.009761], [-90.178924, 30.01085], [-90.179061, 30.011703], [-90.179077, 30.011825], [-90.179237, 30.012771], [-90.179374, 30.013751], [-90.179519, 30.014694], [-90.179664, 30.015655], [-90.179664, 30.015687], [-90.179611, 30.015735], [-90.179603, 30.015735], [-90.179656, 30.015871], [-90.179695, 30.01596], [-90.179809, 30.016559], [-90.180099, 30.018426], [-90.180191, 30.01901], [-90.180259, 30.019348], [-90.180313, 30.019853], [-90.180381, 30.020298], [-90.180458, 30.020782], [-90.180465, 30.020856], [-90.180435, 30.021047], [-90.180465, 30.021175], [-90.180503, 30.021331], [-90.180541, 30.021934], [-90.18061, 30.022327], [-90.180633, 30.022516], [-90.180625, 30.022605], [-90.180628, 30.023999], [-90.179892, 30.024018], [-90.179143, 30.023928], [-90.176275, 30.023324], [-90.175578, 30.023369], [-90.174545, 30.023257], [-90.174183, 30.023391], [-90.172426, 30.023212], [-90.1716, 30.022922], [-90.164652, 30.022224], [-90.163359, 30.022094], [-90.163075, 30.022385], [-90.162584, 30.022608], [-90.160038, 30.022406], [-90.157448, 30.022185], [-90.156634, 30.022222], [-90.156047, 30.022344], [-90.155189, 30.023708], [-90.154701, 30.02415], [-90.15444, 30.024235], [-90.153992, 30.024282], [-90.153621, 30.024274], [-90.153419, 30.024258], [-90.15275, 30.0241], [-90.151726, 30.023026], [-90.150881, 30.021776], [-90.150497, 30.021364], [-90.150374, 30.021271], [-90.146396, 30.02135], [-90.145121, 30.02194], [-90.145072, 30.02046], [-90.144966, 30.018409], [-90.144981, 30.018131], [-90.144996, 30.018083], [-90.145042, 30.018041], [-90.145042, 30.017982], [-90.144927, 30.017219], [-90.144989, 30.015977], [-90.145088, 30.014005], [-90.145095, 30.013851], [-90.145103, 30.013717], [-90.145118, 30.013547], [-90.145141, 30.012477], [-90.145202, 30.011335], [-90.145324, 30.009145], [-90.145378, 30.008329], [-90.145446, 30.006864], [-90.145553, 30.005344], [-90.145584, 30.004583], [-90.145713, 30.002408], [-90.145713, 30.002338], [-90.145759, 30.002286], [-90.145805, 30.002267], [-90.145805, 30.002264], [-90.145695, 30.002061], [-90.145645, 30.001968], [-90.145698, 29.999685], [-90.145927, 29.997428], [-90.145782, 29.997297], [-90.145777, 29.997213], [-90.145773, 29.997147], [-90.146438, 29.997203], [-90.147514, 29.99723], [-90.148208, 29.997264], [-90.149047, 29.997308], [-90.149665, 29.997339], [-90.153327, 29.997524], [-90.153564, 29.997531], [-90.155334, 29.997591], [-90.155525, 29.997596], [-90.15554, 29.997333], [-90.158602, 29.997459], [-90.160881, 29.997552], [-90.162078, 29.997577], [-90.162363, 29.99759], [-90.162345, 29.997877], [-90.164268, 29.997949], [-90.164512, 29.997951], [-90.166419, 29.99805], [-90.168182, 29.998163], [-90.169746, 29.99826], [-90.169853, 29.998268], [-90.170028, 29.998279], [-90.171875, 29.998395]]]}}, {"type": "Feature", "properties": {"zip": "70128"}, "geometry": {"type": "Polygon", "coordinates": [[[-89.973771, 30.048474], [-89.974954, 30.049858], [-89.975999, 30.051391], [-89.976753, 30.052461], [-89.977093, 30.052943], [-89.977822, 30.052543], [-89.978846, 30.052007], [-89.979762, 30.051517], [-89.980431, 30.051144], [-89.982041, 30.050336], [-89.983802, 30.049452], [-89.984102, 30.049302], [-89.984503, 30.0495], [-89.984631, 30.049668], [-89.987137, 30.053455], [-89.987379, 30.053836], [-89.976543, 30.058954], [-89.975664, 30.059371], [-89.963793, 30.06757], [-89.962353, 30.068565], [-89.953713, 30.076375], [-89.947518, 30.079988], [-89.944669, 30.0759], [-89.944957, 30.075665], [-89.944735, 30.07547], [-89.944437, 30.075235], [-89.944171, 30.075454], [-89.943964, 30.075271], [-89.943676, 30.075029], [-89.942814, 30.074315], [-89.942427, 30.074017], [-89.941826, 30.073534], [-89.94159, 30.073325], [-89.941292, 30.073034], [-89.941128, 30.072848], [-89.94097, 30.072633], [-89.940802, 30.072334], [-89.940696, 30.072087], [-89.940655, 30.071938], [-89.940607, 30.071679], [-89.940581, 30.07145], [-89.940568, 30.071327], [-89.940532, 30.070938], [-89.940454, 30.069858], [-89.940298, 30.068255], [-89.940263, 30.067805], [-89.940236, 30.067531], [-89.940191, 30.067096], [-89.940132, 30.066454], [-89.940069, 30.065824], [-89.94, 30.065217], [-89.939888, 30.06418], [-89.939794, 30.063115], [-89.939615, 30.061346], [-89.939486, 30.060051], [-89.939465, 30.059782], [-89.939446, 30.059545], [-89.939291, 30.058161], [-89.939127, 30.056348], [-89.939094, 30.056016], [-89.939091, 30.055766], [-89.939097, 30.055491], [-89.939151, 30.055071], [-89.939186, 30.053982], [-89.93917, 30.053491], [-89.939162, 30.053044], [-89.93914, 30.052607], [-89.939092, 30.052131], [-89.93901, 30.05146], [-89.938867, 30.050068], [-89.938729, 30.048306], [-89.938725, 30.047789], [-89.938734, 30.047657], [-89.938757, 30.047312], [-89.938817, 30.046716], [-89.938874, 30.046247], [-89.938942, 30.045778], [-89.939065, 30.044973], [-89.939232, 30.044003], [-89.939341, 30.043264], [-89.939378, 30.042996], [-89.939458, 30.042001], [-89.939506, 30.040564], [-89.939484, 30.039072], [-89.939484, 30.037588], [-89.939484, 30.036888], [-89.939571, 30.033981], [-89.939573, 30.033852], [-89.939593, 30.03275], [-89.939592, 30.032592], [-89.939585, 30.031121], [-89.939575, 30.029643], [-89.939591, 30.028788], [-89.939599, 30.028204], [-89.939617, 30.026996], [-89.940177, 30.026783], [-89.941195, 30.02643], [-89.941999, 30.026151], [-89.943197, 30.025732], [-89.945153, 30.025047], [-89.946766, 30.024471], [-89.947068, 30.024363], [-89.9474, 30.024244], [-89.947541, 30.024194], [-89.947659, 30.024152], [-89.949286, 30.023596], [-89.950057, 30.023324], [-89.9501, 30.023309], [-89.950555, 30.023146], [-89.951185, 30.022937], [-89.951663, 30.022785], [-89.952106, 30.022644], [-89.952298, 30.022586], [-89.953312, 30.022282], [-89.954405, 30.021981], [-89.955417, 30.021725], [-89.955475, 30.021711], [-89.95554, 30.021922], [-89.955637, 30.022239], [-89.955737, 30.02256], [-89.955766, 30.022682], [-89.955784, 30.022793], [-89.95581, 30.022956], [-89.955887, 30.023697], [-89.956072, 30.023685], [-89.956393, 30.023653], [-89.956587, 30.024607], [-89.956609, 30.025843], [-89.957096, 30.025816], [-89.95722, 30.026844], [-89.957292, 30.027692], [-89.957289, 30.027761], [-89.957276, 30.027809], [-89.957233, 30.027833], [-89.957147, 30.027846], [-89.956652, 30.027844], [-89.956765, 30.028026], [-89.956931, 30.028247], [-89.956944, 30.028264], [-89.957067, 30.02843], [-89.957471, 30.028916], [-89.95763, 30.029111], [-89.957743, 30.029259], [-89.957851, 30.029419], [-89.957968, 30.029643], [-89.958043, 30.029821], [-89.958109, 30.030001], [-89.958156, 30.030179], [-89.958199, 30.030379], [-89.95823, 30.030481], [-89.958417, 30.031291], [-89.958612, 30.032045], [-89.958717, 30.032289], [-89.958772, 30.032412], [-89.95891, 30.032697], [-89.959164, 30.033058], [-89.959304, 30.033233], [-89.959492, 30.033431], [-89.959741, 30.033668], [-89.960013, 30.033878], [-89.960317, 30.034077], [-89.960559, 30.034242], [-89.961152, 30.034621], [-89.961276, 30.034702], [-89.961571, 30.034894], [-89.961801, 30.035042], [-89.961974, 30.03514], [-89.962101, 30.035202], [-89.961964, 30.035402], [-89.962431, 30.035698], [-89.962557, 30.035779], [-89.962761, 30.035909], [-89.963025, 30.036079], [-89.963222, 30.036205], [-89.963347, 30.036301], [-89.963494, 30.036412], [-89.963544, 30.03645], [-89.963683, 30.036563], [-89.963743, 30.036617], [-89.963873, 30.036739], [-89.963944, 30.036807], [-89.964108, 30.036966], [-89.96433, 30.037203], [-89.964567, 30.037485], [-89.964885, 30.037877], [-89.965472, 30.03859], [-89.96558, 30.038721], [-89.965855, 30.03904], [-89.966024, 30.039283], [-89.966161, 30.03951], [-89.966296, 30.039719], [-89.966398, 30.039871], [-89.966451, 30.039945], [-89.966718, 30.039802], [-89.967071, 30.040246], [-89.967427, 30.040668], [-89.967637, 30.040928], [-89.967948, 30.0413], [-89.968061, 30.041421], [-89.96874, 30.041007], [-89.969528, 30.040504], [-89.969923, 30.040252], [-89.970184, 30.040086], [-89.970412, 30.039941], [-89.971048, 30.039534], [-89.971455, 30.039273], [-89.971627, 30.039448], [-89.971793, 30.039618], [-89.971922, 30.039785], [-89.968488, 30.041973], [-89.968915, 30.042468], [-89.969253, 30.04286], [-89.968982, 30.043041], [-89.969394, 30.043548], [-89.96968, 30.043381], [-89.969864, 30.043588], [-89.97034, 30.044181], [-89.970824, 30.044757], [-89.970566, 30.044923], [-89.971645, 30.046286], [-89.971896, 30.046144], [-89.972394, 30.046817], [-89.972505, 30.046952], [-89.972604, 30.047086], [-89.973771, 30.048474]]]}}, {"type": "Feature", "properties": {"zip": "70121"}, "geometry": {"type": "Polygon", "coordinates": [[[-90.181608, 29.957623], [-90.181945, 29.957445], [-90.182601, 29.957269], [-90.182868, 29.957988], [-90.182983, 29.958303], [-90.183212, 29.95893], [-90.18328, 29.959129], [-90.183441, 29.959564], [-90.183456, 29.959609], [-90.183921, 29.960857], [-90.184272, 29.961856], [-90.184509, 29.962488], [-90.184715, 29.963106], [-90.185089, 29.964109], [-90.185318, 29.964723], [-90.185325, 29.964742], [-90.185394, 29.965026], [-90.185417, 29.965202], [-90.185386, 29.965656], [-90.185317, 29.966047], [-90.185241, 29.966264], [-90.185104, 29.966518], [-90.184959, 29.966735], [-90.184753, 29.966974], [-90.184593, 29.967134], [-90.184394, 29.967304], [-90.183288, 29.968175], [-90.183479, 29.968187], [-90.183776, 29.968206], [-90.183967, 29.968221], [-90.184791, 29.968282], [-90.190841, 29.968687], [-90.192115, 29.968744], [-90.194396, 29.968885], [-90.196083, 29.968959], [-90.196678, 29.968936], [-90.197151, 29.968877], [-90.197502, 29.968786], [-90.197883, 29.96866], [-90.198928, 29.968269], [-90.199378, 29.968124], [-90.199897, 29.968], [-90.200317, 29.967941], [-90.200744, 29.967914], [-90.201202, 29.967916], [-90.201324, 29.967927], [-90.201619, 29.967965], [-90.20185, 29.967996], [-90.202748, 29.968206], [-90.204086, 29.968519], [-90.204559, 29.968629], [-90.204566, 29.968959], [-90.204574, 29.96956], [-90.204551, 29.970285], [-90.204551, 29.970695], [-90.204551, 29.971349], [-90.20462, 29.971784], [-90.204696, 29.972032], [-90.204772, 29.972234], [-90.204887, 29.972461], [-90.205078, 29.972747], [-90.205215, 29.97293], [-90.205444, 29.973154], [-90.205909, 29.973478], [-90.203788, 29.973333], [-90.203636, 29.973321], [-90.196762, 29.97286], [-90.193169, 29.972629], [-90.189955, 29.972422], [-90.187057, 29.972236], [-90.181419, 29.97186], [-90.179176, 29.971725], [-90.178985, 29.97171], [-90.17768, 29.971626], [-90.177359, 29.97161], [-90.176261, 29.971555], [-90.17601, 29.971544], [-90.175445, 29.971506], [-90.174484, 29.971443], [-90.173912, 29.971405], [-90.172706, 29.971328], [-90.17234, 29.971305], [-90.171157, 29.971231], [-90.168663, 29.971048], [-90.164558, 29.970773], [-90.163726, 29.970735], [-90.161926, 29.970615], [-90.160758, 29.970539], [-90.156539, 29.970268], [-90.154312, 29.970098], [-90.153785, 29.970058], [-90.152091, 29.969949], [-90.14759, 29.969657], [-90.145774, 29.96956], [-90.145393, 29.969539], [-90.144905, 29.969505], [-90.140014, 29.969184], [-90.135963, 29.968919], [-90.135604, 29.968881], [-90.135139, 29.968852], [-90.132728, 29.968702], [-90.131973, 29.96866], [-90.131881, 29.968656], [-90.131187, 29.968597], [-90.130722, 29.968585], [-90.130584, 29.968593], [-90.130165, 29.96837], [-90.129821, 29.968227], [-90.129707, 29.968242], [-90.129158, 29.968362], [-90.1277, 29.968282], [-90.128002, 29.967742], [-90.128121, 29.96753], [-90.12824, 29.967318], [-90.128327, 29.967167], [-90.128611, 29.966673], [-90.128878, 29.966217], [-90.128928, 29.966127], [-90.129134, 29.96576], [-90.12964, 29.964873], [-90.130195, 29.963923], [-90.130626, 29.964062], [-90.130741, 29.963919], [-90.131159, 29.963183], [-90.131292, 29.962947], [-90.132806, 29.960286], [-90.132917, 29.960093], [-90.133184, 29.959632], [-90.133314, 29.959401], [-90.133825, 29.958499], [-90.134307, 29.957635], [-90.134511, 29.957296], [-90.134639, 29.957078], [-90.134824, 29.956742], [-90.135334, 29.955863], [-90.135874, 29.954913], [-90.136293, 29.954155], [-90.13634, 29.954072], [-90.136376, 29.954009], [-90.136895, 29.953099], [-90.137291, 29.952283], [-90.137394, 29.952065], [-90.137405, 29.952044], [-90.137411, 29.952033], [-90.137602, 29.951489], [-90.137649, 29.951395], [-90.140074, 29.947904], [-90.144182, 29.953949], [-90.150672, 29.956068], [-90.156066, 29.954456], [-90.157165, 29.953945], [-90.161338, 29.950979], [-90.164344, 29.948877], [-90.16883, 29.944664], [-90.169303, 29.94419], [-90.169906, 29.944744], [-90.171684, 29.946325], [-90.173071, 29.947565], [-90.173324, 29.947792], [-90.173561, 29.947999], [-90.176261, 29.950384], [-90.178421, 29.952312], [-90.178787, 29.952634], [-90.179046, 29.952898], [-90.179229, 29.953098], [-90.179388, 29.953273], [-90.179393, 29.953278], [-90.179664, 29.95362], [-90.180374, 29.954643], [-90.180463, 29.954825], [-90.1809, 29.955709], [-90.18132, 29.956802], [-90.181541, 29.957432], [-90.181608, 29.957623]]]}}, {"type": "Feature", "properties": {"zip": "70125"}, "geometry": {"type": "Polygon", "coordinates": [[[-90.118039, 29.956663], [-90.118598, 29.957089], [-90.118873, 29.957299], [-90.118773, 29.957382], [-90.118688, 29.957464], [-90.118057, 29.95808], [-90.117252, 29.958789], [-90.116519, 29.959518], [-90.115752, 29.960215], [-90.115137, 29.960777], [-90.11499, 29.960925], [-90.114823, 29.960813], [-90.114443, 29.960592], [-90.114387, 29.960561], [-90.114089, 29.960393], [-90.113906, 29.960551], [-90.113832, 29.960616], [-90.113464, 29.960972], [-90.11426, 29.961607], [-90.113498, 29.962314], [-90.112758, 29.963031], [-90.111997, 29.963727], [-90.1112, 29.963056], [-90.110839, 29.963411], [-90.110461, 29.96378], [-90.11125, 29.964434], [-90.110953, 29.964705], [-90.110143, 29.964065], [-90.109694, 29.964485], [-90.109302, 29.96483], [-90.109261, 29.964873], [-90.110052, 29.96552], [-90.109855, 29.965702], [-90.109706, 29.965839], [-90.109265, 29.966263], [-90.108788, 29.966712], [-90.108324, 29.967155], [-90.107968, 29.96751], [-90.107874, 29.967604], [-90.107776, 29.967687], [-90.107685, 29.967763], [-90.107651, 29.967793], [-90.107523, 29.9679], [-90.107284, 29.96766], [-90.107127, 29.967497], [-90.106976, 29.967351], [-90.106113, 29.966532], [-90.105978, 29.966412], [-90.104961, 29.965501], [-90.103894, 29.964757], [-90.103249, 29.964307], [-90.10245, 29.963754], [-90.100785, 29.962621], [-90.10072, 29.962568], [-90.097267, 29.960119], [-90.096131, 29.959309], [-90.095786, 29.959074], [-90.095632, 29.958953], [-90.095615, 29.958911], [-90.095576, 29.958861], [-90.095529, 29.958825], [-90.094171, 29.957842], [-90.094117, 29.95781], [-90.094055, 29.957773], [-90.092335, 29.956508], [-90.09221, 29.95642], [-90.0921, 29.956334], [-90.091802, 29.956118], [-90.090918, 29.955539], [-90.090113, 29.954932], [-90.089313, 29.954342], [-90.087893, 29.953344], [-90.087645, 29.953092], [-90.087359, 29.952933], [-90.086819, 29.952636], [-90.086793, 29.952619], [-90.086365, 29.952286], [-90.086118, 29.952049], [-90.085995, 29.951889], [-90.085871, 29.951703], [-90.085742, 29.951457], [-90.085672, 29.951324], [-90.085539, 29.95107], [-90.085428, 29.950872], [-90.085365, 29.950751], [-90.085324, 29.950686], [-90.085264, 29.950592], [-90.085202, 29.950452], [-90.085491, 29.950076], [-90.085632, 29.949893], [-90.085698, 29.949796], [-90.085771, 29.949699], [-90.085978, 29.949405], [-90.086068, 29.949287], [-90.086631, 29.94849], [-90.08727, 29.947698], [-90.087736, 29.946981], [-90.088193, 29.946429], [-90.088244, 29.946358], [-90.088359, 29.946189], [-90.088505, 29.945995], [-90.088677, 29.94583], [-90.08899, 29.945584], [-90.089278, 29.945392], [-90.089498, 29.945633], [-90.090144, 29.945196], [-90.089946, 29.944946], [-90.089251, 29.944182], [-90.089909, 29.943767], [-90.090542, 29.944576], [-90.09117, 29.944201], [-90.091964, 29.943756], [-90.092809, 29.943293], [-90.093026, 29.943168], [-90.093615, 29.942833], [-90.094459, 29.942372], [-90.093841, 29.941569], [-90.095137, 29.94083], [-90.095513, 29.940624], [-90.095634, 29.940554], [-90.095694, 29.940526], [-90.095735, 29.940516], [-90.095896, 29.940515], [-90.096029, 29.940524], [-90.096026, 29.940811], [-90.096025, 29.941047], [-90.096038, 29.941238], [-90.09607, 29.941468], [-90.096249, 29.941372], [-90.097451, 29.94087], [-90.097035, 29.939942], [-90.097145, 29.939901], [-90.097574, 29.940824], [-90.098135, 29.940615], [-90.098539, 29.940481], [-90.09887, 29.94043], [-90.099852, 29.940352], [-90.101074, 29.940259], [-90.102182, 29.940165], [-90.102077, 29.939193], [-90.103222, 29.939099], [-90.103305, 29.940097], [-90.103541, 29.940075], [-90.104703, 29.939995], [-90.105808, 29.939895], [-90.106265, 29.939864], [-90.106532, 29.939859], [-90.106746, 29.939872], [-90.107028, 29.939922], [-90.10705, 29.93954], [-90.108141, 29.939666], [-90.108108, 29.940328], [-90.108098, 29.940362], [-90.108084, 29.940389], [-90.108055, 29.940417], [-90.108354, 29.940589], [-90.108952, 29.940934], [-90.109027, 29.940541], [-90.109041, 29.940473], [-90.1097, 29.940569], [-90.109842, 29.94059], [-90.109632, 29.94135], [-90.110517, 29.94187], [-90.111391, 29.942365], [-90.111768, 29.94257], [-90.112045, 29.942749], [-90.112329, 29.942923], [-90.112761, 29.943262], [-90.112947, 29.943464], [-90.11305, 29.943618], [-90.113137, 29.943772], [-90.113223, 29.944041], [-90.113384, 29.944414], [-90.113505, 29.944696], [-90.113584, 29.944879], [-90.113985, 29.945885], [-90.114137, 29.946261], [-90.114329, 29.946735], [-90.114771, 29.94773], [-90.114858, 29.947975], [-90.115244, 29.94885], [-90.115316, 29.949012], [-90.115573, 29.949624], [-90.115697, 29.949953], [-90.11581, 29.950225], [-90.116044, 29.95079], [-90.116145, 29.951017], [-90.116281, 29.951361], [-90.116454, 29.951795], [-90.116481, 29.951863], [-90.116797, 29.951497], [-90.117481, 29.951974], [-90.116861, 29.952793], [-90.116706, 29.952999], [-90.11714, 29.953356], [-90.117336, 29.9532], [-90.118183, 29.953828], [-90.118975, 29.954475], [-90.119722, 29.955088], [-90.120034, 29.955348], [-90.11994, 29.955362], [-90.119886, 29.955387], [-90.119861, 29.95541], [-90.119837, 29.955455], [-90.119815, 29.955523], [-90.119891, 29.955586], [-90.119605, 29.955844], [-90.119511, 29.95594], [-90.119473, 29.955989], [-90.119466, 29.956021], [-90.119477, 29.956049], [-90.119532, 29.956078], [-90.119885, 29.95633], [-90.119546, 29.956665], [-90.119291, 29.956462], [-90.118742, 29.956026], [-90.118039, 29.956663]]]}}, {"type": "Feature", "properties": {"zip": "70006"}, "geometry": {"type": "Polygon", "coordinates": [[[-90.199412, 30.003042], [-90.200093, 30.005017], [-90.199668, 30.004989], [-90.199974, 30.005847], [-90.200019, 30.006015], [-90.200075, 30.00613], [-90.200172, 30.006332], [-90.200363, 30.006872], [-90.200508, 30.007223], [-90.201454, 30.007276], [-90.202194, 30.009265], [-90.202735, 30.01081], [-90.202926, 30.011304], [-90.202504, 30.011278], [-90.203122, 30.013111], [-90.203136, 30.013318], [-90.202735, 30.013298], [-90.203453, 30.015256], [-90.203869, 30.015284], [-90.204622, 30.017095], [-90.204626, 30.017238], [-90.204139, 30.017211], [-90.203491, 30.017208], [-90.203445, 30.017318], [-90.203613, 30.017328], [-90.203753, 30.01745], [-90.203964, 30.017633], [-90.204627, 30.019474], [-90.204909, 30.020264], [-90.205085, 30.020759], [-90.205706, 30.020593], [-90.205755, 30.02063], [-90.206108, 30.022108], [-90.206054, 30.022182], [-90.206054, 30.02219], [-90.206054, 30.022233], [-90.206092, 30.022422], [-90.206329, 30.023092], [-90.206527, 30.023597], [-90.206626, 30.023803], [-90.206939, 30.024637], [-90.207199, 30.025436], [-90.207323, 30.025781], [-90.20786, 30.025889], [-90.208831, 30.028623], [-90.209103, 30.029389], [-90.206027, 30.028593], [-90.20356, 30.027956], [-90.203443, 30.028342], [-90.202774, 30.028173], [-90.202751, 30.029827], [-90.202725, 30.029825], [-90.198485, 30.028841], [-90.182726, 30.024506], [-90.180628, 30.023999], [-90.180625, 30.022605], [-90.180633, 30.022516], [-90.18061, 30.022327], [-90.180541, 30.021934], [-90.180503, 30.021331], [-90.180465, 30.021175], [-90.180435, 30.021047], [-90.180465, 30.020856], [-90.180458, 30.020782], [-90.180381, 30.020298], [-90.180313, 30.019853], [-90.180259, 30.019348], [-90.180191, 30.01901], [-90.180099, 30.018426], [-90.179809, 30.016559], [-90.179695, 30.01596], [-90.179656, 30.015871], [-90.179603, 30.015735], [-90.179611, 30.015735], [-90.179664, 30.015687], [-90.179664, 30.015655], [-90.179519, 30.014694], [-90.179374, 30.013751], [-90.179237, 30.012771], [-90.179077, 30.011825], [-90.179061, 30.011703], [-90.178924, 30.01085], [-90.178764, 30.009761], [-90.178604, 30.008666], [-90.178451, 30.007707], [-90.178329, 30.006958], [-90.178298, 30.006767], [-90.178176, 30.006122], [-90.178131, 30.0058], [-90.178062, 30.005285], [-90.178047, 30.004913], [-90.178024, 30.004739], [-90.177932, 30.004568], [-90.177947, 30.004533], [-90.177955, 30.004453], [-90.178176, 30.004467], [-90.178105, 30.003926], [-90.17807, 30.003656], [-90.177932, 30.002832], [-90.177688, 30.001592], [-90.177666, 30.001431], [-90.177558, 30.000652], [-90.17755, 30.000606], [-90.177276, 29.99896], [-90.177238, 29.998741], [-90.177185, 29.998464], [-90.178197, 29.998514], [-90.178245, 29.998516], [-90.184097, 29.998897], [-90.184295, 29.99891], [-90.18827, 29.999156], [-90.188621, 29.999177], [-90.190536, 29.999309], [-90.192893, 29.999486], [-90.193069, 29.9995], [-90.193153, 29.999765], [-90.193233, 30.000002], [-90.19345, 30.000648], [-90.195587, 30.000783], [-90.198196, 30.000961], [-90.198318, 30.00097], [-90.198711, 30.001004], [-90.199412, 30.003042]]]}}, {"type": "Feature", "properties": {"zip": "70115"}, "geometry": {"type": "Polygon", "coordinates": [[[-90.121838, 29.921279], [-90.121523, 29.922143], [-90.121173, 29.923035], [-90.120865, 29.923976], [-90.120461, 29.924803], [-90.120132, 29.925729], [-90.119815, 29.92658], [-90.119443, 29.927437], [-90.119151, 29.928354], [-90.118751, 29.929251], [-90.118434, 29.930157], [-90.11806, 29.931082], [-90.118031, 29.931154], [-90.117378, 29.930764], [-90.117406, 29.930672], [-90.117146, 29.93052], [-90.117118, 29.930641], [-90.116966, 29.9312], [-90.116945, 29.931535], [-90.1169, 29.931671], [-90.116774, 29.932013], [-90.116546, 29.932513], [-90.116417, 29.932846], [-90.116141, 29.933425], [-90.116574, 29.933569], [-90.115758, 29.935873], [-90.11567, 29.936223], [-90.116001, 29.936358], [-90.11561, 29.937269], [-90.115367, 29.938018], [-90.115274, 29.938304], [-90.115013, 29.939038], [-90.114715, 29.939859], [-90.114466, 29.939788], [-90.113213, 29.939431], [-90.11291, 29.940324], [-90.112045, 29.942749], [-90.111768, 29.94257], [-90.111391, 29.942365], [-90.110517, 29.94187], [-90.109632, 29.94135], [-90.109842, 29.94059], [-90.1097, 29.940569], [-90.109041, 29.940473], [-90.109027, 29.940541], [-90.108952, 29.940934], [-90.108354, 29.940589], [-90.108055, 29.940417], [-90.108084, 29.940389], [-90.108098, 29.940362], [-90.108108, 29.940328], [-90.108141, 29.939666], [-90.10705, 29.93954], [-90.107028, 29.939922], [-90.106746, 29.939872], [-90.106532, 29.939859], [-90.106265, 29.939864], [-90.105808, 29.939895], [-90.104703, 29.939995], [-90.103541, 29.940075], [-90.103305, 29.940097], [-90.103222, 29.939099], [-90.102077, 29.939193], [-90.102182, 29.940165], [-90.101074, 29.940259], [-90.099852, 29.940352], [-90.09887, 29.94043], [-90.098539, 29.940481], [-90.098135, 29.940615], [-90.097574, 29.940824], [-90.097145, 29.939901], [-90.097035, 29.939942], [-90.097451, 29.94087], [-90.096249, 29.941372], [-90.09607, 29.941468], [-90.096038, 29.941238], [-90.096025, 29.941047], [-90.096026, 29.940811], [-90.096029, 29.940524], [-90.095896, 29.940515], [-90.095735, 29.940516], [-90.095694, 29.940526], [-90.095634, 29.940554], [-90.095513, 29.940624], [-90.095137, 29.94083], [-90.093841, 29.941569], [-90.093257, 29.940769], [-90.092702, 29.940075], [-90.09216, 29.939315], [-90.091642, 29.938544], [-90.090903, 29.937623], [-90.090839, 29.93753], [-90.090262, 29.936696], [-90.089663, 29.935879], [-90.089058, 29.935071], [-90.088458, 29.934269], [-90.087923, 29.933551], [-90.087853, 29.933457], [-90.087247, 29.932653], [-90.08663, 29.931845], [-90.086164, 29.931238], [-90.085995, 29.931018], [-90.085899, 29.930891], [-90.085795, 29.930748], [-90.085247, 29.929988], [-90.085077, 29.929752], [-90.084258, 29.928623], [-90.083749, 29.927921], [-90.083117, 29.92707], [-90.082478, 29.926211], [-90.081822, 29.925368], [-90.081188, 29.924563], [-90.080539, 29.92373], [-90.079836, 29.922789], [-90.079349, 29.922196], [-90.079246, 29.922058], [-90.078829, 29.921443], [-90.07857, 29.921033], [-90.07834, 29.920628], [-90.077368, 29.92094], [-90.076436, 29.921244], [-90.075522, 29.921526], [-90.074633, 29.921858], [-90.074525, 29.921763], [-90.074449, 29.921675], [-90.074275, 29.921476], [-90.073919, 29.921068], [-90.072572, 29.919004], [-90.076473, 29.917604], [-90.079724, 29.91646], [-90.080559, 29.916167], [-90.082123, 29.915618], [-90.083737, 29.915051], [-90.085573, 29.914405], [-90.086064, 29.914247], [-90.088073, 29.913605], [-90.091073, 29.912805], [-90.094173, 29.911705], [-90.100873, 29.910005], [-90.11772, 29.909206], [-90.121963, 29.909899], [-90.121412, 29.912092], [-90.121382, 29.912294], [-90.12135, 29.912479], [-90.121037, 29.913561], [-90.120553, 29.915233], [-90.120517, 29.915357], [-90.120676, 29.915378], [-90.120932, 29.915378], [-90.121105, 29.915381], [-90.121265, 29.915383], [-90.1221, 29.915375], [-90.123076, 29.915358], [-90.12372, 29.915355], [-90.123914, 29.915362], [-90.124191, 29.915394], [-90.124173, 29.915466], [-90.124106, 29.915576], [-90.124079, 29.915619], [-90.123839, 29.916021], [-90.123645, 29.916584], [-90.123311, 29.917427], [-90.12329, 29.917482], [-90.122984, 29.918421], [-90.122648, 29.919297], [-90.12231, 29.919205], [-90.122165, 29.919166], [-90.121891, 29.919094], [-90.121776, 29.919084], [-90.121739, 29.919116], [-90.121679, 29.919263], [-90.122569, 29.919491], [-90.122211, 29.920393], [-90.121838, 29.921279]]]}}, {"type": "Feature", "properties": {"zip": "70126"}, "geometry": {"type": "Polygon", "coordinates": [[[-89.995389, 30.031526], [-89.99524, 30.031316], [-89.995116, 30.031127], [-89.99491, 30.030735], [-89.994881, 30.030642], [-89.994879, 30.030553], [-89.994892, 30.030492], [-89.99465, 30.030438], [-89.99465, 30.03044], [-89.994628, 30.030524], [-89.994627, 30.030633], [-89.994659, 30.030749], [-89.994706, 30.030869], [-89.994725, 30.030948], [-89.994708, 30.031011], [-89.994652, 30.031071], [-89.994415, 30.031168], [-89.994227, 30.030772], [-89.994036, 30.030409], [-89.993797, 30.03], [-89.995308, 30.029402], [-89.995795, 30.029225], [-89.996071, 30.029127], [-89.996522, 30.028996], [-89.997476, 30.028699], [-89.997909, 30.028579], [-89.998086, 30.02853], [-89.997976, 30.028318], [-89.997868, 30.028112], [-89.997696, 30.028148], [-89.996786, 30.028341], [-89.995747, 30.028571], [-89.995244, 30.027625], [-89.99621, 30.027251], [-89.9958, 30.026452], [-89.994826, 30.026842], [-89.994423, 30.026004], [-89.994369, 30.025796], [-89.994294, 30.02562], [-89.994185, 30.02566], [-89.993975, 30.025744], [-89.994037, 30.025928], [-89.993734, 30.026081], [-89.993566, 30.02619], [-89.993418, 30.026289], [-89.993167, 30.026477], [-89.992941, 30.02665], [-89.992795, 30.026744], [-89.992674, 30.026814], [-89.9925, 30.026901], [-89.992219, 30.027032], [-89.992026, 30.027116], [-89.991831, 30.026954], [-89.991713, 30.026856], [-89.991543, 30.026745], [-89.99138, 30.02665], [-89.991181, 30.026548], [-89.990972, 30.026446], [-89.990726, 30.026335], [-89.990508, 30.026223], [-89.990358, 30.026127], [-89.990279, 30.026076], [-89.990053, 30.025913], [-89.989887, 30.025776], [-89.989748, 30.025641], [-89.989608, 30.025497], [-89.989506, 30.025374], [-89.989474, 30.025335], [-89.989359, 30.025176], [-89.989261, 30.025013], [-89.989166, 30.024823], [-89.989078, 30.024636], [-89.98902, 30.02448], [-89.988954, 30.024172], [-89.988931, 30.023985], [-89.98947, 30.023901], [-89.989851, 30.023779], [-89.989597, 30.021363], [-89.989425, 30.019732], [-89.989408, 30.019571], [-89.989401, 30.019508], [-89.989218, 30.017803], [-89.989041, 30.016027], [-89.988866, 30.014181], [-89.988859, 30.014034], [-89.988573, 30.014084], [-89.988503, 30.01372], [-89.988462, 30.013723], [-89.988418, 30.013722], [-89.98838, 30.013712], [-89.988301, 30.013873], [-89.98827, 30.013928], [-89.988237, 30.013958], [-89.988265, 30.012807], [-89.988195, 30.012387], [-89.988033, 30.012053], [-89.987993, 30.011951], [-89.987966, 30.01188], [-89.987905, 30.011639], [-89.987897, 30.01132], [-89.987919, 30.011164], [-89.987994, 30.011075], [-89.988057, 30.011033], [-89.98818, 30.01101], [-89.988393, 30.011008], [-89.988773, 30.011018], [-89.988839, 30.011002], [-89.988867, 30.010968], [-89.988871, 30.010911], [-89.988871, 30.01083], [-89.988837, 30.01041], [-89.988755, 30.010122], [-89.988733, 30.009927], [-89.988732, 30.009721], [-89.988844, 30.008929], [-89.988902, 30.00893], [-89.989992, 30.008866], [-89.989981, 30.008726], [-89.990678, 30.008685], [-89.991546, 30.008615], [-89.991565, 30.008756], [-89.992391, 30.008687], [-89.992974, 30.008624], [-89.993349, 30.008563], [-89.993375, 30.008484], [-89.993391, 30.008383], [-89.994387, 30.008162], [-89.994638, 30.008106], [-89.99457, 30.007624], [-89.994536, 30.007454], [-89.994472, 30.007282], [-89.994415, 30.00714], [-89.994368, 30.007035], [-89.994345, 30.006917], [-89.99433, 30.006765], [-89.99435, 30.006617], [-89.994371, 30.006481], [-89.994419, 30.006328], [-89.994378, 30.006161], [-89.994375, 30.006052], [-89.994388, 30.005834], [-89.994448, 30.005643], [-89.994527, 30.005418], [-89.994562, 30.005256], [-89.994582, 30.005044], [-89.994589, 30.004837], [-89.994601, 30.004573], [-89.994611, 30.004461], [-89.994604, 30.004246], [-89.994601, 30.004125], [-89.994576, 30.003983], [-89.994699, 30.003862], [-89.99478, 30.003747], [-89.994793, 30.003636], [-89.994796, 30.003581], [-89.994793, 30.003489], [-89.994673, 30.002581], [-89.994676, 30.002478], [-89.994663, 30.002162], [-89.994676, 30.002155], [-89.994691, 30.002142], [-89.994698, 30.001998], [-89.994712, 30.00183], [-89.995813, 30.001727], [-89.996106, 30.001666], [-89.999348, 30.001001], [-89.999307, 30.000981], [-89.999267, 30.000965], [-89.998916, 30.000969], [-89.996796, 30.001272], [-89.996234, 30.001369], [-89.996823, 30.000005], [-89.997123, 29.999313], [-89.997808, 29.99928], [-89.99926, 29.999151], [-90.000723, 29.999027], [-90.003511, 29.998826], [-90.003891, 29.998794], [-90.004079, 29.99876], [-90.004285, 29.99873], [-90.004547, 29.998714], [-90.00517, 29.99867], [-90.005451, 29.998698], [-90.005979, 29.998746], [-90.006336, 29.998713], [-90.007044, 29.998652], [-90.008064, 29.998579], [-90.008992, 29.998508], [-90.010225, 29.9984], [-90.011056, 29.998326], [-90.011262, 29.998321], [-90.011419, 29.998298], [-90.011818, 29.99808], [-90.012141, 29.997958], [-90.012311, 29.997899], [-90.012614, 29.997788], [-90.012756, 29.997745], [-90.012875, 29.997707], [-90.012955, 29.9977], [-90.013006, 29.997689], [-90.01304, 29.997673], [-90.013068, 29.997648], [-90.013129, 29.997607], [-90.013197, 29.99758], [-90.013306, 29.997568], [-90.013386, 29.997576], [-90.013627, 29.997496], [-90.013693, 29.997484], [-90.013753, 29.997441], [-90.013784, 29.99742], [-90.013803, 29.997392], [-90.013806, 29.997354], [-90.013793, 29.997313], [-90.013739, 29.997231], [-90.013671, 29.997108], [-90.01355, 29.996921], [-90.013533, 29.996884], [-90.013529, 29.99686], [-90.013517, 29.996815], [-90.013525, 29.996801], [-90.013576, 29.996765], [-90.013645, 29.996712], [-90.013653, 29.996691], [-90.013648, 29.996663], [-90.013626, 29.996609], [-90.013596, 29.996526], [-90.01357, 29.996461], [-90.013533, 29.996397], [-90.013524, 29.996387], [-90.01352, 29.996366], [-90.013519, 29.996349], [-90.013527, 29.996331], [-90.013547, 29.996314], [-90.013569, 29.996301], [-90.013589, 29.9963], [-90.013604, 29.996302], [-90.01362, 29.996314], [-90.013675, 29.996406], [-90.013749, 29.996509], [-90.013885, 29.996686], [-90.013912, 29.996705], [-90.013938, 29.99671], [-90.01397, 29.996707], [-90.014001, 29.996699], [-90.016504, 29.995567], [-90.016843, 29.995426], [-90.017448, 29.995148], [-90.017493, 29.995142], [-90.017507, 29.995144], [-90.017532, 29.99517], [-90.017559, 29.995206], [-90.017574, 29.995244], [-90.017606, 29.995315], [-90.017611, 29.995333], [-90.017628, 29.995347], [-90.017649, 29.995355], [-90.017669, 29.995357], [-90.017698, 29.995354], [-90.017725, 29.995347], [-90.017739, 29.995332], [-90.017736, 29.995312], [-90.017752, 29.995298], [-90.01777, 29.995288], [-90.018197, 29.995103], [-90.018315, 29.995014], [-90.018341, 29.994981], [-90.018376, 29.994925], [-90.018413, 29.99486], [-90.018443, 29.994802], [-90.018493, 29.994757], [-90.018778, 29.994643], [-90.01926, 29.994473], [-90.019748, 29.994354], [-90.019792, 29.994351], [-90.020365, 29.993964], [-90.022146, 29.992768], [-90.021271, 29.989902], [-90.020271, 29.985902], [-90.02081, 29.984221], [-90.020828, 29.984165], [-90.021158, 29.98312], [-90.021407, 29.981823], [-90.021501, 29.981415], [-90.021578, 29.981061], [-90.021601, 29.980994], [-90.021611, 29.980964], [-90.021635, 29.980895], [-90.021698, 29.980719], [-90.021871, 29.980672], [-90.022002, 29.980759], [-90.022806, 29.980936], [-90.025683, 29.981571], [-90.02672, 29.981807], [-90.028115, 29.982119], [-90.028334, 29.982169], [-90.029287, 29.982395], [-90.029652, 29.982474], [-90.029793, 29.982505], [-90.031241, 29.982837], [-90.032076, 29.983027], [-90.033728, 29.983401], [-90.035424, 29.98379], [-90.03659, 29.984055], [-90.037331, 29.984224], [-90.043188, 29.98554], [-90.043402, 29.985588], [-90.044002, 29.985733], [-90.044788, 29.986058], [-90.044608, 29.986259], [-90.044397, 29.986469], [-90.044429, 29.986618], [-90.044449, 29.986663], [-90.044483, 29.986698], [-90.044513, 29.986715], [-90.044635, 29.986754], [-90.044685, 29.986789], [-90.04471, 29.98683], [-90.044701, 29.98688], [-90.044547, 29.987343], [-90.044495, 29.987524], [-90.044491, 29.987716], [-90.044493, 29.987874], [-90.044601, 29.989448], [-90.044324, 29.989467], [-90.044467, 29.991239], [-90.044842, 29.995872], [-90.044851, 29.99598], [-90.044901, 29.996757], [-90.045285, 29.996325], [-90.045332, 29.996752], [-90.045356, 29.996992], [-90.04537, 29.997157], [-90.045461, 29.997968], [-90.045524, 29.998757], [-90.045586, 29.999542], [-90.045651, 30.000355], [-90.045712, 30.001143], [-90.045794, 30.001953], [-90.045852, 30.002623], [-90.045862, 30.002736], [-90.045973, 30.003808], [-90.046025, 30.00467], [-90.046087, 30.005481], [-90.046218, 30.00722], [-90.046371, 30.00898], [-90.046504, 30.010764], [-90.046672, 30.012512], [-90.046705, 30.012893], [-90.046735, 30.013262], [-90.046808, 30.014404], [-90.046876, 30.015412], [-90.046913, 30.01576], [-90.046977, 30.016416], [-90.047065, 30.017467], [-90.047078, 30.017628], [-90.04716, 30.01867], [-90.047268, 30.019702], [-90.047331, 30.020704], [-90.047349, 30.021107], [-90.047372, 30.021701], [-90.047465, 30.022763], [-90.047481, 30.022943], [-90.04757, 30.023962], [-90.047638, 30.024979], [-90.047726, 30.025997], [-90.047768, 30.026645], [-90.047844, 30.026723], [-90.047875, 30.026871], [-90.047909, 30.027045], [-90.047937, 30.027187], [-90.047674, 30.0273], [-90.047334, 30.027508], [-90.047104, 30.027687], [-90.046922, 30.027859], [-90.046661, 30.028119], [-90.046504, 30.028268], [-90.046335, 30.028413], [-90.046133, 30.028573], [-90.045887, 30.028763], [-90.045741, 30.028877], [-90.045623, 30.028969], [-90.045314, 30.029208], [-90.045099, 30.029357], [-90.044988, 30.02942], [-90.044876, 30.029474], [-90.044691, 30.029551], [-90.044526, 30.029606], [-90.044405, 30.029639], [-90.044306, 30.029662], [-90.044038, 30.029706], [-90.042974, 30.029851], [-90.042072, 30.02999], [-90.041059, 30.030245], [-90.040548, 30.030373], [-90.038851, 30.0308], [-90.037838, 30.031018], [-90.035917, 30.031476], [-90.035673, 30.031542], [-90.035242, 30.03166], [-90.038983, 30.045094], [-90.037157, 30.048126], [-90.035813, 30.054884], [-90.025447, 30.05649], [-90.016937, 30.052059], [-90.010902, 30.045972], [-90.008071, 30.039601], [-90.007952, 30.039679], [-90.007913, 30.039724], [-90.007881, 30.039791], [-90.007863, 30.03986], [-90.007848, 30.039897], [-90.007827, 30.039927], [-90.007793, 30.03995], [-90.007444, 30.040062], [-90.006981, 30.04017], [-90.006907, 30.040181], [-90.006858, 30.040166], [-90.006838, 30.040146], [-90.006822, 30.040126], [-90.006803, 30.040113], [-90.006773, 30.040107], [-90.006655, 30.040133], [-90.006506, 30.040187], [-90.006233, 30.040299], [-90.006095, 30.040366], [-90.00594, 30.040451], [-90.005748, 30.040561], [-90.005641, 30.040634], [-90.005573, 30.040674], [-90.005467, 30.040696], [-90.005339, 30.040683], [-90.005197, 30.040677], [-90.004487, 30.040931], [-90.004312, 30.041022], [-90.004178, 30.041148], [-90.004022, 30.04125], [-90.003862, 30.041315], [-90.003113, 30.0415], [-90.002517, 30.041708], [-90.001335, 30.042184], [-90.000865, 30.042398], [-90.000831, 30.042469], [-90.000815, 30.042584], [-90.000706, 30.042675], [-90.000457, 30.042812], [-90.000275, 30.042896], [-89.999948, 30.042923], [-89.999998, 30.04247], [-90.000221, 30.042041], [-90.000077, 30.04176], [-89.999951, 30.041547], [-89.999901, 30.041463], [-89.999788, 30.041301], [-89.999616, 30.041066], [-89.999416, 30.040844], [-89.999099, 30.040467], [-89.998919, 30.040274], [-89.998775, 30.040086], [-89.9986, 30.03983], [-89.998516, 30.039697], [-89.998327, 30.03938], [-89.998102, 30.039034], [-89.9979, 30.038674], [-89.997769, 30.038386], [-89.997684, 30.038178], [-89.997613, 30.037969], [-89.997553, 30.037709], [-89.997477, 30.0374], [-89.997427, 30.037138], [-89.99736, 30.036792], [-89.997262, 30.036377], [-89.997171, 30.03613], [-89.99709, 30.035953], [-89.997077, 30.035926], [-89.99692, 30.035632], [-89.996845, 30.035501], [-89.996773, 30.035375], [-89.997833, 30.03495], [-89.997227, 30.033765], [-89.996549, 30.032535], [-89.996121, 30.031764], [-89.9956, 30.031969], [-89.995389, 30.031526]]]}}, {"type": "Feature", "properties": {"zip": "70112"}, "geometry": {"type": "Polygon", "coordinates": [[[-90.087662, 29.955839], [-90.08759, 29.955957], [-90.087463, 29.956095], [-90.087525, 29.9561], [-90.087569, 29.956108], [-90.08761, 29.956132], [-90.087629, 29.956158], [-90.08766, 29.956229], [-90.087514, 29.956393], [-90.086939, 29.957036], [-90.086699, 29.95693], [-90.085833, 29.956518], [-90.084838, 29.957604], [-90.083917, 29.958686], [-90.08382, 29.958765], [-90.084582, 29.959325], [-90.084483, 29.959425], [-90.08416, 29.959765], [-90.083682, 29.960267], [-90.083884, 29.960442], [-90.083149, 29.961235], [-90.08298, 29.961107], [-90.082565, 29.961573], [-90.082737, 29.96171], [-90.082404, 29.962095], [-90.082212, 29.96197], [-90.082081, 29.962114], [-90.081709, 29.962517], [-90.081903, 29.962657], [-90.081512, 29.963088], [-90.081304, 29.962957], [-90.080656, 29.963694], [-90.080597, 29.963762], [-90.079882, 29.964545], [-90.079127, 29.964053], [-90.078514, 29.964719], [-90.077634, 29.964145], [-90.077233, 29.964548], [-90.076832, 29.96501], [-90.077697, 29.965486], [-90.076786, 29.966663], [-90.076716, 29.966753], [-90.075794, 29.966151], [-90.074947, 29.965579], [-90.074217, 29.965092], [-90.074294, 29.964995], [-90.075071, 29.964007], [-90.074927, 29.963928], [-90.074144, 29.963491], [-90.074024, 29.963413], [-90.073896, 29.963341], [-90.073777, 29.963273], [-90.073659, 29.963409], [-90.073343, 29.963768], [-90.072599, 29.963241], [-90.071869, 29.962717], [-90.0715, 29.9631], [-90.071384, 29.963209], [-90.071232, 29.963065], [-90.071141, 29.962934], [-90.071035, 29.962748], [-90.070959, 29.962563], [-90.07084, 29.962164], [-90.070861, 29.961696], [-90.070665, 29.961409], [-90.070587, 29.961293], [-90.070477, 29.961156], [-90.070323, 29.96097], [-90.070147, 29.960723], [-90.070089, 29.960599], [-90.070065, 29.96048], [-90.070067, 29.960362], [-90.070078, 29.960244], [-90.070108, 29.960137], [-90.070134, 29.960082], [-90.070207, 29.959865], [-90.070266, 29.959773], [-90.070427, 29.959581], [-90.070448, 29.959545], [-90.070451, 29.959499], [-90.070425, 29.959453], [-90.070382, 29.959435], [-90.070327, 29.959436], [-90.070272, 29.959453], [-90.070115, 29.959571], [-90.069818, 29.959734], [-90.069761, 29.959755], [-90.069702, 29.959762], [-90.069611, 29.959769], [-90.069495, 29.959768], [-90.069414, 29.959763], [-90.069327, 29.959752], [-90.069211, 29.959718], [-90.069101, 29.959653], [-90.068394, 29.960449], [-90.068308, 29.960391], [-90.067568, 29.959896], [-90.067462, 29.959825], [-90.06668, 29.959294], [-90.066543, 29.959201], [-90.06646, 29.959143], [-90.065658, 29.95859], [-90.065735, 29.958504], [-90.066348, 29.957827], [-90.067047, 29.957013], [-90.067721, 29.956255], [-90.068421, 29.955497], [-90.069083, 29.954678], [-90.069868, 29.953876], [-90.070016, 29.953685], [-90.070872, 29.952803], [-90.071172, 29.952003], [-90.071272, 29.951503], [-90.071472, 29.950903], [-90.071815, 29.949934], [-90.072407, 29.950065], [-90.073029, 29.950196], [-90.073473, 29.950291], [-90.074226, 29.950465], [-90.074715, 29.950583], [-90.074931, 29.950455], [-90.075019, 29.950659], [-90.075562, 29.950808], [-90.075837, 29.950903], [-90.077426, 29.951499], [-90.077508, 29.951314], [-90.078369, 29.948862], [-90.079731, 29.948996], [-90.080797, 29.949405], [-90.080985, 29.949003], [-90.081445, 29.949502], [-90.081678, 29.949602], [-90.082996, 29.949754], [-90.084621, 29.950167], [-90.084788, 29.950468], [-90.084889, 29.950798], [-90.084475, 29.951312], [-90.084365, 29.95146], [-90.083909, 29.951977], [-90.083461, 29.952494], [-90.082676, 29.953406], [-90.082501, 29.953577], [-90.082433, 29.953645], [-90.082527, 29.953669], [-90.082464, 29.953781], [-90.082273, 29.954015], [-90.08259, 29.95384], [-90.082787, 29.953776], [-90.083071, 29.953901], [-90.083896, 29.954293], [-90.084198, 29.954398], [-90.084386, 29.95437], [-90.084848, 29.954314], [-90.084919, 29.954318], [-90.08537, 29.954316], [-90.085927, 29.954315], [-90.086345, 29.954339], [-90.087472, 29.95471], [-90.087735, 29.954793], [-90.087849, 29.954814], [-90.087905, 29.954837], [-90.087978, 29.954886], [-90.088311, 29.955148], [-90.088416, 29.955235], [-90.088313, 29.955336], [-90.08827, 29.95538], [-90.088168, 29.955479], [-90.0881, 29.955542], [-90.08803, 29.955592], [-90.087899, 29.95565], [-90.087816, 29.955673], [-90.087662, 29.955839]]]}}, {"type": "Feature", "properties": {"zip": "70123"}, "geometry": {"type": "Polygon", "coordinates": [[[-90.219039, 29.933963], [-90.221549, 29.938932], [-90.226867, 29.950386], [-90.229438, 29.955938], [-90.23027, 29.957736], [-90.230504, 29.95824], [-90.23104, 29.959392], [-90.234458, 29.961511], [-90.235011, 29.961854], [-90.238349, 29.963922], [-90.240501, 29.965255], [-90.239425, 29.969137], [-90.239057, 29.970385], [-90.23896, 29.970716], [-90.238945, 29.97072], [-90.238731, 29.971448], [-90.238098, 29.971305], [-90.237754, 29.971183], [-90.237693, 29.971294], [-90.237464, 29.97171], [-90.237022, 29.972576], [-90.2369, 29.972812], [-90.236206, 29.974082], [-90.235603, 29.975046], [-90.2369, 29.975233], [-90.237693, 29.975294], [-90.237663, 29.975402], [-90.237625, 29.975555], [-90.233909, 29.975313], [-90.232849, 29.975242], [-90.231979, 29.975185], [-90.230949, 29.975118], [-90.228973, 29.975006], [-90.228591, 29.974985], [-90.226234, 29.974828], [-90.222457, 29.974576], [-90.218742, 29.97433], [-90.216217, 29.974163], [-90.213432, 29.973981], [-90.210601, 29.973796], [-90.210189, 29.973766], [-90.209053, 29.97368], [-90.208435, 29.973646], [-90.207504, 29.973594], [-90.206071, 29.973491], [-90.205909, 29.973478], [-90.205444, 29.973154], [-90.205215, 29.97293], [-90.205078, 29.972747], [-90.204887, 29.972461], [-90.204772, 29.972234], [-90.204696, 29.972032], [-90.20462, 29.971784], [-90.204551, 29.971349], [-90.204551, 29.970695], [-90.204551, 29.970285], [-90.204574, 29.96956], [-90.204566, 29.968959], [-90.204559, 29.968629], [-90.204086, 29.968519], [-90.202748, 29.968206], [-90.20185, 29.967996], [-90.201619, 29.967965], [-90.201324, 29.967927], [-90.201202, 29.967916], [-90.200744, 29.967914], [-90.200317, 29.967941], [-90.199897, 29.968], [-90.199378, 29.968124], [-90.198928, 29.968269], [-90.197883, 29.96866], [-90.197502, 29.968786], [-90.197151, 29.968877], [-90.196678, 29.968936], [-90.196083, 29.968959], [-90.194396, 29.968885], [-90.192115, 29.968744], [-90.190841, 29.968687], [-90.184791, 29.968282], [-90.183967, 29.968221], [-90.183776, 29.968206], [-90.183479, 29.968187], [-90.183288, 29.968175], [-90.184394, 29.967304], [-90.184593, 29.967134], [-90.184753, 29.966974], [-90.184959, 29.966735], [-90.185104, 29.966518], [-90.185241, 29.966264], [-90.185317, 29.966047], [-90.185386, 29.965656], [-90.185417, 29.965202], [-90.185394, 29.965026], [-90.185325, 29.964742], [-90.185318, 29.964723], [-90.185089, 29.964109], [-90.184715, 29.963106], [-90.184509, 29.962488], [-90.184272, 29.961856], [-90.183921, 29.960857], [-90.183456, 29.959609], [-90.183441, 29.959564], [-90.18328, 29.959129], [-90.183212, 29.95893], [-90.182983, 29.958303], [-90.182868, 29.957988], [-90.182601, 29.957269], [-90.181945, 29.957445], [-90.181608, 29.957623], [-90.181541, 29.957432], [-90.18132, 29.956802], [-90.1809, 29.955709], [-90.180463, 29.954825], [-90.180374, 29.954643], [-90.179664, 29.95362], [-90.179393, 29.953278], [-90.179388, 29.953273], [-90.179229, 29.953098], [-90.179046, 29.952898], [-90.178787, 29.952634], [-90.178421, 29.952312], [-90.176261, 29.950384], [-90.173561, 29.947999], [-90.173324, 29.947792], [-90.173071, 29.947565], [-90.171684, 29.946325], [-90.169906, 29.944744], [-90.169303, 29.94419], [-90.169761, 29.943897], [-90.181953, 29.933263], [-90.182645, 29.932821], [-90.184158, 29.931856], [-90.194433, 29.926328], [-90.196289, 29.925331], [-90.196706, 29.925105], [-90.197341, 29.924764], [-90.198348, 29.924573], [-90.199889, 29.924295], [-90.20642, 29.92312], [-90.206748, 29.923248], [-90.214302, 29.926284], [-90.214797, 29.926494], [-90.219039, 29.933963]]]}}, {"type": "Feature", "properties": {"zip": "70117"}, "geometry": {"type": "Polygon", "coordinates": [[[-90.032744, 29.955068], [-90.036764, 29.956302], [-90.038071, 29.956703], [-90.041571, 29.957503], [-90.041653, 29.957516], [-90.045372, 29.958103], [-90.047431, 29.958185], [-90.051901, 29.958364], [-90.052331, 29.958381], [-90.056258, 29.960384], [-90.056692, 29.961068], [-90.056808, 29.961273], [-90.056853, 29.961354], [-90.056719, 29.961467], [-90.05665, 29.961537], [-90.056574, 29.961644], [-90.056531, 29.961731], [-90.056497, 29.961836], [-90.056482, 29.961927], [-90.056487, 29.962256], [-90.056505, 29.96263], [-90.056587, 29.96361], [-90.056662, 29.964589], [-90.056715, 29.965568], [-90.056728, 29.965697], [-90.05682, 29.966566], [-90.056886, 29.96755], [-90.056964, 29.968537], [-90.056979, 29.968709], [-90.057034, 29.969545], [-90.05712, 29.970552], [-90.057192, 29.971584], [-90.057202, 29.9717], [-90.057279, 29.972594], [-90.057327, 29.973277], [-90.057345, 29.973606], [-90.057437, 29.974615], [-90.057499, 29.975638], [-90.057581, 29.976645], [-90.05765, 29.977661], [-90.057716, 29.978672], [-90.058373, 29.978636], [-90.058935, 29.978607], [-90.059326, 29.978587], [-90.059921, 29.97856], [-90.059869, 29.9786], [-90.059207, 29.979139], [-90.058993, 29.979305], [-90.058618, 29.979597], [-90.058554, 29.979647], [-90.058059, 29.979677], [-90.057981, 29.979678], [-90.058019, 29.979783], [-90.058068, 29.980059], [-90.05811, 29.980292], [-90.05815, 29.980432], [-90.058167, 29.980672], [-90.058166, 29.981008], [-90.058123, 29.981986], [-90.058127, 29.982141], [-90.058143, 29.982283], [-90.058107, 29.982732], [-90.058073, 29.983196], [-90.058059, 29.983397], [-90.058054, 29.983756], [-90.058096, 29.984763], [-90.058122, 29.985172], [-90.058068, 29.985143], [-90.058024, 29.98511], [-90.057995, 29.985087], [-90.057863, 29.984953], [-90.057776, 29.984881], [-90.057706, 29.98484], [-90.057637, 29.984823], [-90.057494, 29.984817], [-90.056918, 29.984847], [-90.054875, 29.984968], [-90.054538, 29.984994], [-90.054394, 29.985208], [-90.054311, 29.98592], [-90.054296, 29.986049], [-90.054175, 29.98608], [-90.054065, 29.986118], [-90.053858, 29.986201], [-90.053699, 29.986283], [-90.053502, 29.986404], [-90.053321, 29.986543], [-90.05317, 29.986683], [-90.053017, 29.986851], [-90.052744, 29.987157], [-90.052988, 29.986], [-90.053079, 29.985641], [-90.05315, 29.985396], [-90.053277, 29.985066], [-90.052995, 29.985082], [-90.052285, 29.985121], [-90.051164, 29.985187], [-90.05003, 29.985257], [-90.048988, 29.985324], [-90.048872, 29.985331], [-90.047763, 29.985398], [-90.046644, 29.985464], [-90.046164, 29.985496], [-90.045967, 29.985518], [-90.045906, 29.985526], [-90.045796, 29.985571], [-90.045599, 29.985641], [-90.045233, 29.985818], [-90.045116, 29.986177], [-90.04508, 29.986286], [-90.04487, 29.986122], [-90.044788, 29.986058], [-90.044002, 29.985733], [-90.043402, 29.985588], [-90.043188, 29.98554], [-90.037331, 29.984224], [-90.03659, 29.984055], [-90.035424, 29.98379], [-90.033728, 29.983401], [-90.032076, 29.983027], [-90.031241, 29.982837], [-90.029793, 29.982505], [-90.029652, 29.982474], [-90.029287, 29.982395], [-90.028334, 29.982169], [-90.028115, 29.982119], [-90.02672, 29.981807], [-90.025683, 29.981571], [-90.022806, 29.980936], [-90.022002, 29.980759], [-90.021871, 29.980672], [-90.021698, 29.980719], [-90.020992, 29.980549], [-90.020557, 29.979944], [-90.020434, 29.979897], [-90.02027, 29.979851], [-90.019735, 29.979723], [-90.019659, 29.979708], [-90.019722, 29.979746], [-90.01962, 29.979928], [-90.019343, 29.980422], [-90.015784, 29.979615], [-90.01122, 29.978579], [-90.009202, 29.978133], [-90.007303, 29.977684], [-90.006997, 29.977618], [-90.006733, 29.977557], [-90.006493, 29.977504], [-90.006251, 29.977445], [-90.006059, 29.97739], [-90.005838, 29.97732], [-90.005155, 29.977074], [-90.004353, 29.976778], [-90.002715, 29.976267], [-90.00065, 29.975604], [-89.99897, 29.975072], [-89.998578, 29.974685], [-89.998171, 29.974388], [-89.99662, 29.973254], [-89.99681, 29.973186], [-89.998446, 29.973776], [-89.99863, 29.97383], [-89.998675, 29.973703], [-89.999808, 29.971774], [-89.999969, 29.9715], [-90.000327, 29.970743], [-90.000768, 29.9698], [-90.000794, 29.969749], [-90.001156, 29.96898], [-90.001173, 29.968945], [-90.001621, 29.967992], [-90.002527, 29.966072], [-90.004009, 29.962932], [-90.004063, 29.962828], [-90.004074, 29.962806], [-90.00481, 29.961382], [-90.005858, 29.959353], [-90.006408, 29.958288], [-90.006464, 29.958213], [-90.006503, 29.958157], [-90.006948, 29.956961], [-90.007374, 29.956053], [-90.007815, 29.955134], [-90.008759, 29.953329], [-90.008804, 29.953233], [-90.009154, 29.952478], [-90.009448, 29.951841], [-90.009778, 29.951123], [-90.010233, 29.950136], [-90.01048, 29.9496], [-90.012102, 29.94598], [-90.013871, 29.947003], [-90.014586, 29.947349], [-90.016331, 29.948195], [-90.016589, 29.948319], [-90.018205, 29.949102], [-90.019996, 29.949969], [-90.020115, 29.950027], [-90.022583, 29.951222], [-90.025369, 29.952572], [-90.025458, 29.952615], [-90.026671, 29.953203], [-90.032744, 29.955068]]]}}, {"type": "Feature", "properties": {"zip": "70122"}, "geometry": {"type": "Polygon", "coordinates": [[[-90.047372, 30.021701], [-90.047349, 30.021107], [-90.047331, 30.020704], [-90.047268, 30.019702], [-90.04716, 30.01867], [-90.047078, 30.017628], [-90.047065, 30.017467], [-90.046977, 30.016416], [-90.046913, 30.01576], [-90.046876, 30.015412], [-90.046808, 30.014404], [-90.046735, 30.013262], [-90.046705, 30.012893], [-90.046672, 30.012512], [-90.046504, 30.010764], [-90.046371, 30.00898], [-90.046218, 30.00722], [-90.046087, 30.005481], [-90.046025, 30.00467], [-90.045973, 30.003808], [-90.045862, 30.002736], [-90.045852, 30.002623], [-90.045794, 30.001953], [-90.045712, 30.001143], [-90.045651, 30.000355], [-90.045586, 29.999542], [-90.045524, 29.998757], [-90.045461, 29.997968], [-90.04537, 29.997157], [-90.045356, 29.996992], [-90.045332, 29.996752], [-90.045285, 29.996325], [-90.044901, 29.996757], [-90.044851, 29.99598], [-90.044842, 29.995872], [-90.044467, 29.991239], [-90.044324, 29.989467], [-90.044601, 29.989448], [-90.044493, 29.987874], [-90.044491, 29.987716], [-90.044495, 29.987524], [-90.044547, 29.987343], [-90.044701, 29.98688], [-90.04471, 29.98683], [-90.044685, 29.986789], [-90.044635, 29.986754], [-90.044513, 29.986715], [-90.044483, 29.986698], [-90.044449, 29.986663], [-90.044429, 29.986618], [-90.044397, 29.986469], [-90.044608, 29.986259], [-90.044788, 29.986058], [-90.04487, 29.986122], [-90.04508, 29.986286], [-90.045116, 29.986177], [-90.045233, 29.985818], [-90.045599, 29.985641], [-90.045796, 29.985571], [-90.045906, 29.985526], [-90.045967, 29.985518], [-90.046164, 29.985496], [-90.046644, 29.985464], [-90.047763, 29.985398], [-90.048872, 29.985331], [-90.048988, 29.985324], [-90.05003, 29.985257], [-90.051164, 29.985187], [-90.052285, 29.985121], [-90.052995, 29.985082], [-90.053277, 29.985066], [-90.05315, 29.985396], [-90.053079, 29.985641], [-90.052988, 29.986], [-90.052744, 29.987157], [-90.053017, 29.986851], [-90.05317, 29.986683], [-90.053321, 29.986543], [-90.053502, 29.986404], [-90.053699, 29.986283], [-90.053858, 29.986201], [-90.054065, 29.986118], [-90.054175, 29.98608], [-90.054296, 29.986049], [-90.054311, 29.98592], [-90.054394, 29.985208], [-90.054538, 29.984994], [-90.054875, 29.984968], [-90.056918, 29.984847], [-90.057494, 29.984817], [-90.057637, 29.984823], [-90.057706, 29.98484], [-90.057776, 29.984881], [-90.057863, 29.984953], [-90.057995, 29.985087], [-90.058024, 29.98511], [-90.058068, 29.985143], [-90.058122, 29.985172], [-90.058165, 29.985705], [-90.058667, 29.985756], [-90.058864, 29.985794], [-90.058994, 29.985827], [-90.059185, 29.985878], [-90.059518, 29.985984], [-90.060712, 29.986407], [-90.06187, 29.986824], [-90.062986, 29.987209], [-90.063304, 29.987337], [-90.064153, 29.987636], [-90.065436, 29.988088], [-90.066884, 29.988605], [-90.067111, 29.988347], [-90.067249, 29.988368], [-90.067472, 29.988402], [-90.067875, 29.988578], [-90.068156, 29.988701], [-90.068476, 29.98884], [-90.068633, 29.988904], [-90.069295, 29.989132], [-90.069392, 29.989167], [-90.070501, 29.989561], [-90.0713, 29.989864], [-90.071689, 29.989997], [-90.071749, 29.990008], [-90.07197, 29.990049], [-90.072933, 29.990454], [-90.073077, 29.990515], [-90.073866, 29.990773], [-90.07407, 29.990836], [-90.074308, 29.990914], [-90.074985, 29.991158], [-90.075558, 29.991365], [-90.076451, 29.991667], [-90.076669, 29.991741], [-90.076898, 29.99215], [-90.077174, 29.992244], [-90.077416, 29.992322], [-90.077738, 29.992402], [-90.077938, 29.992443], [-90.078103, 29.992458], [-90.07827, 29.99247], [-90.078536, 29.992472], [-90.080017, 29.992427], [-90.082285, 29.992367], [-90.082615, 29.992371], [-90.082985, 29.992389], [-90.083542, 29.992441], [-90.084499, 29.992526], [-90.086088, 29.992665], [-90.086197, 29.992675], [-90.086291, 29.992683], [-90.086281, 29.992747], [-90.086235, 29.992862], [-90.086168, 29.992979], [-90.086148, 29.993054], [-90.086121, 29.993121], [-90.086094, 29.993351], [-90.085904, 29.993863], [-90.085869, 29.99457], [-90.085633, 29.99535], [-90.085331, 29.995925], [-90.084916, 29.99659], [-90.084922, 29.996614], [-90.085071, 29.997223], [-90.085352, 29.998174], [-90.085379, 29.998677], [-90.08538, 29.998815], [-90.085378, 29.999088], [-90.085375, 29.99932], [-90.085375, 29.999383], [-90.085375, 29.999445], [-90.085761, 29.999421], [-90.08505, 29.999724], [-90.08535, 30.002713], [-90.085308, 30.00385], [-90.085299, 30.006651], [-90.084992, 30.008471], [-90.08489, 30.010924], [-90.084882, 30.011105], [-90.084296, 30.015142], [-90.084084, 30.018105], [-90.084063, 30.018771], [-90.083125, 30.020685], [-90.083037, 30.020865], [-90.082989, 30.020976], [-90.082951, 30.021044], [-90.08295, 30.021077], [-90.082954, 30.021093], [-90.082926, 30.021108], [-90.082868, 30.021103], [-90.082867, 30.021102], [-90.082702, 30.02146], [-90.082709, 30.022109], [-90.082829, 30.0234], [-90.082904, 30.024237], [-90.082792, 30.024835], [-90.082514, 30.025224], [-90.082544, 30.025555], [-90.082534, 30.025988], [-90.082507, 30.026114], [-90.082512, 30.026211], [-90.08247, 30.031538], [-90.080322, 30.03335], [-90.077165, 30.035096], [-90.075896, 30.035428], [-90.069626, 30.036299], [-90.059644, 30.03774], [-90.046528, 30.038349], [-90.038983, 30.045094], [-90.035242, 30.03166], [-90.035673, 30.031542], [-90.035917, 30.031476], [-90.037838, 30.031018], [-90.038851, 30.0308], [-90.040548, 30.030373], [-90.041059, 30.030245], [-90.042072, 30.02999], [-90.042974, 30.029851], [-90.044038, 30.029706], [-90.044306, 30.029662], [-90.044405, 30.029639], [-90.044526, 30.029606], [-90.044691, 30.029551], [-90.044876, 30.029474], [-90.044988, 30.02942], [-90.045099, 30.029357], [-90.045314, 30.029208], [-90.045623, 30.028969], [-90.045741, 30.028877], [-90.045887, 30.028763], [-90.046133, 30.028573], [-90.046335, 30.028413], [-90.046504, 30.028268], [-90.046661, 30.028119], [-90.046922, 30.027859], [-90.047104, 30.027687], [-90.047334, 30.027508], [-90.047674, 30.0273], [-90.047937, 30.027187], [-90.047909, 30.027045], [-90.047875, 30.026871], [-90.047844, 30.026723], [-90.047768, 30.026645], [-90.047726, 30.025997], [-90.047638, 30.024979], [-90.04757, 30.023962], [-90.047481, 30.022943], [-90.047465, 30.022763], [-90.047372, 30.021701]]]}}, {"type": "Feature", "properties": {"zip": "70119"}, "geometry": {"type": "Polygon", "coordinates": [[[-90.093845, 29.98329], [-90.092377, 29.983161], [-90.09166, 29.983031], [-90.091549, 29.983147], [-90.091426, 29.983246], [-90.091304, 29.983317], [-90.091084, 29.983386], [-90.09087, 29.983471], [-90.090658, 29.983576], [-90.090463, 29.983688], [-90.090296, 29.98385], [-90.090117, 29.984059], [-90.08993, 29.984325], [-90.089848, 29.984256], [-90.089769, 29.984173], [-90.089717, 29.98411], [-90.089685, 29.984071], [-90.089572, 29.983938], [-90.089483, 29.983851], [-90.08937, 29.983772], [-90.089188, 29.984044], [-90.089068, 29.984663], [-90.088955, 29.985399], [-90.088851, 29.985809], [-90.088466, 29.986296], [-90.088033, 29.986629], [-90.087704, 29.98713], [-90.08768, 29.987449], [-90.08784, 29.98797], [-90.08784, 29.988339], [-90.087664, 29.988693], [-90.087375, 29.989068], [-90.087291, 29.989261], [-90.087251, 29.989565], [-90.087145, 29.989919], [-90.087089, 29.990313], [-90.087074, 29.990664], [-90.086958, 29.990957], [-90.08672, 29.991347], [-90.086483, 29.991727], [-90.086468, 29.992003], [-90.086458, 29.992336], [-90.086382, 29.99248], [-90.086291, 29.992683], [-90.086197, 29.992675], [-90.086088, 29.992665], [-90.084499, 29.992526], [-90.083542, 29.992441], [-90.082985, 29.992389], [-90.082615, 29.992371], [-90.082285, 29.992367], [-90.080017, 29.992427], [-90.078536, 29.992472], [-90.07827, 29.99247], [-90.078103, 29.992458], [-90.077938, 29.992443], [-90.077738, 29.992402], [-90.077416, 29.992322], [-90.077174, 29.992244], [-90.076898, 29.99215], [-90.076669, 29.991741], [-90.076451, 29.991667], [-90.075558, 29.991365], [-90.074985, 29.991158], [-90.074308, 29.990914], [-90.07407, 29.990836], [-90.073866, 29.990773], [-90.073077, 29.990515], [-90.072933, 29.990454], [-90.07197, 29.990049], [-90.071749, 29.990008], [-90.071689, 29.989997], [-90.0713, 29.989864], [-90.070501, 29.989561], [-90.069392, 29.989167], [-90.069295, 29.989132], [-90.068633, 29.988904], [-90.068476, 29.98884], [-90.068156, 29.988701], [-90.067875, 29.988578], [-90.067472, 29.988402], [-90.067249, 29.988368], [-90.067111, 29.988347], [-90.066884, 29.988605], [-90.065436, 29.988088], [-90.064153, 29.987636], [-90.063304, 29.987337], [-90.062986, 29.987209], [-90.06187, 29.986824], [-90.060712, 29.986407], [-90.059518, 29.985984], [-90.059185, 29.985878], [-90.058994, 29.985827], [-90.058864, 29.985794], [-90.058667, 29.985756], [-90.058165, 29.985705], [-90.058122, 29.985172], [-90.058096, 29.984763], [-90.058054, 29.983756], [-90.058059, 29.983397], [-90.058073, 29.983196], [-90.058107, 29.982732], [-90.058143, 29.982283], [-90.058127, 29.982141], [-90.058123, 29.981986], [-90.058166, 29.981008], [-90.058167, 29.980672], [-90.05815, 29.980432], [-90.05811, 29.980292], [-90.058068, 29.980059], [-90.058019, 29.979783], [-90.057981, 29.979678], [-90.058059, 29.979677], [-90.058554, 29.979647], [-90.058618, 29.979597], [-90.058993, 29.979305], [-90.059207, 29.979139], [-90.059869, 29.9786], [-90.059921, 29.97856], [-90.060096, 29.978552], [-90.060241, 29.978545], [-90.060333, 29.978541], [-90.061223, 29.978472], [-90.062336, 29.978406], [-90.063497, 29.978335], [-90.064659, 29.97826], [-90.064999, 29.97824], [-90.065834, 29.978191], [-90.066186, 29.978165], [-90.067013, 29.978117], [-90.067226, 29.978105], [-90.067182, 29.977542], [-90.067896, 29.978062], [-90.068831, 29.97872], [-90.069111, 29.978895], [-90.069325, 29.979028], [-90.069023, 29.978486], [-90.068482, 29.977533], [-90.068692, 29.977304], [-90.069394, 29.976519], [-90.070004, 29.975824], [-90.070113, 29.975701], [-90.070827, 29.9749], [-90.071536, 29.974101], [-90.072256, 29.973297], [-90.072972, 29.972507], [-90.073092, 29.972374], [-90.073145, 29.972315], [-90.073549, 29.971861], [-90.074266, 29.971051], [-90.074913, 29.970339], [-90.074972, 29.970274], [-90.075664, 29.969511], [-90.07643, 29.968628], [-90.077141, 29.967814], [-90.077545, 29.967318], [-90.077493, 29.967281], [-90.076716, 29.966753], [-90.076786, 29.966663], [-90.077697, 29.965486], [-90.076832, 29.96501], [-90.077233, 29.964548], [-90.077634, 29.964145], [-90.078514, 29.964719], [-90.079127, 29.964053], [-90.079882, 29.964545], [-90.080597, 29.963762], [-90.080656, 29.963694], [-90.081304, 29.962957], [-90.081512, 29.963088], [-90.081903, 29.962657], [-90.081709, 29.962517], [-90.082081, 29.962114], [-90.082212, 29.96197], [-90.082404, 29.962095], [-90.082737, 29.96171], [-90.082565, 29.961573], [-90.08298, 29.961107], [-90.083149, 29.961235], [-90.083884, 29.960442], [-90.083682, 29.960267], [-90.08416, 29.959765], [-90.084483, 29.959425], [-90.084582, 29.959325], [-90.08382, 29.958765], [-90.083917, 29.958686], [-90.084838, 29.957604], [-90.085833, 29.956518], [-90.086699, 29.95693], [-90.086939, 29.957036], [-90.087514, 29.956393], [-90.08766, 29.956229], [-90.087629, 29.956158], [-90.08761, 29.956132], [-90.087569, 29.956108], [-90.087525, 29.9561], [-90.087463, 29.956095], [-90.08759, 29.955957], [-90.087662, 29.955839], [-90.087816, 29.955673], [-90.087899, 29.95565], [-90.08803, 29.955592], [-90.0881, 29.955542], [-90.088168, 29.955479], [-90.08827, 29.95538], [-90.088313, 29.955336], [-90.088416, 29.955235], [-90.088311, 29.955148], [-90.087978, 29.954886], [-90.087905, 29.954837], [-90.087849, 29.954814], [-90.087735, 29.954793], [-90.087472, 29.95471], [-90.086345, 29.954339], [-90.08644, 29.954219], [-90.08754, 29.954426], [-90.0878, 29.954604], [-90.088648, 29.954789], [-90.088755, 29.954655], [-90.089009, 29.954706], [-90.089139, 29.954558], [-90.089313, 29.954342], [-90.090113, 29.954932], [-90.090918, 29.955539], [-90.091802, 29.956118], [-90.0921, 29.956334], [-90.09221, 29.95642], [-90.092335, 29.956508], [-90.094055, 29.957773], [-90.094117, 29.95781], [-90.094171, 29.957842], [-90.095529, 29.958825], [-90.095576, 29.958861], [-90.095615, 29.958911], [-90.095632, 29.958953], [-90.095786, 29.959074], [-90.096131, 29.959309], [-90.097267, 29.960119], [-90.10072, 29.962568], [-90.100785, 29.962621], [-90.10245, 29.963754], [-90.103249, 29.964307], [-90.103894, 29.964757], [-90.104961, 29.965501], [-90.105978, 29.966412], [-90.106113, 29.966532], [-90.106976, 29.967351], [-90.107127, 29.967497], [-90.107284, 29.96766], [-90.107523, 29.9679], [-90.107648, 29.968016], [-90.108272, 29.968612], [-90.108418, 29.96878], [-90.108608, 29.969034], [-90.108751, 29.969251], [-90.109088, 29.969875], [-90.109122, 29.969976], [-90.109517, 29.970682], [-90.109632, 29.97093], [-90.109652, 29.970973], [-90.110091, 29.971784], [-90.110443, 29.972549], [-90.110943, 29.97402], [-90.111049, 29.974351], [-90.111147, 29.974591], [-90.111541, 29.975728], [-90.111862, 29.976634], [-90.112146, 29.977315], [-90.112425, 29.978011], [-90.113183, 29.979832], [-90.113474, 29.98058], [-90.11367, 29.981077], [-90.113699, 29.981151], [-90.113588, 29.981185], [-90.113392, 29.981253], [-90.112832, 29.981441], [-90.112095, 29.981689], [-90.111558, 29.981869], [-90.111286, 29.98196], [-90.111027, 29.982064], [-90.110411, 29.982263], [-90.108721, 29.982815], [-90.108844, 29.982983], [-90.10887, 29.983047], [-90.10888, 29.9831], [-90.108878, 29.983164], [-90.108834, 29.983238], [-90.108322, 29.983842], [-90.107428, 29.983209], [-90.106218, 29.983513], [-90.105827, 29.98361], [-90.105389, 29.983702], [-90.105086, 29.983791], [-90.103893, 29.984095], [-90.103839, 29.984109], [-90.102734, 29.984121], [-90.102192, 29.984072], [-90.100872, 29.983939], [-90.099518, 29.983804], [-90.09883, 29.983747], [-90.098146, 29.98367], [-90.096784, 29.983562], [-90.095976, 29.983495], [-90.094774, 29.983371], [-90.093845, 29.98329]]]}}, {"type": "Feature", "properties": {"zip": "70127"}, "geometry": {"type": "Polygon", "coordinates": [[[-89.989981, 30.008726], [-89.989992, 30.008866], [-89.988902, 30.00893], [-89.988844, 30.008929], [-89.988732, 30.009721], [-89.988733, 30.009927], [-89.988755, 30.010122], [-89.988837, 30.01041], [-89.988871, 30.01083], [-89.988871, 30.010911], [-89.988867, 30.010968], [-89.988839, 30.011002], [-89.988773, 30.011018], [-89.988393, 30.011008], [-89.98818, 30.01101], [-89.988057, 30.011033], [-89.987994, 30.011075], [-89.987919, 30.011164], [-89.987897, 30.01132], [-89.987905, 30.011639], [-89.987966, 30.01188], [-89.987993, 30.011951], [-89.988033, 30.012053], [-89.988195, 30.012387], [-89.988265, 30.012807], [-89.988237, 30.013958], [-89.98827, 30.013928], [-89.988301, 30.013873], [-89.98838, 30.013712], [-89.988418, 30.013722], [-89.988462, 30.013723], [-89.988503, 30.01372], [-89.988573, 30.014084], [-89.988859, 30.014034], [-89.988866, 30.014181], [-89.989041, 30.016027], [-89.989218, 30.017803], [-89.989401, 30.019508], [-89.989408, 30.019571], [-89.989425, 30.019732], [-89.989597, 30.021363], [-89.989851, 30.023779], [-89.98947, 30.023901], [-89.988931, 30.023985], [-89.988954, 30.024172], [-89.98902, 30.02448], [-89.989078, 30.024636], [-89.989166, 30.024823], [-89.989261, 30.025013], [-89.989359, 30.025176], [-89.989474, 30.025335], [-89.989506, 30.025374], [-89.989608, 30.025497], [-89.989748, 30.025641], [-89.989887, 30.025776], [-89.990053, 30.025913], [-89.990279, 30.026076], [-89.990358, 30.026127], [-89.990508, 30.026223], [-89.990726, 30.026335], [-89.990972, 30.026446], [-89.991181, 30.026548], [-89.99138, 30.02665], [-89.991543, 30.026745], [-89.991713, 30.026856], [-89.991831, 30.026954], [-89.992026, 30.027116], [-89.992219, 30.027032], [-89.9925, 30.026901], [-89.992674, 30.026814], [-89.992795, 30.026744], [-89.992941, 30.02665], [-89.993167, 30.026477], [-89.993418, 30.026289], [-89.993566, 30.02619], [-89.993734, 30.026081], [-89.994037, 30.025928], [-89.993975, 30.025744], [-89.994185, 30.02566], [-89.994294, 30.02562], [-89.994369, 30.025796], [-89.994423, 30.026004], [-89.994826, 30.026842], [-89.9958, 30.026452], [-89.99621, 30.027251], [-89.995244, 30.027625], [-89.995747, 30.028571], [-89.996786, 30.028341], [-89.997696, 30.028148], [-89.997868, 30.028112], [-89.997976, 30.028318], [-89.998086, 30.02853], [-89.997909, 30.028579], [-89.997476, 30.028699], [-89.996522, 30.028996], [-89.996071, 30.029127], [-89.995795, 30.029225], [-89.995308, 30.029402], [-89.993797, 30.03], [-89.994036, 30.030409], [-89.994227, 30.030772], [-89.994415, 30.031168], [-89.994652, 30.031071], [-89.994708, 30.031011], [-89.994725, 30.030948], [-89.994706, 30.030869], [-89.994659, 30.030749], [-89.994627, 30.030633], [-89.994628, 30.030524], [-89.99465, 30.03044], [-89.99465, 30.030438], [-89.994892, 30.030492], [-89.994879, 30.030553], [-89.994881, 30.030642], [-89.99491, 30.030735], [-89.995116, 30.031127], [-89.99524, 30.031316], [-89.995389, 30.031526], [-89.9956, 30.031969], [-89.996121, 30.031764], [-89.996549, 30.032535], [-89.997227, 30.033765], [-89.997833, 30.03495], [-89.996773, 30.035375], [-89.996845, 30.035501], [-89.99692, 30.035632], [-89.997077, 30.035926], [-89.99709, 30.035953], [-89.997171, 30.03613], [-89.997262, 30.036377], [-89.99736, 30.036792], [-89.997427, 30.037138], [-89.997477, 30.0374], [-89.997553, 30.037709], [-89.997613, 30.037969], [-89.997684, 30.038178], [-89.997769, 30.038386], [-89.9979, 30.038674], [-89.998102, 30.039034], [-89.998327, 30.03938], [-89.998516, 30.039697], [-89.9986, 30.03983], [-89.998775, 30.040086], [-89.998919, 30.040274], [-89.999099, 30.040467], [-89.999416, 30.040844], [-89.999616, 30.041066], [-89.999788, 30.041301], [-89.999901, 30.041463], [-89.999951, 30.041547], [-90.000077, 30.04176], [-90.000221, 30.042041], [-89.999998, 30.04247], [-89.999948, 30.042923], [-90.000275, 30.042896], [-90.000457, 30.042812], [-90.000706, 30.042675], [-90.000815, 30.042584], [-90.000831, 30.042469], [-90.000865, 30.042398], [-90.001335, 30.042184], [-90.002517, 30.041708], [-90.003113, 30.0415], [-90.003862, 30.041315], [-90.004022, 30.04125], [-90.004178, 30.041148], [-90.004312, 30.041022], [-90.004487, 30.040931], [-90.005197, 30.040677], [-90.005339, 30.040683], [-90.005467, 30.040696], [-90.005573, 30.040674], [-90.005641, 30.040634], [-90.005748, 30.040561], [-90.00594, 30.040451], [-90.006095, 30.040366], [-90.006233, 30.040299], [-90.006506, 30.040187], [-90.006655, 30.040133], [-90.006773, 30.040107], [-90.006803, 30.040113], [-90.006822, 30.040126], [-90.006838, 30.040146], [-90.006858, 30.040166], [-90.006907, 30.040181], [-90.006981, 30.04017], [-90.007444, 30.040062], [-90.007793, 30.03995], [-90.007827, 30.039927], [-90.007848, 30.039897], [-90.007863, 30.03986], [-90.007881, 30.039791], [-90.007913, 30.039724], [-90.007952, 30.039679], [-90.008071, 30.039601], [-90.010902, 30.045972], [-90.001677, 30.04843], [-89.991566, 30.052363], [-89.987471, 30.053804], [-89.987379, 30.053836], [-89.987137, 30.053455], [-89.984631, 30.049668], [-89.984503, 30.0495], [-89.984102, 30.049302], [-89.983802, 30.049452], [-89.982041, 30.050336], [-89.980431, 30.051144], [-89.979762, 30.051517], [-89.978846, 30.052007], [-89.977822, 30.052543], [-89.977093, 30.052943], [-89.976753, 30.052461], [-89.975999, 30.051391], [-89.974954, 30.049858], [-89.973771, 30.048474], [-89.972604, 30.047086], [-89.972505, 30.046952], [-89.972394, 30.046817], [-89.971896, 30.046144], [-89.971645, 30.046286], [-89.970566, 30.044923], [-89.970824, 30.044757], [-89.97034, 30.044181], [-89.969864, 30.043588], [-89.96968, 30.043381], [-89.969394, 30.043548], [-89.968982, 30.043041], [-89.969253, 30.04286], [-89.968915, 30.042468], [-89.968488, 30.041973], [-89.971922, 30.039785], [-89.971793, 30.039618], [-89.971627, 30.039448], [-89.971455, 30.039273], [-89.971048, 30.039534], [-89.970412, 30.039941], [-89.970184, 30.040086], [-89.969923, 30.040252], [-89.969528, 30.040504], [-89.96874, 30.041007], [-89.968061, 30.041421], [-89.967948, 30.0413], [-89.967637, 30.040928], [-89.967427, 30.040668], [-89.967071, 30.040246], [-89.966718, 30.039802], [-89.966451, 30.039945], [-89.966398, 30.039871], [-89.966296, 30.039719], [-89.966161, 30.03951], [-89.966024, 30.039283], [-89.965855, 30.03904], [-89.96558, 30.038721], [-89.965472, 30.03859], [-89.964885, 30.037877], [-89.964567, 30.037485], [-89.96433, 30.037203], [-89.964108, 30.036966], [-89.963944, 30.036807], [-89.963873, 30.036739], [-89.963743, 30.036617], [-89.963683, 30.036563], [-89.963544, 30.03645], [-89.963494, 30.036412], [-89.963347, 30.036301], [-89.963222, 30.036205], [-89.963025, 30.036079], [-89.962761, 30.035909], [-89.962557, 30.035779], [-89.962431, 30.035698], [-89.961964, 30.035402], [-89.962101, 30.035202], [-89.961974, 30.03514], [-89.961801, 30.035042], [-89.961571, 30.034894], [-89.961276, 30.034702], [-89.961152, 30.034621], [-89.960559, 30.034242], [-89.960317, 30.034077], [-89.960013, 30.033878], [-89.959741, 30.033668], [-89.959492, 30.033431], [-89.959304, 30.033233], [-89.959164, 30.033058], [-89.95891, 30.032697], [-89.958772, 30.032412], [-89.958717, 30.032289], [-89.958612, 30.032045], [-89.958417, 30.031291], [-89.95823, 30.030481], [-89.958199, 30.030379], [-89.958156, 30.030179], [-89.958109, 30.030001], [-89.958043, 30.029821], [-89.957968, 30.029643], [-89.957851, 30.029419], [-89.957743, 30.029259], [-89.95763, 30.029111], [-89.957471, 30.028916], [-89.957067, 30.02843], [-89.956944, 30.028264], [-89.956931, 30.028247], [-89.956765, 30.028026], [-89.956652, 30.027844], [-89.957147, 30.027846], [-89.957233, 30.027833], [-89.957276, 30.027809], [-89.957289, 30.027761], [-89.957292, 30.027692], [-89.95722, 30.026844], [-89.957096, 30.025816], [-89.956609, 30.025843], [-89.956587, 30.024607], [-89.956393, 30.023653], [-89.956072, 30.023685], [-89.955887, 30.023697], [-89.95581, 30.022956], [-89.955784, 30.022793], [-89.955766, 30.022682], [-89.955737, 30.02256], [-89.955637, 30.022239], [-89.95554, 30.021922], [-89.955475, 30.021711], [-89.955417, 30.021725], [-89.954405, 30.021981], [-89.953312, 30.022282], [-89.952298, 30.022586], [-89.952246, 30.022478], [-89.951598, 30.022679], [-89.951498, 30.022711], [-89.951094, 30.022841], [-89.951064, 30.02267], [-89.951051, 30.022556], [-89.951037, 30.02231], [-89.951004, 30.021185], [-89.950851, 30.021238], [-89.950639, 30.021296], [-89.950284, 30.021415], [-89.950364, 30.021115], [-89.950396, 30.021055], [-89.950444, 30.020935], [-89.950394, 30.020393], [-89.95035, 30.020082], [-89.950383, 30.019739], [-89.950463, 30.019552], [-89.950569, 30.019371], [-89.950815, 30.019031], [-89.951, 30.018799], [-89.951004, 30.018928], [-89.951045, 30.019044], [-89.951117, 30.019225], [-89.951185, 30.019332], [-89.951168, 30.019101], [-89.95165, 30.019101], [-89.951714, 30.018945], [-89.951748, 30.018827], [-89.951773, 30.018684], [-89.951771, 30.018619], [-89.951731, 30.018522], [-89.951648, 30.018479], [-89.95157, 30.018383], [-89.95153, 30.01828], [-89.951557, 30.018189], [-89.951641, 30.017992], [-89.951695, 30.017822], [-89.951692, 30.017461], [-89.95178, 30.017141], [-89.951806, 30.017004], [-89.951797, 30.016945], [-89.951736, 30.016901], [-89.95132, 30.016729], [-89.951297, 30.01669], [-89.951346, 30.016364], [-89.951214, 30.0163], [-89.951058, 30.016218], [-89.950345, 30.015845], [-89.949605, 30.015393], [-89.949252, 30.015177], [-89.948826, 30.014903], [-89.948683, 30.014811], [-89.947799, 30.014268], [-89.947176, 30.01388], [-89.94666, 30.013568], [-89.946414, 30.013422], [-89.946226, 30.013315], [-89.946097, 30.013244], [-89.945888, 30.013143], [-89.945955, 30.013036], [-89.946082, 30.012863], [-89.946231, 30.012663], [-89.94632, 30.012555], [-89.94646, 30.012412], [-89.946693, 30.012216], [-89.946919, 30.012064], [-89.947175, 30.011915], [-89.947321, 30.011849], [-89.947571, 30.01175], [-89.94772, 30.011699], [-89.947869, 30.011661], [-89.948055, 30.011615], [-89.948284, 30.011575], [-89.948372, 30.011563], [-89.948462, 30.011557], [-89.949129, 30.011508], [-89.949561, 30.011471], [-89.949892, 30.011446], [-89.949881, 30.011304], [-89.949869, 30.011159], [-89.949764, 30.010043], [-89.949645, 30.008846], [-89.949525, 30.007624], [-89.949423, 30.006613], [-89.949343, 30.005852], [-89.949278, 30.005402], [-89.949212, 30.004781], [-89.948843, 30.004863], [-89.948275, 30.004984], [-89.947603, 30.005138], [-89.946614, 30.005334], [-89.945654, 30.005533], [-89.944809, 30.005691], [-89.943912, 30.00587], [-89.943002, 30.006045], [-89.942325, 30.006171], [-89.941396, 30.006359], [-89.940583, 30.006522], [-89.940396, 30.006554], [-89.940274, 30.006566], [-89.940173, 30.006564], [-89.940063, 30.00655], [-89.939938, 30.006528], [-89.939777, 30.006487], [-89.93955, 30.006444], [-89.939404, 30.006429], [-89.939411, 30.006216], [-89.939595, 30.006168], [-89.939818, 30.006083], [-89.939919, 30.006011], [-89.94002, 30.005942], [-89.940084, 30.005907], [-89.940123, 30.005887], [-89.940178, 30.005875], [-89.940238, 30.005877], [-89.940336, 30.005892], [-89.940419, 30.005912], [-89.940534, 30.005925], [-89.940614, 30.00593], [-89.940717, 30.005926], [-89.941041, 30.005893], [-89.941136, 30.005874], [-89.941259, 30.005831], [-89.941368, 30.005782], [-89.941545, 30.005691], [-89.941636, 30.005656], [-89.941707, 30.005635], [-89.94179, 30.005628], [-89.941982, 30.005616], [-89.942133, 30.005603], [-89.942247, 30.005583], [-89.942341, 30.005561], [-89.942556, 30.005519], [-89.942732, 30.00548], [-89.942822, 30.005453], [-89.942888, 30.005444], [-89.943256, 30.005379], [-89.943376, 30.005374], [-89.943579, 30.005362], [-89.943755, 30.00535], [-89.943926, 30.005332], [-89.944075, 30.005311], [-89.944216, 30.005293], [-89.944635, 30.005179], [-89.944731, 30.005159], [-89.944833, 30.005132], [-89.944954, 30.005095], [-89.945068, 30.005077], [-89.945204, 30.005049], [-89.945495, 30.005003], [-89.945729, 30.004955], [-89.945888, 30.004927], [-89.946039, 30.004906], [-89.946411, 30.004851], [-89.946636, 30.004813], [-89.946896, 30.004778], [-89.947013, 30.004763], [-89.947187, 30.004739], [-89.947387, 30.004694], [-89.947512, 30.004667], [-89.947615, 30.00466], [-89.947746, 30.004634], [-89.947901, 30.004601], [-89.948066, 30.004577], [-89.948234, 30.004546], [-89.94837, 30.004518], [-89.94848, 30.004511], [-89.948611, 30.004493], [-89.948742, 30.004492], [-89.948989, 30.004527], [-89.949103, 30.004537], [-89.94916, 30.00453], [-89.949239, 30.004511], [-89.949369, 30.004439], [-89.949585, 30.004322], [-89.949786, 30.004198], [-89.949938, 30.004108], [-89.950031, 30.004066], [-89.950232, 30.004011], [-89.950464, 30.003949], [-89.95058, 30.003907], [-89.950733, 30.003856], [-89.950894, 30.003813], [-89.951277, 30.003737], [-89.951436, 30.003703], [-89.951682, 30.003653], [-89.951776, 30.003639], [-89.95189, 30.003624], [-89.951995, 30.003614], [-89.952082, 30.003599], [-89.952204, 30.003574], [-89.952406, 30.00353], [-89.952714, 30.003453], [-89.952859, 30.00342], [-89.952998, 30.003382], [-89.9531, 30.00337], [-89.953227, 30.003345], [-89.953437, 30.003288], [-89.953542, 30.003271], [-89.953679, 30.003255], [-89.95384, 30.003227], [-89.954039, 30.00319], [-89.954334, 30.003133], [-89.954512, 30.003102], [-89.954652, 30.003074], [-89.954814, 30.003048], [-89.954991, 30.003034], [-89.955115, 30.003016], [-89.955294, 30.002993], [-89.955488, 30.002963], [-89.955604, 30.002946], [-89.955754, 30.002918], [-89.955902, 30.002894], [-89.956056, 30.002876], [-89.956173, 30.002871], [-89.956531, 30.002845], [-89.956773, 30.00283], [-89.957049, 30.002821], [-89.957392, 30.002814], [-89.957545, 30.002813], [-89.958586, 30.002729], [-89.958901, 30.0027], [-89.959587, 30.00264], [-89.959824, 30.002615], [-89.959934, 30.002605], [-89.960122, 30.002576], [-89.960241, 30.002551], [-89.960472, 30.002525], [-89.961791, 30.002411], [-89.962506, 30.002367], [-89.96278, 30.002364], [-89.96319, 30.002282], [-89.963394, 30.002283], [-89.963478, 30.002311], [-89.963523, 30.002363], [-89.963543, 30.002416], [-89.963569, 30.002445], [-89.963624, 30.002471], [-89.96374, 30.002453], [-89.964402, 30.002345], [-89.964656, 30.002325], [-89.965405, 30.002282], [-89.965988, 30.002222], [-89.966794, 30.00207], [-89.966988, 30.002028], [-89.967405, 30.001962], [-89.967693, 30.001923], [-89.968281, 30.001835], [-89.968458, 30.001821], [-89.968566, 30.001819], [-89.968777, 30.001822], [-89.968842, 30.001805], [-89.968876, 30.00179], [-89.968927, 30.001761], [-89.969031, 30.001734], [-89.969294, 30.001681], [-89.96957, 30.001662], [-89.969756, 30.001653], [-89.969902, 30.00165], [-89.970042, 30.001664], [-89.970139, 30.001667], [-89.970337, 30.001647], [-89.970438, 30.001615], [-89.970555, 30.00161], [-89.970684, 30.001615], [-89.971142, 30.001647], [-89.971359, 30.001642], [-89.971682, 30.001622], [-89.972339, 30.001558], [-89.972812, 30.0015], [-89.972966, 30.001489], [-89.973073, 30.001501], [-89.973165, 30.001527], [-89.97326, 30.001549], [-89.973337, 30.001547], [-89.973471, 30.001554], [-89.973648, 30.00156], [-89.97387, 30.00156], [-89.974196, 30.001523], [-89.974585, 30.001489], [-89.975173, 30.001377], [-89.97531, 30.001374], [-89.975826, 30.001322], [-89.976149, 30.001283], [-89.976297, 30.001267], [-89.976368, 30.001266], [-89.97682, 30.001248], [-89.976993, 30.001234], [-89.977483, 30.001146], [-89.977562, 30.001122], [-89.977992, 30.00107], [-89.978171, 30.001051], [-89.978673, 30.000988], [-89.978844, 30.000979], [-89.979076, 30.000971], [-89.979128, 30.000975], [-89.979205, 30.000976], [-89.979264, 30.000969], [-89.979361, 30.000955], [-89.979542, 30.000946], [-89.979621, 30.000931], [-89.979658, 30.000923], [-89.979749, 30.000901], [-89.979823, 30.000895], [-89.979891, 30.000893], [-89.980046, 30.000885], [-89.980169, 30.000882], [-89.980274, 30.000882], [-89.980337, 30.000883], [-89.980425, 30.000871], [-89.980657, 30.000851], [-89.980782, 30.000851], [-89.980893, 30.000841], [-89.981189, 30.000799], [-89.981992, 30.000726], [-89.982777, 30.000676], [-89.983623, 30.0006], [-89.984618, 30.00052], [-89.986574, 30.000312], [-89.986974, 30.000291], [-89.987122, 30.000297], [-89.987366, 30.000384], [-89.987431, 30.000444], [-89.987429, 30.000489], [-89.987436, 30.000541], [-89.987474, 30.000575], [-89.98754, 30.000586], [-89.98768, 30.000582], [-89.987798, 30.000567], [-89.987877, 30.000551], [-89.987973, 30.000506], [-89.988029, 30.000458], [-89.988073, 30.000427], [-89.98813, 30.000418], [-89.988213, 30.000417], [-89.988404, 30.000477], [-89.988533, 30.000506], [-89.988633, 30.000514], [-89.988768, 30.00053], [-89.988976, 30.00056], [-89.989289, 30.000558], [-89.989646, 30.000503], [-89.989873, 30.000476], [-89.990375, 30.00037], [-89.99055, 30.000331], [-89.990618, 30.000315], [-89.990664, 30.000299], [-89.990715, 30.00029], [-89.990789, 30.000293], [-89.990863, 30.000307], [-89.990944, 30.00033], [-89.991045, 30.000357], [-89.991333, 30.000405], [-89.991533, 30.000366], [-89.991668, 30.000318], [-89.991785, 30.000306], [-89.99191, 30.00029], [-89.992023, 30.00027], [-89.992063, 30.000269], [-89.992089, 30.000261], [-89.993574, 30.000106], [-89.994236, 30.000011], [-89.99459, 29.999891], [-89.994653, 29.999872], [-89.994673, 29.999869], [-89.994705, 29.999875], [-89.994723, 29.999888], [-89.994738, 29.999929], [-89.994786, 30.000051], [-89.994823, 30.000075], [-89.994889, 30.000076], [-89.994956, 30.000063], [-89.995392, 29.999923], [-89.995505, 29.999855], [-89.995553, 29.999816], [-89.995567, 29.999763], [-89.995566, 29.99974], [-89.995555, 29.999725], [-89.995534, 29.999721], [-89.995482, 29.999729], [-89.995117, 29.999867], [-89.99494, 29.999907], [-89.994897, 29.999909], [-89.994889, 29.9999], [-89.994899, 29.999887], [-89.995306, 29.999747], [-89.995402, 29.999716], [-89.995634, 29.999632], [-89.996448, 29.999382], [-89.996595, 29.999338], [-89.996675, 29.999331], [-89.996861, 29.999327], [-89.997123, 29.999313], [-89.996823, 30.000005], [-89.996234, 30.001369], [-89.996796, 30.001272], [-89.998916, 30.000969], [-89.999267, 30.000965], [-89.999307, 30.000981], [-89.999348, 30.001001], [-89.996106, 30.001666], [-89.995813, 30.001727], [-89.994712, 30.00183], [-89.994698, 30.001998], [-89.994691, 30.002142], [-89.994676, 30.002155], [-89.994663, 30.002162], [-89.994676, 30.002478], [-89.994673, 30.002581], [-89.994793, 30.003489], [-89.994796, 30.003581], [-89.994793, 30.003636], [-89.99478, 30.003747], [-89.994699, 30.003862], [-89.994576, 30.003983], [-89.994601, 30.004125], [-89.994604, 30.004246], [-89.994611, 30.004461], [-89.994601, 30.004573], [-89.994589, 30.004837], [-89.994582, 30.005044], [-89.994562, 30.005256], [-89.994527, 30.005418], [-89.994448, 30.005643], [-89.994388, 30.005834], [-89.994375, 30.006052], [-89.994378, 30.006161], [-89.994419, 30.006328], [-89.994371, 30.006481], [-89.99435, 30.006617], [-89.99433, 30.006765], [-89.994345, 30.006917], [-89.994368, 30.007035], [-89.994415, 30.00714], [-89.994472, 30.007282], [-89.994536, 30.007454], [-89.99457, 30.007624], [-89.994638, 30.008106], [-89.994387, 30.008162], [-89.993391, 30.008383], [-89.993375, 30.008484], [-89.993349, 30.008563], [-89.992974, 30.008624], [-89.992391, 30.008687], [-89.991565, 30.008756], [-89.991546, 30.008615], [-89.990678, 30.008685], [-89.989981, 30.008726]]]}}, {"type": "Feature", "properties": {"zip": "70116"}, "geometry": {"type": "Polygon", "coordinates": [[[-90.074972, 29.970274], [-90.074913, 29.970339], [-90.074266, 29.971051], [-90.073549, 29.971861], [-90.073145, 29.972315], [-90.073092, 29.972374], [-90.072972, 29.972507], [-90.072256, 29.973297], [-90.071536, 29.974101], [-90.070827, 29.9749], [-90.070113, 29.975701], [-90.070004, 29.975824], [-90.069394, 29.976519], [-90.068692, 29.977304], [-90.068482, 29.977533], [-90.069023, 29.978486], [-90.069325, 29.979028], [-90.069111, 29.978895], [-90.068831, 29.97872], [-90.067896, 29.978062], [-90.067182, 29.977542], [-90.067226, 29.978105], [-90.067013, 29.978117], [-90.066186, 29.978165], [-90.065834, 29.978191], [-90.064999, 29.97824], [-90.064659, 29.97826], [-90.063497, 29.978335], [-90.062336, 29.978406], [-90.061223, 29.978472], [-90.060333, 29.978541], [-90.060241, 29.978545], [-90.060096, 29.978552], [-90.059921, 29.97856], [-90.059326, 29.978587], [-90.058935, 29.978607], [-90.058373, 29.978636], [-90.057716, 29.978672], [-90.05765, 29.977661], [-90.057581, 29.976645], [-90.057499, 29.975638], [-90.057437, 29.974615], [-90.057345, 29.973606], [-90.057327, 29.973277], [-90.057279, 29.972594], [-90.057202, 29.9717], [-90.057192, 29.971584], [-90.05712, 29.970552], [-90.057034, 29.969545], [-90.056979, 29.968709], [-90.056964, 29.968537], [-90.056886, 29.96755], [-90.05682, 29.966566], [-90.056728, 29.965697], [-90.056715, 29.965568], [-90.056662, 29.964589], [-90.056587, 29.96361], [-90.056505, 29.96263], [-90.056487, 29.962256], [-90.056482, 29.961927], [-90.056497, 29.961836], [-90.056531, 29.961731], [-90.056574, 29.961644], [-90.05665, 29.961537], [-90.056719, 29.961467], [-90.056853, 29.961354], [-90.056808, 29.961273], [-90.056692, 29.961068], [-90.056258, 29.960384], [-90.052331, 29.958381], [-90.054472, 29.958003], [-90.056972, 29.956603], [-90.058672, 29.953903], [-90.058641, 29.953149], [-90.062429, 29.955368], [-90.062716, 29.9555], [-90.062553, 29.955667], [-90.062242, 29.956067], [-90.062134, 29.956254], [-90.062136, 29.956296], [-90.062158, 29.956328], [-90.062472, 29.956539], [-90.062744, 29.956722], [-90.063135, 29.956266], [-90.063746, 29.956674], [-90.064207, 29.956983], [-90.063862, 29.957363], [-90.063819, 29.957412], [-90.064256, 29.957671], [-90.064743, 29.957983], [-90.065658, 29.95859], [-90.06646, 29.959143], [-90.066543, 29.959201], [-90.06668, 29.959294], [-90.067462, 29.959825], [-90.067568, 29.959896], [-90.068308, 29.960391], [-90.068394, 29.960449], [-90.069101, 29.959653], [-90.069211, 29.959718], [-90.069327, 29.959752], [-90.069414, 29.959763], [-90.069495, 29.959768], [-90.069611, 29.959769], [-90.069702, 29.959762], [-90.069761, 29.959755], [-90.069818, 29.959734], [-90.070115, 29.959571], [-90.070272, 29.959453], [-90.070327, 29.959436], [-90.070382, 29.959435], [-90.070425, 29.959453], [-90.070451, 29.959499], [-90.070448, 29.959545], [-90.070427, 29.959581], [-90.070266, 29.959773], [-90.070207, 29.959865], [-90.070134, 29.960082], [-90.070108, 29.960137], [-90.070078, 29.960244], [-90.070067, 29.960362], [-90.070065, 29.96048], [-90.070089, 29.960599], [-90.070147, 29.960723], [-90.070323, 29.96097], [-90.070477, 29.961156], [-90.070587, 29.961293], [-90.070665, 29.961409], [-90.070861, 29.961696], [-90.07084, 29.962164], [-90.070959, 29.962563], [-90.071035, 29.962748], [-90.071141, 29.962934], [-90.071232, 29.963065], [-90.071384, 29.963209], [-90.0715, 29.9631], [-90.071869, 29.962717], [-90.072599, 29.963241], [-90.073343, 29.963768], [-90.073659, 29.963409], [-90.073777, 29.963273], [-90.073896, 29.963341], [-90.074024, 29.963413], [-90.074144, 29.963491], [-90.074927, 29.963928], [-90.075071, 29.964007], [-90.074294, 29.964995], [-90.074217, 29.965092], [-90.074947, 29.965579], [-90.075794, 29.966151], [-90.076716, 29.966753], [-90.077493, 29.967281], [-90.077545, 29.967318], [-90.077141, 29.967814], [-90.07643, 29.968628], [-90.075664, 29.969511], [-90.074972, 29.970274]]]}}, {"type": "Feature", "properties": {"zip": "70003"}, "geometry": {"type": "Polygon", "coordinates": [[[-90.228712, 30.008469], [-90.228621, 30.008736], [-90.228586, 30.008839], [-90.228508, 30.00907], [-90.228432, 30.009296], [-90.228296, 30.0097], [-90.227801, 30.011476], [-90.227631, 30.011472], [-90.226989, 30.011459], [-90.22628, 30.0114], [-90.226272, 30.011569], [-90.226394, 30.011577], [-90.226813, 30.011601], [-90.226741, 30.013379], [-90.227088, 30.013401], [-90.227226, 30.01341], [-90.226673, 30.015168], [-90.22644, 30.015914], [-90.22642, 30.015985], [-90.226106, 30.017152], [-90.22615, 30.017274], [-90.226287, 30.017641], [-90.226699, 30.018737], [-90.22602, 30.01869], [-90.225799, 30.018688], [-90.225692, 30.018688], [-90.225668, 30.018786], [-90.225651, 30.018856], [-90.225627, 30.018956], [-90.225408, 30.019721], [-90.225381, 30.019807], [-90.225303, 30.020065], [-90.225258, 30.020229], [-90.225074, 30.020918], [-90.225006, 30.021173], [-90.224656, 30.022485], [-90.22454, 30.022943], [-90.224, 30.024538], [-90.223503, 30.026012], [-90.224784, 30.02951], [-90.224937, 30.029744], [-90.225067, 30.029943], [-90.224029, 30.02987], [-90.223144, 30.029808], [-90.222485, 30.029761], [-90.222441, 30.029758], [-90.222416, 30.029863], [-90.222398, 30.029943], [-90.222257, 30.03054], [-90.222124, 30.031105], [-90.221725, 30.032613], [-90.221462, 30.033464], [-90.221321, 30.033926], [-90.220715, 30.035567], [-90.220697, 30.03557], [-90.219469, 30.035863], [-90.218823, 30.03549], [-90.218608, 30.035171], [-90.211787, 30.032299], [-90.2089, 30.031182], [-90.203001, 30.029852], [-90.202985, 30.02985], [-90.202751, 30.029827], [-90.202774, 30.028173], [-90.203443, 30.028342], [-90.20356, 30.027956], [-90.206027, 30.028593], [-90.209103, 30.029389], [-90.208831, 30.028623], [-90.20786, 30.025889], [-90.207323, 30.025781], [-90.207199, 30.025436], [-90.206939, 30.024637], [-90.206626, 30.023803], [-90.206527, 30.023597], [-90.206329, 30.023092], [-90.206092, 30.022422], [-90.206054, 30.022233], [-90.206054, 30.02219], [-90.206054, 30.022182], [-90.206108, 30.022108], [-90.205755, 30.02063], [-90.205706, 30.020593], [-90.205085, 30.020759], [-90.204909, 30.020264], [-90.204627, 30.019474], [-90.203964, 30.017633], [-90.203753, 30.01745], [-90.203613, 30.017328], [-90.203445, 30.017318], [-90.203491, 30.017208], [-90.204139, 30.017211], [-90.204626, 30.017238], [-90.204622, 30.017095], [-90.203869, 30.015284], [-90.203453, 30.015256], [-90.202735, 30.013298], [-90.203136, 30.013318], [-90.203122, 30.013111], [-90.202504, 30.011278], [-90.202926, 30.011304], [-90.202735, 30.01081], [-90.202194, 30.009265], [-90.201454, 30.007276], [-90.200508, 30.007223], [-90.200363, 30.006872], [-90.200172, 30.006332], [-90.200075, 30.00613], [-90.200019, 30.006015], [-90.199974, 30.005847], [-90.199668, 30.004989], [-90.200093, 30.005017], [-90.199412, 30.003042], [-90.198711, 30.001004], [-90.198318, 30.00097], [-90.198196, 30.000961], [-90.195587, 30.000783], [-90.19345, 30.000648], [-90.193233, 30.000002], [-90.193153, 29.999765], [-90.193069, 29.9995], [-90.195106, 29.999605], [-90.195617, 29.999631], [-90.196365, 29.999715], [-90.197128, 29.999824], [-90.197967, 29.999986], [-90.197708, 29.999702], [-90.197669, 29.99949], [-90.197425, 29.998905], [-90.19785, 29.998935], [-90.197187, 29.996967], [-90.196538, 29.995035], [-90.196052, 29.994997], [-90.196025, 29.994834], [-90.196006, 29.994716], [-90.195831, 29.994596], [-90.196215, 29.99461], [-90.195318, 29.992128], [-90.194358, 29.989466], [-90.193175, 29.98619], [-90.192794, 29.986297], [-90.192077, 29.984319], [-90.192054, 29.984283], [-90.191947, 29.984031], [-90.191932, 29.983819], [-90.191925, 29.983701], [-90.191909, 29.983558], [-90.191902, 29.983413], [-90.193077, 29.983486], [-90.192138, 29.980869], [-90.191856, 29.980159], [-90.190536, 29.976646], [-90.190483, 29.976352], [-90.19139, 29.976411], [-90.192344, 29.976499], [-90.193252, 29.976591], [-90.194, 29.976673], [-90.194218, 29.97669], [-90.194686, 29.976726], [-90.196151, 29.976831], [-90.196136, 29.976762], [-90.196128, 29.976633], [-90.196189, 29.97635], [-90.196212, 29.976275], [-90.196327, 29.975893], [-90.196395, 29.975595], [-90.196479, 29.974676], [-90.196533, 29.974094], [-90.196571, 29.973634], [-90.196586, 29.973566], [-90.196662, 29.973493], [-90.196754, 29.973476], [-90.197044, 29.973485], [-90.198669, 29.973594], [-90.198661, 29.973783], [-90.199531, 29.973802], [-90.200393, 29.973882], [-90.200897, 29.973886], [-90.201911, 29.973966], [-90.20195, 29.973798], [-90.202865, 29.973857], [-90.203048, 29.973844], [-90.203216, 29.973808], [-90.203689, 29.973684], [-90.203636, 29.973461], [-90.203636, 29.973321], [-90.203788, 29.973333], [-90.205909, 29.973478], [-90.206071, 29.973491], [-90.207504, 29.973594], [-90.208435, 29.973646], [-90.209053, 29.97368], [-90.210189, 29.973766], [-90.210601, 29.973796], [-90.213432, 29.973981], [-90.216217, 29.974163], [-90.218742, 29.97433], [-90.222457, 29.974576], [-90.226234, 29.974828], [-90.228591, 29.974985], [-90.228973, 29.975006], [-90.230949, 29.975118], [-90.231979, 29.975185], [-90.232849, 29.975242], [-90.233909, 29.975313], [-90.237625, 29.975555], [-90.237586, 29.975696], [-90.236152, 29.975622], [-90.235618, 29.975624], [-90.233963, 29.978679], [-90.233055, 29.978614], [-90.232086, 29.978546], [-90.231918, 29.978849], [-90.23188, 29.978933], [-90.231788, 29.979097], [-90.23175, 29.979175], [-90.232696, 29.97923], [-90.23365, 29.979282], [-90.2341, 29.979307], [-90.23497, 29.979341], [-90.235931, 29.979366], [-90.236371, 29.979377], [-90.236518, 29.979381], [-90.236715, 29.979386], [-90.236534, 29.980031], [-90.236048, 29.981763], [-90.235564, 29.98349], [-90.235066, 29.985233], [-90.234572, 29.986969], [-90.234107, 29.988709], [-90.234074, 29.988832], [-90.233856, 29.988788], [-90.233665, 29.988748], [-90.233389, 29.988692], [-90.228118, 29.987604], [-90.228034, 29.987731], [-90.228942, 29.987909], [-90.229393, 29.987997], [-90.229339, 29.988327], [-90.229323, 29.988525], [-90.229232, 29.989692], [-90.229009, 29.98968], [-90.228675, 29.989664], [-90.228332, 29.989963], [-90.228324, 29.990034], [-90.228309, 29.990089], [-90.228225, 29.990324], [-90.228187, 29.9908], [-90.228149, 29.991312], [-90.228019, 29.991228], [-90.22776, 29.991113], [-90.227604, 29.991046], [-90.227294, 29.990913], [-90.226882, 29.991647], [-90.226448, 29.992458], [-90.226703, 29.992569], [-90.226875, 29.992645], [-90.227081, 29.99275], [-90.22723, 29.992859], [-90.227272, 29.992891], [-90.226539, 29.994136], [-90.22615, 29.993977], [-90.224962, 29.99649], [-90.224235, 29.996522], [-90.223312, 29.996473], [-90.222306, 29.996397], [-90.222251, 29.996472], [-90.222221, 29.996513], [-90.222259, 29.996587], [-90.223236, 29.996658], [-90.22348, 29.996671], [-90.224205, 29.996715], [-90.226829, 29.996873], [-90.227653, 29.996925], [-90.22863, 29.996984], [-90.229576, 29.997043], [-90.230163, 29.997081], [-90.230552, 29.99711], [-90.231483, 29.997178], [-90.231529, 29.997182], [-90.231758, 29.9972], [-90.231775, 29.9972], [-90.232521, 29.997234], [-90.233398, 29.997274], [-90.233459, 29.997278], [-90.233436, 29.997421], [-90.23339, 29.997655], [-90.233383, 29.997877], [-90.232859, 29.99784], [-90.232698, 30.000675], [-90.233135, 30.000808], [-90.233123, 30.000967], [-90.231773, 30.000871], [-90.231735, 30.000867], [-90.230842, 30.002714], [-90.230751, 30.002948], [-90.230125, 30.002922], [-90.229914, 30.003745], [-90.229399, 30.005767], [-90.229388, 30.005806], [-90.22935, 30.005958], [-90.228854, 30.007908], [-90.228819, 30.008047], [-90.228752, 30.008308], [-90.228712, 30.008469]]]}}, {"type": "Feature", "properties": {"zip": "70114"}, "geometry": {"type": "Polygon", "coordinates": [[[-90.048924, 29.935858], [-90.049155, 29.936067], [-90.050249, 29.937057], [-90.050472, 29.937304], [-90.051281, 29.938002], [-90.051378, 29.938057], [-90.051696, 29.938237], [-90.052044, 29.938694], [-90.052079, 29.938741], [-90.052137, 29.938817], [-90.052388, 29.939148], [-90.053028, 29.939505], [-90.053183, 29.939745], [-90.053211, 29.939788], [-90.053288, 29.939908], [-90.053297, 29.939922], [-90.053472, 29.940104], [-90.053893, 29.940323], [-90.054032, 29.940394], [-90.05413, 29.940912], [-90.054278, 29.941324], [-90.058547, 29.945334], [-90.058572, 29.946505], [-90.058572, 29.949979], [-90.058572, 29.951503], [-90.058641, 29.953149], [-90.058672, 29.953903], [-90.056972, 29.956603], [-90.054472, 29.958003], [-90.052331, 29.958381], [-90.051901, 29.958364], [-90.047431, 29.958185], [-90.045372, 29.958103], [-90.041653, 29.957516], [-90.041571, 29.957503], [-90.038071, 29.956703], [-90.036764, 29.956302], [-90.032744, 29.955068], [-90.026671, 29.953203], [-90.025458, 29.952615], [-90.025369, 29.952572], [-90.022583, 29.951222], [-90.020115, 29.950027], [-90.019996, 29.949969], [-90.018205, 29.949102], [-90.016589, 29.948319], [-90.016331, 29.948195], [-90.014586, 29.947349], [-90.013871, 29.947003], [-90.014914, 29.942983], [-90.014256, 29.942401], [-90.013535, 29.942016], [-90.013167, 29.941827], [-90.013048, 29.941762], [-90.012939, 29.941695], [-90.013072, 29.939968], [-90.013131, 29.939039], [-90.012704, 29.939023], [-90.013014, 29.936308], [-90.012943, 29.936276], [-90.012777, 29.936207], [-90.012362, 29.936033], [-90.011521, 29.935655], [-90.011019, 29.93543], [-90.010779, 29.935325], [-90.010682, 29.935281], [-90.010792, 29.934929], [-90.010321, 29.934595], [-90.010437, 29.932593], [-90.010862, 29.931722], [-90.012037, 29.929321], [-90.012139, 29.929375], [-90.012397, 29.929508], [-90.012666, 29.929581], [-90.012982, 29.929655], [-90.013144, 29.929683], [-90.013254, 29.929696], [-90.013436, 29.92971], [-90.013541, 29.929712], [-90.013527, 29.929955], [-90.013465, 29.931022], [-90.013422, 29.931667], [-90.013377, 29.932278], [-90.013373, 29.932319], [-90.013517, 29.932331], [-90.013687, 29.929715], [-90.014275, 29.929741], [-90.014385, 29.927969], [-90.014432, 29.927264], [-90.014504, 29.926194], [-90.014553, 29.924611], [-90.014573, 29.924409], [-90.01461, 29.924049], [-90.014688, 29.923487], [-90.014768, 29.922812], [-90.014818, 29.922404], [-90.014835, 29.922331], [-90.014859, 29.922255], [-90.014887, 29.922179], [-90.014949, 29.921847], [-90.014956, 29.921749], [-90.014954, 29.921683], [-90.014938, 29.921578], [-90.014908, 29.921453], [-90.014485, 29.921202], [-90.014708, 29.920941], [-90.014549, 29.920843], [-90.013278, 29.920063], [-90.013182, 29.920004], [-90.013325, 29.918762], [-90.013424, 29.917899], [-90.01354, 29.916196], [-90.016444, 29.916364], [-90.017495, 29.916425], [-90.017507, 29.91628], [-90.017663, 29.913988], [-90.017674, 29.913796], [-90.017685, 29.913571], [-90.017721, 29.913005], [-90.017737, 29.912685], [-90.017794, 29.912088], [-90.017907, 29.911233], [-90.017934, 29.911002], [-90.017937, 29.910901], [-90.018032, 29.909512], [-90.018095, 29.908491], [-90.018153, 29.907664], [-90.018163, 29.907527], [-90.018186, 29.907188], [-90.018194, 29.907073], [-90.018206, 29.906869], [-90.018206, 29.906736], [-90.018216, 29.906746], [-90.018297, 29.906829], [-90.021228, 29.909593], [-90.022138, 29.910451], [-90.022794, 29.91108], [-90.023722, 29.911952], [-90.026383, 29.914446], [-90.027364, 29.915383], [-90.027672, 29.915665], [-90.028146, 29.916139], [-90.030366, 29.918259], [-90.031995, 29.919782], [-90.033471, 29.921204], [-90.035012, 29.9226], [-90.036171, 29.923704], [-90.037385, 29.924845], [-90.038679, 29.92611], [-90.038889, 29.926315], [-90.03894, 29.926364], [-90.039107, 29.926528], [-90.039329, 29.926719], [-90.039344, 29.926732], [-90.039491, 29.926858], [-90.039672, 29.927004], [-90.04179, 29.928956], [-90.041871, 29.929013], [-90.041937, 29.92906], [-90.04255, 29.929628], [-90.042843, 29.929912], [-90.043209, 29.930258], [-90.043244, 29.930291], [-90.043274, 29.93032], [-90.04336, 29.930401], [-90.043972, 29.931104], [-90.04462, 29.931722], [-90.044772, 29.931867], [-90.044969, 29.932095], [-90.045038, 29.93217], [-90.045102, 29.93224], [-90.045872, 29.932904], [-90.04629, 29.933322], [-90.046472, 29.933504], [-90.046772, 29.933804], [-90.047791, 29.934822], [-90.048924, 29.935858]]]}}, {"type": "Feature", "properties": {"zip": "70130"}, "geometry": {"type": "Polygon", "coordinates": [[[-90.076436, 29.921244], [-90.077368, 29.92094], [-90.07834, 29.920628], [-90.07857, 29.921033], [-90.078829, 29.921443], [-90.079246, 29.922058], [-90.079349, 29.922196], [-90.079836, 29.922789], [-90.080539, 29.92373], [-90.081188, 29.924563], [-90.081822, 29.925368], [-90.082478, 29.926211], [-90.083117, 29.92707], [-90.083749, 29.927921], [-90.084258, 29.928623], [-90.085077, 29.929752], [-90.085247, 29.929988], [-90.085795, 29.930748], [-90.085899, 29.930891], [-90.085995, 29.931018], [-90.086164, 29.931238], [-90.08663, 29.931845], [-90.085759, 29.932344], [-90.086383, 29.933133], [-90.085593, 29.933594], [-90.085071, 29.932902], [-90.084973, 29.932773], [-90.084166, 29.933238], [-90.084063, 29.933293], [-90.083317, 29.933699], [-90.08273, 29.934028], [-90.081302, 29.934948], [-90.08051, 29.935481], [-90.080354, 29.935587], [-90.08056, 29.935838], [-90.080941, 29.936242], [-90.080103, 29.936778], [-90.079725, 29.936382], [-90.079207, 29.936795], [-90.078648, 29.937231], [-90.079706, 29.938131], [-90.079494, 29.938353], [-90.078991, 29.939051], [-90.077805, 29.938387], [-90.077287, 29.939065], [-90.076764, 29.939765], [-90.076722, 29.939838], [-90.076218, 29.940511], [-90.075719, 29.941206], [-90.075084, 29.942043], [-90.074662, 29.942604], [-90.075223, 29.942891], [-90.075632, 29.943103], [-90.075868, 29.943241], [-90.075688, 29.943478], [-90.074502, 29.942816], [-90.07443, 29.942915], [-90.074356, 29.943017], [-90.073655, 29.943984], [-90.073562, 29.944138], [-90.07337, 29.94466], [-90.07291, 29.946198], [-90.072486, 29.947614], [-90.072223, 29.948599], [-90.071864, 29.949773], [-90.071815, 29.949934], [-90.070539, 29.949666], [-90.070172, 29.950603], [-90.071472, 29.950903], [-90.071272, 29.951503], [-90.071172, 29.952003], [-90.070872, 29.952803], [-90.070016, 29.953685], [-90.069868, 29.953876], [-90.069083, 29.954678], [-90.068421, 29.955497], [-90.067721, 29.956255], [-90.067047, 29.957013], [-90.066348, 29.957827], [-90.065735, 29.958504], [-90.065658, 29.95859], [-90.064743, 29.957983], [-90.064256, 29.957671], [-90.063819, 29.957412], [-90.063862, 29.957363], [-90.064207, 29.956983], [-90.063746, 29.956674], [-90.063135, 29.956266], [-90.062744, 29.956722], [-90.062472, 29.956539], [-90.062158, 29.956328], [-90.062136, 29.956296], [-90.062134, 29.956254], [-90.062242, 29.956067], [-90.062553, 29.955667], [-90.062716, 29.9555], [-90.062429, 29.955368], [-90.058641, 29.953149], [-90.058572, 29.951503], [-90.058572, 29.949979], [-90.058572, 29.946505], [-90.058547, 29.945334], [-90.058372, 29.943004], [-90.058073, 29.939191], [-90.058068, 29.939126], [-90.058056, 29.938975], [-90.057985, 29.938055], [-90.057982, 29.938015], [-90.059172, 29.930404], [-90.062472, 29.926004], [-90.063372, 29.925304], [-90.067372, 29.921904], [-90.068752, 29.921069], [-90.069013, 29.920911], [-90.071672, 29.919304], [-90.072572, 29.919004], [-90.073919, 29.921068], [-90.074275, 29.921476], [-90.074449, 29.921675], [-90.074525, 29.921763], [-90.074633, 29.921858], [-90.075522, 29.921526], [-90.076436, 29.921244]]]}}, {"type": "Feature", "properties": {"zip": "70118"}, "geometry": {"type": "Polygon", "coordinates": [[[-90.113498, 29.962314], [-90.11426, 29.961607], [-90.113464, 29.960972], [-90.113832, 29.960616], [-90.113906, 29.960551], [-90.114089, 29.960393], [-90.114387, 29.960561], [-90.114443, 29.960592], [-90.114823, 29.960813], [-90.11499, 29.960925], [-90.115137, 29.960777], [-90.115752, 29.960215], [-90.116519, 29.959518], [-90.117252, 29.958789], [-90.118057, 29.95808], [-90.118688, 29.957464], [-90.118773, 29.957382], [-90.118873, 29.957299], [-90.118598, 29.957089], [-90.118039, 29.956663], [-90.118742, 29.956026], [-90.119291, 29.956462], [-90.119546, 29.956665], [-90.119885, 29.95633], [-90.119532, 29.956078], [-90.119477, 29.956049], [-90.119466, 29.956021], [-90.119473, 29.955989], [-90.119511, 29.95594], [-90.119605, 29.955844], [-90.119891, 29.955586], [-90.119815, 29.955523], [-90.119837, 29.955455], [-90.119861, 29.95541], [-90.119886, 29.955387], [-90.11994, 29.955362], [-90.120034, 29.955348], [-90.119722, 29.955088], [-90.118975, 29.954475], [-90.118183, 29.953828], [-90.117336, 29.9532], [-90.11714, 29.953356], [-90.116706, 29.952999], [-90.116861, 29.952793], [-90.117481, 29.951974], [-90.116797, 29.951497], [-90.116481, 29.951863], [-90.116454, 29.951795], [-90.116281, 29.951361], [-90.116145, 29.951017], [-90.116044, 29.95079], [-90.11581, 29.950225], [-90.115697, 29.949953], [-90.115573, 29.949624], [-90.115316, 29.949012], [-90.115244, 29.94885], [-90.114858, 29.947975], [-90.114771, 29.94773], [-90.114329, 29.946735], [-90.114137, 29.946261], [-90.113985, 29.945885], [-90.113584, 29.944879], [-90.113505, 29.944696], [-90.113384, 29.944414], [-90.113223, 29.944041], [-90.113137, 29.943772], [-90.11305, 29.943618], [-90.112947, 29.943464], [-90.112761, 29.943262], [-90.112329, 29.942923], [-90.112045, 29.942749], [-90.11291, 29.940324], [-90.113213, 29.939431], [-90.114466, 29.939788], [-90.114715, 29.939859], [-90.115013, 29.939038], [-90.115274, 29.938304], [-90.115367, 29.938018], [-90.11561, 29.937269], [-90.116001, 29.936358], [-90.11567, 29.936223], [-90.115758, 29.935873], [-90.116574, 29.933569], [-90.116141, 29.933425], [-90.116417, 29.932846], [-90.116546, 29.932513], [-90.116774, 29.932013], [-90.1169, 29.931671], [-90.116945, 29.931535], [-90.116966, 29.9312], [-90.117118, 29.930641], [-90.117146, 29.93052], [-90.117406, 29.930672], [-90.117378, 29.930764], [-90.118031, 29.931154], [-90.11806, 29.931082], [-90.118434, 29.930157], [-90.118751, 29.929251], [-90.119151, 29.928354], [-90.119443, 29.927437], [-90.119815, 29.92658], [-90.120132, 29.925729], [-90.120461, 29.924803], [-90.120865, 29.923976], [-90.121173, 29.923035], [-90.121523, 29.922143], [-90.121838, 29.921279], [-90.122211, 29.920393], [-90.122569, 29.919491], [-90.121679, 29.919263], [-90.121739, 29.919116], [-90.121776, 29.919084], [-90.121891, 29.919094], [-90.122165, 29.919166], [-90.12231, 29.919205], [-90.122648, 29.919297], [-90.122984, 29.918421], [-90.12329, 29.917482], [-90.123311, 29.917427], [-90.123645, 29.916584], [-90.123839, 29.916021], [-90.124079, 29.915619], [-90.124106, 29.915576], [-90.124173, 29.915466], [-90.124191, 29.915394], [-90.123914, 29.915362], [-90.12372, 29.915355], [-90.123076, 29.915358], [-90.1221, 29.915375], [-90.121265, 29.915383], [-90.121105, 29.915381], [-90.120932, 29.915378], [-90.120676, 29.915378], [-90.120517, 29.915357], [-90.120553, 29.915233], [-90.121037, 29.913561], [-90.12135, 29.912479], [-90.121382, 29.912294], [-90.121412, 29.912092], [-90.121963, 29.909899], [-90.125674, 29.910505], [-90.125891, 29.910569], [-90.127374, 29.911005], [-90.13192, 29.912788], [-90.132474, 29.913005], [-90.138574, 29.918805], [-90.138886, 29.921522], [-90.139274, 29.924904], [-90.13913, 29.930303], [-90.139074, 29.932404], [-90.138974, 29.938404], [-90.139486, 29.942823], [-90.139773, 29.945309], [-90.140074, 29.947904], [-90.137649, 29.951395], [-90.137602, 29.951489], [-90.137411, 29.952033], [-90.137405, 29.952044], [-90.137394, 29.952065], [-90.137291, 29.952283], [-90.136895, 29.953099], [-90.136376, 29.954009], [-90.13634, 29.954072], [-90.136293, 29.954155], [-90.135874, 29.954913], [-90.135334, 29.955863], [-90.134824, 29.956742], [-90.134639, 29.957078], [-90.134511, 29.957296], [-90.134307, 29.957635], [-90.133825, 29.958499], [-90.133314, 29.959401], [-90.133184, 29.959632], [-90.132917, 29.960093], [-90.132806, 29.960286], [-90.131292, 29.962947], [-90.131159, 29.963183], [-90.130741, 29.963919], [-90.130626, 29.964062], [-90.130195, 29.963923], [-90.12964, 29.964873], [-90.129134, 29.96576], [-90.128928, 29.966127], [-90.128878, 29.966217], [-90.128611, 29.966673], [-90.128327, 29.967167], [-90.12824, 29.967318], [-90.128121, 29.96753], [-90.128002, 29.967742], [-90.1277, 29.968282], [-90.127602, 29.96844], [-90.127071, 29.969348], [-90.126559, 29.970265], [-90.126254, 29.971307], [-90.126234, 29.971377], [-90.126157, 29.971602], [-90.126071, 29.971822], [-90.125909, 29.97208], [-90.125831, 29.972204], [-90.125755, 29.972332], [-90.12575, 29.97234], [-90.125299, 29.973093], [-90.125266, 29.973149], [-90.125063, 29.973578], [-90.124881, 29.973937], [-90.124784, 29.974154], [-90.124823, 29.975447], [-90.124775, 29.975791], [-90.124255, 29.975781], [-90.124213, 29.975778], [-90.123905, 29.975759], [-90.123836, 29.975857], [-90.123693, 29.976058], [-90.123599, 29.97619], [-90.123435, 29.97669], [-90.1233, 29.977324], [-90.123116, 29.978556], [-90.123034, 29.979471], [-90.123026, 29.979559], [-90.122447, 29.979699], [-90.117363, 29.980449], [-90.11512, 29.98078], [-90.114901, 29.980817], [-90.114514, 29.98092], [-90.11418, 29.981025], [-90.114162, 29.981031], [-90.113968, 29.981098], [-90.113842, 29.981123], [-90.11428, 29.982241], [-90.114317, 29.982338], [-90.115189, 29.984645], [-90.115344, 29.985047], [-90.115928, 29.986559], [-90.115647, 29.986265], [-90.115487, 29.985794], [-90.11517, 29.984973], [-90.114379, 29.982909], [-90.114185, 29.982375], [-90.113949, 29.981725], [-90.113699, 29.981151], [-90.11367, 29.981077], [-90.113474, 29.98058], [-90.113183, 29.979832], [-90.112425, 29.978011], [-90.112146, 29.977315], [-90.111862, 29.976634], [-90.111541, 29.975728], [-90.111147, 29.974591], [-90.111049, 29.974351], [-90.110943, 29.97402], [-90.110443, 29.972549], [-90.110091, 29.971784], [-90.109652, 29.970973], [-90.109632, 29.97093], [-90.109517, 29.970682], [-90.109122, 29.969976], [-90.109088, 29.969875], [-90.108751, 29.969251], [-90.108608, 29.969034], [-90.108418, 29.96878], [-90.108272, 29.968612], [-90.107648, 29.968016], [-90.107523, 29.9679], [-90.107651, 29.967793], [-90.107685, 29.967763], [-90.107776, 29.967687], [-90.107874, 29.967604], [-90.107968, 29.96751], [-90.108324, 29.967155], [-90.108788, 29.966712], [-90.109265, 29.966263], [-90.109706, 29.965839], [-90.109855, 29.965702], [-90.110052, 29.96552], [-90.109261, 29.964873], [-90.109302, 29.96483], [-90.109694, 29.964485], [-90.110143, 29.964065], [-90.110953, 29.964705], [-90.11125, 29.964434], [-90.110461, 29.96378], [-90.110839, 29.963411], [-90.1112, 29.963056], [-90.111997, 29.963727], [-90.112758, 29.963031], [-90.113498, 29.962314]]]}}, {"type": "Feature", "properties": {"zip": "70124"}, "geometry": {"type": "Polygon", "coordinates": [[[-90.082954, 30.021093], [-90.08295, 30.021077], [-90.082951, 30.021044], [-90.082989, 30.020976], [-90.083037, 30.020865], [-90.083125, 30.020685], [-90.084063, 30.018771], [-90.084084, 30.018105], [-90.084296, 30.015142], [-90.084882, 30.011105], [-90.08489, 30.010924], [-90.084992, 30.008471], [-90.085299, 30.006651], [-90.085308, 30.00385], [-90.08535, 30.002713], [-90.08505, 29.999724], [-90.085761, 29.999421], [-90.085375, 29.999445], [-90.085375, 29.999383], [-90.085375, 29.99932], [-90.085378, 29.999088], [-90.08538, 29.998815], [-90.085379, 29.998677], [-90.085352, 29.998174], [-90.085071, 29.997223], [-90.084922, 29.996614], [-90.084916, 29.99659], [-90.085331, 29.995925], [-90.085633, 29.99535], [-90.085869, 29.99457], [-90.085904, 29.993863], [-90.086094, 29.993351], [-90.086121, 29.993121], [-90.086148, 29.993054], [-90.086168, 29.992979], [-90.086235, 29.992862], [-90.086281, 29.992747], [-90.086291, 29.992683], [-90.086382, 29.99248], [-90.086458, 29.992336], [-90.086468, 29.992003], [-90.086483, 29.991727], [-90.08672, 29.991347], [-90.086958, 29.990957], [-90.087074, 29.990664], [-90.087089, 29.990313], [-90.087145, 29.989919], [-90.087251, 29.989565], [-90.087291, 29.989261], [-90.087375, 29.989068], [-90.087664, 29.988693], [-90.08784, 29.988339], [-90.08784, 29.98797], [-90.08768, 29.987449], [-90.087704, 29.98713], [-90.088033, 29.986629], [-90.088466, 29.986296], [-90.088851, 29.985809], [-90.088955, 29.985399], [-90.089068, 29.984663], [-90.089188, 29.984044], [-90.08937, 29.983772], [-90.089483, 29.983851], [-90.089572, 29.983938], [-90.089685, 29.984071], [-90.089717, 29.98411], [-90.089769, 29.984173], [-90.089848, 29.984256], [-90.08993, 29.984325], [-90.090117, 29.984059], [-90.090296, 29.98385], [-90.090463, 29.983688], [-90.090658, 29.983576], [-90.09087, 29.983471], [-90.091084, 29.983386], [-90.091304, 29.983317], [-90.091426, 29.983246], [-90.091549, 29.983147], [-90.09166, 29.983031], [-90.092377, 29.983161], [-90.093845, 29.98329], [-90.094774, 29.983371], [-90.095976, 29.983495], [-90.096784, 29.983562], [-90.098146, 29.98367], [-90.09883, 29.983747], [-90.099518, 29.983804], [-90.100872, 29.983939], [-90.102192, 29.984072], [-90.102734, 29.984121], [-90.103839, 29.984109], [-90.103893, 29.984095], [-90.105086, 29.983791], [-90.105389, 29.983702], [-90.105827, 29.98361], [-90.106218, 29.983513], [-90.107428, 29.983209], [-90.108322, 29.983842], [-90.108834, 29.983238], [-90.108878, 29.983164], [-90.10888, 29.9831], [-90.10887, 29.983047], [-90.108844, 29.982983], [-90.108721, 29.982815], [-90.110411, 29.982263], [-90.111027, 29.982064], [-90.111286, 29.98196], [-90.111558, 29.981869], [-90.112095, 29.981689], [-90.112832, 29.981441], [-90.113392, 29.981253], [-90.113588, 29.981185], [-90.113699, 29.981151], [-90.113949, 29.981725], [-90.114185, 29.982375], [-90.114379, 29.982909], [-90.11517, 29.984973], [-90.115487, 29.985794], [-90.115647, 29.986265], [-90.115928, 29.986559], [-90.115344, 29.985047], [-90.115189, 29.984645], [-90.114317, 29.982338], [-90.11428, 29.982241], [-90.113842, 29.981123], [-90.113968, 29.981098], [-90.114162, 29.981031], [-90.11418, 29.981025], [-90.114514, 29.98092], [-90.114901, 29.980817], [-90.11512, 29.98078], [-90.117363, 29.980449], [-90.122447, 29.979699], [-90.123026, 29.979559], [-90.123034, 29.979471], [-90.123116, 29.978556], [-90.1233, 29.977324], [-90.123435, 29.97669], [-90.123599, 29.97619], [-90.123693, 29.976058], [-90.123836, 29.975857], [-90.123905, 29.975759], [-90.124213, 29.975778], [-90.124255, 29.975781], [-90.124775, 29.975791], [-90.124741, 29.975926], [-90.124698, 29.976099], [-90.12467, 29.976212], [-90.124816, 29.976277], [-90.124874, 29.976303], [-90.124666, 29.979195], [-90.124662, 29.979253], [-90.124101, 29.986306], [-90.12397, 29.98757], [-90.124008, 29.987643], [-90.124017, 29.98771], [-90.124025, 29.987848], [-90.124022, 29.988101], [-90.123976, 29.988526], [-90.123931, 29.988801], [-90.123783, 29.990428], [-90.123655, 29.992125], [-90.123602, 29.992817], [-90.123575, 29.993057], [-90.123546, 29.993443], [-90.123434, 29.994548], [-90.123373, 29.995362], [-90.123364, 29.995571], [-90.123352, 29.995831], [-90.123274, 29.996189], [-90.123245, 29.996539], [-90.123203, 29.997248], [-90.123181, 29.997729], [-90.123115, 29.9984], [-90.122973, 29.999897], [-90.122957, 30.000071], [-90.122883, 30.000917], [-90.122722, 30.002525], [-90.122591, 30.003854], [-90.122474, 30.005002], [-90.122436, 30.005714], [-90.122405, 30.005965], [-90.122354, 30.006807], [-90.122242, 30.007951], [-90.122152, 30.008922], [-90.122009, 30.010694], [-90.121847, 30.012249], [-90.12178, 30.012894], [-90.121745, 30.013337], [-90.121331, 30.017891], [-90.12121, 30.019266], [-90.121174, 30.019785], [-90.121166, 30.019977], [-90.121109, 30.020464], [-90.121072, 30.020782], [-90.121015, 30.021401], [-90.120959, 30.021975], [-90.120952, 30.022343], [-90.120946, 30.022584], [-90.120914, 30.023027], [-90.120924, 30.023256], [-90.120985, 30.023548], [-90.120993, 30.023945], [-90.12101, 30.024749], [-90.120908, 30.024882], [-90.120691, 30.025169], [-90.120491, 30.025141], [-90.120348, 30.02642], [-90.120253, 30.027534], [-90.119919, 30.028689], [-90.119462, 30.029073], [-90.118541, 30.029845], [-90.11884, 30.032291], [-90.118715, 30.032284], [-90.118388, 30.032197], [-90.117781, 30.032061], [-90.117393, 30.032007], [-90.116722, 30.032007], [-90.114846, 30.031727], [-90.113479, 30.031605], [-90.108282, 30.031834], [-90.100788, 30.03223], [-90.0955, 30.033613], [-90.091011, 30.034041], [-90.086522, 30.032888], [-90.08247, 30.031538], [-90.082512, 30.026211], [-90.082507, 30.026114], [-90.082534, 30.025988], [-90.082544, 30.025555], [-90.082514, 30.025224], [-90.082792, 30.024835], [-90.082904, 30.024237], [-90.082829, 30.0234], [-90.082709, 30.022109], [-90.082702, 30.02146], [-90.082867, 30.021102], [-90.082868, 30.021103], [-90.082926, 30.021108], [-90.082954, 30.021093]]]}}, {"type": "Feature", "properties": {"zip": "70005"}, "geometry": {"type": "Polygon", "coordinates": [[[-90.145927, 29.997428], [-90.145698, 29.999685], [-90.145645, 30.001968], [-90.145695, 30.002061], [-90.145805, 30.002264], [-90.145805, 30.002267], [-90.145759, 30.002286], [-90.145713, 30.002338], [-90.145713, 30.002408], [-90.145584, 30.004583], [-90.145553, 30.005344], [-90.145446, 30.006864], [-90.145378, 30.008329], [-90.145324, 30.009145], [-90.145202, 30.011335], [-90.145141, 30.012477], [-90.145118, 30.013547], [-90.145103, 30.013717], [-90.145095, 30.013851], [-90.145088, 30.014005], [-90.144989, 30.015977], [-90.144927, 30.017219], [-90.145042, 30.017982], [-90.145042, 30.018041], [-90.144996, 30.018083], [-90.144981, 30.018131], [-90.144966, 30.018409], [-90.145072, 30.02046], [-90.145121, 30.02194], [-90.144614, 30.022175], [-90.143339, 30.022241], [-90.141972, 30.02288], [-90.141542, 30.022893], [-90.140328, 30.021896], [-90.13982, 30.021171], [-90.137037, 30.021171], [-90.137025, 30.021171], [-90.134943, 30.021219], [-90.134523, 30.021282], [-90.12981, 30.021314], [-90.128749, 30.021316], [-90.127663, 30.021843], [-90.126827, 30.021862], [-90.126859, 30.02441], [-90.123297, 30.025134], [-90.121918, 30.025238], [-90.120691, 30.025169], [-90.120908, 30.024882], [-90.12101, 30.024749], [-90.120993, 30.023945], [-90.120985, 30.023548], [-90.120924, 30.023256], [-90.120914, 30.023027], [-90.120946, 30.022584], [-90.120952, 30.022343], [-90.120959, 30.021975], [-90.121015, 30.021401], [-90.121072, 30.020782], [-90.121109, 30.020464], [-90.121166, 30.019977], [-90.121174, 30.019785], [-90.12121, 30.019266], [-90.121331, 30.017891], [-90.121745, 30.013337], [-90.12178, 30.012894], [-90.121847, 30.012249], [-90.122009, 30.010694], [-90.122152, 30.008922], [-90.122242, 30.007951], [-90.122354, 30.006807], [-90.122405, 30.005965], [-90.122436, 30.005714], [-90.122474, 30.005002], [-90.122591, 30.003854], [-90.122722, 30.002525], [-90.122883, 30.000917], [-90.122957, 30.000071], [-90.122973, 29.999897], [-90.123115, 29.9984], [-90.123181, 29.997729], [-90.123203, 29.997248], [-90.123245, 29.996539], [-90.123274, 29.996189], [-90.123352, 29.995831], [-90.123364, 29.995571], [-90.123373, 29.995362], [-90.123434, 29.994548], [-90.123546, 29.993443], [-90.123575, 29.993057], [-90.123602, 29.992817], [-90.123655, 29.992125], [-90.123783, 29.990428], [-90.123931, 29.988801], [-90.123976, 29.988526], [-90.124022, 29.988101], [-90.124025, 29.987848], [-90.124017, 29.98771], [-90.124008, 29.987643], [-90.12397, 29.98757], [-90.124101, 29.986306], [-90.124662, 29.979253], [-90.124666, 29.979195], [-90.124874, 29.976303], [-90.124816, 29.976277], [-90.12467, 29.976212], [-90.124698, 29.976099], [-90.124741, 29.975926], [-90.124775, 29.975791], [-90.124823, 29.975447], [-90.124784, 29.974154], [-90.124881, 29.973937], [-90.125063, 29.973578], [-90.125266, 29.973149], [-90.125299, 29.973093], [-90.12575, 29.97234], [-90.125755, 29.972332], [-90.1258, 29.972334], [-90.129553, 29.972702], [-90.130675, 29.972775], [-90.13639, 29.973081], [-90.138298, 29.973203], [-90.138854, 29.973653], [-90.138801, 29.973836], [-90.138893, 29.974073], [-90.138908, 29.974172], [-90.138908, 29.974191], [-90.138893, 29.974292], [-90.138687, 29.974752], [-90.138504, 29.975276], [-90.138374, 29.975574], [-90.138046, 29.976238], [-90.137939, 29.976549], [-90.137668, 29.978107], [-90.1361, 29.977807], [-90.136019, 29.979581], [-90.135925, 29.981683], [-90.135963, 29.982236], [-90.136062, 29.98356], [-90.13797, 29.982653], [-90.139266, 29.982038], [-90.139314, 29.982016], [-90.139816, 29.981779], [-90.141258, 29.981095], [-90.141601, 29.980932], [-90.143471, 29.980049], [-90.143569, 29.980003], [-90.144915, 29.979369], [-90.144966, 29.979345], [-90.146156, 29.97878], [-90.146148, 29.97883], [-90.146133, 29.979034], [-90.147094, 29.978578], [-90.147056, 29.979785], [-90.147041, 29.9799], [-90.146987, 29.981018], [-90.146926, 29.982343], [-90.147513, 29.982342], [-90.147122, 29.984429], [-90.146831, 29.984491], [-90.14682, 29.985004], [-90.146926, 29.984964], [-90.146919, 29.98591], [-90.146911, 29.986946], [-90.146636, 29.98735], [-90.14656, 29.988235], [-90.146499, 29.991262], [-90.146507, 29.991548], [-90.146003, 29.991533], [-90.146003, 29.991718], [-90.145969, 29.992114], [-90.145904, 29.992862], [-90.145774, 29.996721], [-90.145759, 29.996944], [-90.145773, 29.997147], [-90.145777, 29.997213], [-90.145782, 29.997297], [-90.145927, 29.997428]]]}}, {"type": "Feature", "properties": {"zip": "70001"}, "geometry": {"type": "Polygon", "coordinates": [[[-90.130722, 29.968585], [-90.131187, 29.968597], [-90.131881, 29.968656], [-90.131973, 29.96866], [-90.132728, 29.968702], [-90.135139, 29.968852], [-90.135604, 29.968881], [-90.135963, 29.968919], [-90.140014, 29.969184], [-90.144905, 29.969505], [-90.145393, 29.969539], [-90.145774, 29.96956], [-90.14759, 29.969657], [-90.152091, 29.969949], [-90.153785, 29.970058], [-90.154312, 29.970098], [-90.156539, 29.970268], [-90.160758, 29.970539], [-90.161926, 29.970615], [-90.163726, 29.970735], [-90.164558, 29.970773], [-90.168663, 29.971048], [-90.171157, 29.971231], [-90.17234, 29.971305], [-90.172706, 29.971328], [-90.173912, 29.971405], [-90.174484, 29.971443], [-90.175445, 29.971506], [-90.17601, 29.971544], [-90.176261, 29.971555], [-90.177359, 29.97161], [-90.17768, 29.971626], [-90.178985, 29.97171], [-90.179176, 29.971725], [-90.181419, 29.97186], [-90.187057, 29.972236], [-90.189955, 29.972422], [-90.193169, 29.972629], [-90.196762, 29.97286], [-90.203636, 29.973321], [-90.203636, 29.973461], [-90.203689, 29.973684], [-90.203216, 29.973808], [-90.203048, 29.973844], [-90.202865, 29.973857], [-90.20195, 29.973798], [-90.201911, 29.973966], [-90.200897, 29.973886], [-90.200393, 29.973882], [-90.199531, 29.973802], [-90.198661, 29.973783], [-90.198669, 29.973594], [-90.197044, 29.973485], [-90.196754, 29.973476], [-90.196662, 29.973493], [-90.196586, 29.973566], [-90.196571, 29.973634], [-90.196533, 29.974094], [-90.196479, 29.974676], [-90.196395, 29.975595], [-90.196327, 29.975893], [-90.196212, 29.976275], [-90.196189, 29.97635], [-90.196128, 29.976633], [-90.196136, 29.976762], [-90.196151, 29.976831], [-90.194686, 29.976726], [-90.194218, 29.97669], [-90.194, 29.976673], [-90.193252, 29.976591], [-90.192344, 29.976499], [-90.19139, 29.976411], [-90.190483, 29.976352], [-90.190536, 29.976646], [-90.191856, 29.980159], [-90.192138, 29.980869], [-90.193077, 29.983486], [-90.191902, 29.983413], [-90.191909, 29.983558], [-90.191925, 29.983701], [-90.191932, 29.983819], [-90.191947, 29.984031], [-90.192054, 29.984283], [-90.192077, 29.984319], [-90.192794, 29.986297], [-90.193175, 29.98619], [-90.194358, 29.989466], [-90.195318, 29.992128], [-90.196215, 29.99461], [-90.195831, 29.994596], [-90.196006, 29.994716], [-90.196025, 29.994834], [-90.196052, 29.994997], [-90.196538, 29.995035], [-90.197187, 29.996967], [-90.19785, 29.998935], [-90.197425, 29.998905], [-90.197669, 29.99949], [-90.197708, 29.999702], [-90.197967, 29.999986], [-90.197128, 29.999824], [-90.196365, 29.999715], [-90.195617, 29.999631], [-90.195106, 29.999605], [-90.193069, 29.9995], [-90.192893, 29.999486], [-90.190536, 29.999309], [-90.188621, 29.999177], [-90.18827, 29.999156], [-90.184295, 29.99891], [-90.184097, 29.998897], [-90.178245, 29.998516], [-90.178197, 29.998514], [-90.177185, 29.998464], [-90.177032, 29.998455], [-90.175528, 29.99835], [-90.174865, 29.998304], [-90.174738, 29.998296], [-90.171844, 29.998128], [-90.171875, 29.998395], [-90.170028, 29.998279], [-90.169853, 29.998268], [-90.169746, 29.99826], [-90.168182, 29.998163], [-90.166419, 29.99805], [-90.164512, 29.997951], [-90.164268, 29.997949], [-90.162345, 29.997877], [-90.162363, 29.99759], [-90.162078, 29.997577], [-90.160881, 29.997552], [-90.158602, 29.997459], [-90.15554, 29.997333], [-90.155525, 29.997596], [-90.155334, 29.997591], [-90.153564, 29.997531], [-90.153327, 29.997524], [-90.149665, 29.997339], [-90.149047, 29.997308], [-90.148208, 29.997264], [-90.147514, 29.99723], [-90.146438, 29.997203], [-90.145773, 29.997147], [-90.145759, 29.996944], [-90.145774, 29.996721], [-90.145904, 29.992862], [-90.145969, 29.992114], [-90.146003, 29.991718], [-90.146003, 29.991533], [-90.146507, 29.991548], [-90.146499, 29.991262], [-90.14656, 29.988235], [-90.146636, 29.98735], [-90.146911, 29.986946], [-90.146919, 29.98591], [-90.146926, 29.984964], [-90.14682, 29.985004], [-90.146831, 29.984491], [-90.147122, 29.984429], [-90.147513, 29.982342], [-90.146926, 29.982343], [-90.146987, 29.981018], [-90.147041, 29.9799], [-90.147056, 29.979785], [-90.147094, 29.978578], [-90.146133, 29.979034], [-90.146148, 29.97883], [-90.146156, 29.97878], [-90.144966, 29.979345], [-90.144915, 29.979369], [-90.143569, 29.980003], [-90.143471, 29.980049], [-90.141601, 29.980932], [-90.141258, 29.981095], [-90.139816, 29.981779], [-90.139314, 29.982016], [-90.139266, 29.982038], [-90.13797, 29.982653], [-90.136062, 29.98356], [-90.135963, 29.982236], [-90.135925, 29.981683], [-90.136019, 29.979581], [-90.1361, 29.977807], [-90.137668, 29.978107], [-90.137939, 29.976549], [-90.138046, 29.976238], [-90.138374, 29.975574], [-90.138504, 29.975276], [-90.138687, 29.974752], [-90.138893, 29.974292], [-90.138908, 29.974191], [-90.138908, 29.974172], [-90.138893, 29.974073], [-90.138801, 29.973836], [-90.138854, 29.973653], [-90.138298, 29.973203], [-90.13639, 29.973081], [-90.130675, 29.972775], [-90.129553, 29.972702], [-90.1258, 29.972334], [-90.125755, 29.972332], [-90.125831, 29.972204], [-90.125909, 29.97208], [-90.126071, 29.971822], [-90.126157, 29.971602], [-90.126234, 29.971377], [-90.126254, 29.971307], [-90.126559, 29.970265], [-90.127071, 29.969348], [-90.127602, 29.96844], [-90.1277, 29.968282], [-90.129158, 29.968362], [-90.129707, 29.968242], [-90.129821, 29.968227], [-90.130165, 29.96837], [-90.130584, 29.968593], [-90.130722, 29.968585]]]}}, {"type": "Feature", "properties": {"zip": "70129"}, "geometry": {"type": "Polygon", "coordinates": [[[-89.861492, 30.000197], [-89.861736, 29.999619], [-89.861926, 29.999437], [-89.862502, 29.999222], [-89.86335, 29.998943], [-89.863901, 29.998729], [-89.864234, 29.998608], [-89.864438, 29.998503], [-89.864674, 29.998351], [-89.864838, 29.998224], [-89.865054, 29.998038], [-89.865152, 29.997889], [-89.865228, 29.997764], [-89.865333, 29.997424], [-89.86535, 29.997084], [-89.865249, 29.996727], [-89.864905, 29.996271], [-89.864243, 29.995736], [-89.863357, 29.995158], [-89.86143, 29.994152], [-89.860359, 29.9936], [-89.859802, 29.993171], [-89.859456, 29.992866], [-89.859236, 29.992622], [-89.859071, 29.9923], [-89.859045, 29.991882], [-89.859057, 29.991353], [-89.859295, 29.990862], [-89.859805, 29.990153], [-89.860333, 29.989558], [-89.861173, 29.988795], [-89.861832, 29.988274], [-89.862406, 29.987979], [-89.863053, 29.987717], [-89.86353, 29.987617], [-89.864164, 29.987592], [-89.864795, 29.987668], [-89.865225, 29.987759], [-89.86571, 29.987941], [-89.866118, 29.988157], [-89.866357, 29.98834], [-89.866808, 29.988725], [-89.867103, 29.989124], [-89.867424, 29.989629], [-89.867752, 29.990379], [-89.867942, 29.991015], [-89.868203, 29.991764], [-89.868364, 29.992221], [-89.868681, 29.992597], [-89.869059, 29.992772], [-89.869643, 29.992994], [-89.869976, 29.993061], [-89.870307, 29.993054], [-89.870741, 29.99299], [-89.871068, 29.992846], [-89.871658, 29.992459], [-89.872177, 29.991936], [-89.872455, 29.991663], [-89.872693, 29.991401], [-89.873241, 29.990589], [-89.873477, 29.990004], [-89.873716, 29.989428], [-89.873956, 29.98892], [-89.873995, 29.988874], [-89.874327, 29.988502], [-89.875063, 29.987953], [-89.876022, 29.986985], [-89.877471, 29.986442], [-89.878652, 29.986062], [-89.879418, 29.985439], [-89.879699, 29.985443], [-89.880112, 29.985591], [-89.88037, 29.985659], [-89.880676, 29.985728], [-89.880938, 29.985812], [-89.881073, 29.985874], [-89.881297, 29.985994], [-89.881471, 29.986116], [-89.881599, 29.9862], [-89.88169, 29.986275], [-89.881764, 29.986353], [-89.881863, 29.986455], [-89.881964, 29.98657], [-89.882081, 29.986703], [-89.882168, 29.986829], [-89.88221, 29.9869], [-89.882432, 29.987206], [-89.882588, 29.987441], [-89.882839, 29.987956], [-89.883068, 29.988415], [-89.883335, 29.988955], [-89.883461, 29.989146], [-89.883802, 29.989594], [-89.884528, 29.990425], [-89.884948, 29.990965], [-89.885078, 29.991132], [-89.885153, 29.991269], [-89.885193, 29.991395], [-89.885229, 29.991562], [-89.885233, 29.991715], [-89.88521, 29.991879], [-89.885172, 29.992069], [-89.885129, 29.992207], [-89.885089, 29.992303], [-89.88502, 29.99238], [-89.884773, 29.992664], [-89.884532, 29.992953], [-89.884475, 29.993062], [-89.884438, 29.993265], [-89.884442, 29.993406], [-89.88448, 29.993569], [-89.88456, 29.993773], [-89.884635, 29.993929], [-89.884928, 29.994462], [-89.884989, 29.994618], [-89.885039, 29.994771], [-89.88508, 29.994961], [-89.885097, 29.995127], [-89.88509, 29.995291], [-89.885033, 29.995596], [-89.884994, 29.995838], [-89.884999, 29.996041], [-89.885029, 29.996179], [-89.885077, 29.996292], [-89.88514, 29.996383], [-89.885206, 29.996453], [-89.8853, 29.996522], [-89.885479, 29.996592], [-89.885794, 29.996669], [-89.886233, 29.996738], [-89.886512, 29.996775], [-89.886656, 29.996786], [-89.886741, 29.996779], [-89.886847, 29.996749], [-89.886921, 29.996705], [-89.886953, 29.996695], [-89.886996, 29.996699], [-89.887028, 29.996726], [-89.887062, 29.996772], [-89.887097, 29.996864], [-89.887123, 29.996896], [-89.887199, 29.996937], [-89.887682, 29.997099], [-89.888143, 29.997294], [-89.888415, 29.997446], [-89.888616, 29.997595], [-89.888781, 29.997749], [-89.88893, 29.997922], [-89.889111, 29.998197], [-89.889196, 29.998377], [-89.889293, 29.998635], [-89.889405, 29.999064], [-89.889504, 29.999392], [-89.889672, 29.999704], [-89.88982, 29.999919], [-89.889919, 30.000019], [-89.890217, 30.000189], [-89.890847, 30.000488], [-89.892278, 30.001164], [-89.893593, 30.001899], [-89.894205, 30.002234], [-89.894539, 30.002325], [-89.894758, 30.002362], [-89.894972, 30.002362], [-89.895132, 30.002345], [-89.895248, 30.002306], [-89.895369, 30.002238], [-89.895635, 30.002029], [-89.896109, 30.001563], [-89.896481, 30.001251], [-89.897008, 30.000865], [-89.897102, 30.000815], [-89.897206, 30.000759], [-89.897298, 30.000731], [-89.897335, 30.000728], [-89.89737, 30.000731], [-89.897407, 30.000739], [-89.897436, 30.000754], [-89.897484, 30.000798], [-89.897527, 30.000842], [-89.897553, 30.000857], [-89.897585, 30.000864], [-89.897697, 30.000867], [-89.897896, 30.000856], [-89.898047, 30.000864], [-89.898425, 30.000921], [-89.898649, 30.000979], [-89.898896, 30.001033], [-89.89908, 30.001109], [-89.89924, 30.001167], [-89.899473, 30.001268], [-89.89989, 30.00138], [-89.900395, 30.001508], [-89.900699, 30.001579], [-89.902533, 30.002103], [-89.90301, 30.002261], [-89.903585, 30.002473], [-89.904014, 30.002537], [-89.904229, 30.002531], [-89.904392, 30.00246], [-89.904479, 30.002352], [-89.904587, 30.002198], [-89.904748, 30.002008], [-89.904931, 30.001801], [-89.905166, 30.001587], [-89.905434, 30.001408], [-89.905835, 30.001307], [-89.906053, 30.001253], [-89.906182, 30.001247], [-89.906482, 30.001252], [-89.906883, 30.001262], [-89.907163, 30.001203], [-89.907421, 30.001137], [-89.907592, 30.001047], [-89.907645, 30.00102], [-89.907737, 30.000993], [-89.907914, 30.000965], [-89.908134, 30.000916], [-89.908337, 30.000848], [-89.90851, 30.000787], [-89.908676, 30.000726], [-89.908748, 30.000719], [-89.908835, 30.000709], [-89.908966, 30.000654], [-89.909295, 30.000517], [-89.910158, 30.000245], [-89.910341, 30.000155], [-89.910707, 30.000041], [-89.911571, 29.999769], [-89.91212, 29.999633], [-89.912591, 29.99952], [-89.912774, 29.999475], [-89.912905, 29.99943], [-89.913166, 29.999339], [-89.913422, 29.99933], [-89.913731, 29.999232], [-89.913957, 29.999158], [-89.914032, 29.999139], [-89.914168, 29.999098], [-89.914286, 29.99901], [-89.914381, 29.998893], [-89.914517, 29.99876], [-89.91453, 29.998747], [-89.914581, 29.998716], [-89.914692, 29.998648], [-89.914865, 29.998578], [-89.91505, 29.998526], [-89.915407, 29.998375], [-89.915451, 29.998306], [-89.915481, 29.998259], [-89.91554, 29.998038], [-89.915632, 29.997817], [-89.915737, 29.997672], [-89.915854, 29.997536], [-89.915895, 29.99743], [-89.915861, 29.997383], [-89.915794, 29.997346], [-89.91577, 29.997271], [-89.915799, 29.997165], [-89.915938, 29.997019], [-89.916086, 29.996835], [-89.916299, 29.99663], [-89.916577, 29.996395], [-89.916909, 29.996111], [-89.916983, 29.996036], [-89.917081, 29.995927], [-89.917134, 29.995825], [-89.917184, 29.995788], [-89.917397, 29.995677], [-89.917633, 29.995407], [-89.918325, 29.994773], [-89.918441, 29.99474], [-89.918489, 29.994721], [-89.918502, 29.994658], [-89.918994, 29.993887], [-89.919471, 29.993785], [-89.919671, 29.993741], [-89.92011, 29.993603], [-89.920318, 29.993529], [-89.92056, 29.993458], [-89.92067, 29.993395], [-89.920743, 29.993344], [-89.920874, 29.993249], [-89.920925, 29.993191], [-89.920949, 29.99312], [-89.921037, 29.993016], [-89.921193, 29.992895], [-89.92134, 29.992738], [-89.921432, 29.992596], [-89.921528, 29.992446], [-89.921685, 29.992347], [-89.921945, 29.992145], [-89.92206, 29.992058], [-89.922176, 29.99202], [-89.922326, 29.991961], [-89.922623, 29.991913], [-89.922876, 29.991851], [-89.923003, 29.991844], [-89.923132, 29.991846], [-89.923195, 29.991865], [-89.923318, 29.991938], [-89.923355, 29.991964], [-89.923398, 29.991982], [-89.923433, 29.99197], [-89.923459, 29.991948], [-89.923465, 29.991926], [-89.923506, 29.991887], [-89.923514, 29.991847], [-89.923521, 29.991786], [-89.923557, 29.991734], [-89.923632, 29.991671], [-89.92367, 29.991619], [-89.923699, 29.991567], [-89.923722, 29.991502], [-89.923726, 29.991498], [-89.923816, 29.991389], [-89.923815, 29.991285], [-89.923762, 29.991146], [-89.923719, 29.991043], [-89.923665, 29.990967], [-89.923616, 29.990885], [-89.923604, 29.990749], [-89.923568, 29.990486], [-89.92359, 29.990318], [-89.923645, 29.990204], [-89.923752, 29.990024], [-89.923841, 29.989876], [-89.923824, 29.989766], [-89.923796, 29.98967], [-89.923786, 29.989604], [-89.923782, 29.989577], [-89.923843, 29.989437], [-89.924029, 29.989326], [-89.924151, 29.989238], [-89.924373, 29.989186], [-89.924523, 29.989189], [-89.924611, 29.989232], [-89.924748, 29.989265], [-89.924833, 29.989353], [-89.924852, 29.989419], [-89.924894, 29.989502], [-89.924922, 29.989581], [-89.924986, 29.989588], [-89.925052, 29.989523], [-89.925119, 29.989475], [-89.925191, 29.989494], [-89.925243, 29.989521], [-89.925301, 29.989549], [-89.925382, 29.989481], [-89.925429, 29.989361], [-89.925532, 29.989163], [-89.925608, 29.989064], [-89.925686, 29.988954], [-89.925756, 29.988925], [-89.925827, 29.988933], [-89.925912, 29.988854], [-89.926021, 29.988791], [-89.926167, 29.988743], [-89.926238, 29.988745], [-89.926267, 29.988669], [-89.926253, 29.988565], [-89.926256, 29.988508], [-89.926264, 29.988446], [-89.926251, 29.98836], [-89.926298, 29.988326], [-89.926349, 29.988335], [-89.926378, 29.988353], [-89.926402, 29.988387], [-89.926413, 29.988424], [-89.926498, 29.988443], [-89.92658, 29.988394], [-89.926576, 29.988332], [-89.9266, 29.988283], [-89.926698, 29.988226], [-89.92673, 29.988208], [-89.926875, 29.988128], [-89.927013, 29.988063], [-89.927313, 29.987901], [-89.927392, 29.987834], [-89.927634, 29.98775], [-89.927739, 29.987706], [-89.927997, 29.9877], [-89.928196, 29.987745], [-89.928228, 29.98786], [-89.928274, 29.987938], [-89.928368, 29.987945], [-89.928446, 29.987932], [-89.928488, 29.987868], [-89.928536, 29.987756], [-89.928641, 29.98768], [-89.928844, 29.987652], [-89.928938, 29.98766], [-89.92905, 29.98768], [-89.929104, 29.987684], [-89.929354, 29.9877], [-89.92955, 29.987681], [-89.929794, 29.987679], [-89.929886, 29.987677], [-89.929969, 29.987698], [-89.930095, 29.987759], [-89.930165, 29.987781], [-89.930299, 29.987785], [-89.930482, 29.987776], [-89.930653, 29.987786], [-89.930854, 29.987787], [-89.930981, 29.987758], [-89.931019, 29.987724], [-89.931079, 29.987691], [-89.931166, 29.987692], [-89.931195, 29.987726], [-89.931202, 29.987767], [-89.931236, 29.987788], [-89.931303, 29.987773], [-89.931346, 29.987754], [-89.93141, 29.987742], [-89.931464, 29.987743], [-89.931561, 29.987742], [-89.93164, 29.987728], [-89.931683, 29.987699], [-89.931673, 29.987638], [-89.931699, 29.987573], [-89.931772, 29.987551], [-89.931981, 29.987505], [-89.932159, 29.987449], [-89.932349, 29.987429], [-89.932479, 29.987387], [-89.932616, 29.98735], [-89.932789, 29.98728], [-89.93296, 29.987178], [-89.933054, 29.987155], [-89.933191, 29.987107], [-89.933303, 29.987071], [-89.933501, 29.987051], [-89.933616, 29.987015], [-89.933664, 29.986943], [-89.93372, 29.986897], [-89.933814, 29.986856], [-89.933857, 29.986839], [-89.933873, 29.986811], [-89.933871, 29.98677], [-89.933907, 29.986733], [-89.933967, 29.98671], [-89.934088, 29.986677], [-89.934163, 29.986668], [-89.934218, 29.98669], [-89.9343, 29.986705], [-89.934407, 29.986676], [-89.93447, 29.986623], [-89.934467, 29.986552], [-89.934524, 29.986494], [-89.934658, 29.986464], [-89.934817, 29.986418], [-89.934815, 29.98628], [-89.934805, 29.986238], [-89.934781, 29.986202], [-89.93477, 29.986179], [-89.93477, 29.986164], [-89.934789, 29.986157], [-89.934818, 29.986152], [-89.934848, 29.986155], [-89.934891, 29.986157], [-89.934919, 29.986172], [-89.934946, 29.986203], [-89.934976, 29.986171], [-89.934997, 29.986152], [-89.935555, 29.985661], [-89.93559, 29.985631], [-89.935991, 29.985291], [-89.936157, 29.985159], [-89.936482, 29.984963], [-89.936844, 29.984794], [-89.937062, 29.984738], [-89.937404, 29.984749], [-89.937525, 29.984748], [-89.937722, 29.984755], [-89.937806, 29.984752], [-89.937818, 29.98471], [-89.937722, 29.984606], [-89.937677, 29.984489], [-89.938007, 29.984033], [-89.938335, 29.983549], [-89.938428, 29.98319], [-89.938466, 29.982957], [-89.938486, 29.982831], [-89.938307, 29.982596], [-89.937998, 29.982257], [-89.937967, 29.982174], [-89.937958, 29.982107], [-89.93797, 29.982029], [-89.938004, 29.981959], [-89.938068, 29.981901], [-89.938183, 29.981866], [-89.938284, 29.981846], [-89.938334, 29.981801], [-89.938299, 29.981731], [-89.938252, 29.981665], [-89.938243, 29.981571], [-89.938313, 29.98151], [-89.938385, 29.981458], [-89.938413, 29.981402], [-89.938425, 29.98132], [-89.938437, 29.981257], [-89.938464, 29.981172], [-89.938497, 29.981085], [-89.938531, 29.981002], [-89.93858, 29.980944], [-89.93862, 29.980937], [-89.93866, 29.98093], [-89.938829, 29.980881], [-89.938864, 29.980843], [-89.938912, 29.980749], [-89.938952, 29.980646], [-89.938955, 29.980532], [-89.938961, 29.980474], [-89.938982, 29.980438], [-89.93901, 29.980391], [-89.939095, 29.980352], [-89.939161, 29.980332], [-89.939219, 29.980331], [-89.939284, 29.980337], [-89.939407, 29.980307], [-89.939471, 29.980294], [-89.939586, 29.980266], [-89.939759, 29.980211], [-89.939925, 29.980165], [-89.940075, 29.980148], [-89.940207, 29.980158], [-89.940331, 29.98018], [-89.940418, 29.98021], [-89.9405, 29.980232], [-89.940601, 29.980231], [-89.94067, 29.980245], [-89.943118, 29.981652], [-89.943169, 29.981666], [-89.943373, 29.981713], [-89.943494, 29.981732], [-89.9438, 29.98178], [-89.944105, 29.981821], [-89.944273, 29.981869], [-89.944366, 29.981956], [-89.944434, 29.981973], [-89.944504, 29.981953], [-89.944555, 29.981921], [-89.944655, 29.981928], [-89.944746, 29.98196], [-89.944811, 29.98198], [-89.944864, 29.982008], [-89.94491, 29.982053], [-89.944963, 29.982112], [-89.945056, 29.982239], [-89.945163, 29.982316], [-89.945212, 29.982337], [-89.945225, 29.982342], [-89.945365, 29.982401], [-89.945473, 29.982419], [-89.945526, 29.982429], [-89.945546, 29.982434], [-89.945578, 29.982443], [-89.945617, 29.982471], [-89.94565, 29.982499], [-89.945696, 29.982509], [-89.945726, 29.982497], [-89.945732, 29.982474], [-89.945732, 29.982463], [-89.945737, 29.982429], [-89.94577, 29.982412], [-89.945808, 29.982388], [-89.945882, 29.982387], [-89.946005, 29.982385], [-89.946126, 29.982371], [-89.946216, 29.98235], [-89.94628, 29.982326], [-89.946317, 29.982302], [-89.946374, 29.982278], [-89.946407, 29.982263], [-89.946439, 29.982239], [-89.946496, 29.982233], [-89.946553, 29.982221], [-89.946604, 29.982198], [-89.946623, 29.982163], [-89.946683, 29.982132], [-89.946804, 29.982074], [-89.946893, 29.982011], [-89.946955, 29.981949], [-89.947006, 29.981907], [-89.947102, 29.981877], [-89.94721, 29.98183], [-89.947324, 29.981759], [-89.947492, 29.981683], [-89.947671, 29.98163], [-89.94787, 29.981597], [-89.948011, 29.981566], [-89.948132, 29.98153], [-89.948295, 29.981458], [-89.948455, 29.98142], [-89.94864, 29.981372], [-89.948793, 29.981334], [-89.948934, 29.981303], [-89.949118, 29.981293], [-89.949247, 29.981279], [-89.949374, 29.981265], [-89.949599, 29.981248], [-89.949697, 29.981268], [-89.949789, 29.981296], [-89.949861, 29.981333], [-89.949969, 29.981386], [-89.950119, 29.981481], [-89.950407, 29.981611], [-89.95055, 29.981642], [-89.950769, 29.981665], [-89.950947, 29.981673], [-89.951122, 29.981669], [-89.951297, 29.981652], [-89.951419, 29.981628], [-89.951534, 29.981602], [-89.951735, 29.981552], [-89.951786, 29.981535], [-89.951914, 29.981492], [-89.9521, 29.98145], [-89.952272, 29.981393], [-89.952438, 29.981324], [-89.952558, 29.981258], [-89.952717, 29.981199], [-89.95291, 29.981172], [-89.953038, 29.981165], [-89.953172, 29.981186], [-89.953296, 29.981224], [-89.95355, 29.981354], [-89.95367, 29.981434], [-89.953807, 29.981514], [-89.953938, 29.981614], [-89.954067, 29.981706], [-89.954167, 29.981787], [-89.954233, 29.981852], [-89.954301, 29.981963], [-89.954408, 29.982112], [-89.95447, 29.982216], [-89.954577, 29.98235], [-89.954741, 29.982564], [-89.954855, 29.982762], [-89.954963, 29.9829], [-89.955024, 29.982978], [-89.955066, 29.98309], [-89.955131, 29.983269], [-89.955182, 29.983446], [-89.955205, 29.983584], [-89.955249, 29.983712], [-89.955306, 29.983947], [-89.955359, 29.98426], [-89.95537, 29.984434], [-89.955368, 29.984569], [-89.95539, 29.984713], [-89.955424, 29.98488], [-89.955424, 29.985088], [-89.955445, 29.985311], [-89.955475, 29.985468], [-89.955489, 29.985619], [-89.955485, 29.985709], [-89.955469, 29.985816], [-89.955491, 29.98591], [-89.95552, 29.986014], [-89.955522, 29.98609], [-89.955537, 29.986173], [-89.955582, 29.986262], [-89.955615, 29.986318], [-89.955624, 29.986363], [-89.955644, 29.986415], [-89.955672, 29.98646], [-89.955732, 29.986527], [-89.955812, 29.986608], [-89.955872, 29.986686], [-89.95597, 29.986752], [-89.956076, 29.986821], [-89.956235, 29.986926], [-89.956356, 29.986967], [-89.956474, 29.987037], [-89.956553, 29.987081], [-89.95667, 29.987112], [-89.956786, 29.987144], [-89.956891, 29.987164], [-89.957039, 29.987175], [-89.95718, 29.987172], [-89.957351, 29.987158], [-89.957524, 29.987126], [-89.957691, 29.987082], [-89.957819, 29.987053], [-89.957979, 29.987022], [-89.958075, 29.986997], [-89.95816, 29.986943], [-89.958216, 29.986885], [-89.958261, 29.986835], [-89.958304, 29.986777], [-89.958348, 29.986732], [-89.958423, 29.986674], [-89.958441, 29.986657], [-89.958486, 29.986607], [-89.958548, 29.986549], [-89.95861, 29.986491], [-89.95868, 29.986428], [-89.958768, 29.986375], [-89.958832, 29.986318], [-89.958895, 29.98627], [-89.958987, 29.986218], [-89.959132, 29.986126], [-89.959234, 29.986062], [-89.959323, 29.986027], [-89.959418, 29.985975], [-89.959577, 29.985914], [-89.959667, 29.985902], [-89.959757, 29.985889], [-89.959876, 29.985896], [-89.959941, 29.985896], [-89.959972, 29.9859], [-89.960019, 29.985917], [-89.960064, 29.985931], [-89.960129, 29.985948], [-89.960233, 29.985972], [-89.960552, 29.986111], [-89.960652, 29.986189], [-89.960827, 29.986306], [-89.960912, 29.986372], [-89.960985, 29.986438], [-89.961064, 29.98652], [-89.961131, 29.98659], [-89.961204, 29.986674], [-89.961284, 29.986752], [-89.961372, 29.986856], [-89.961405, 29.986911], [-89.961767, 29.987239], [-89.961888, 29.987413], [-89.962026, 29.987558], [-89.962246, 29.987772], [-89.962249, 29.987793], [-89.962409, 29.987956], [-89.962518, 29.988034], [-89.962656, 29.988132], [-89.962794, 29.988208], [-89.962938, 29.988295], [-89.963129, 29.988446], [-89.963417, 29.988726], [-89.96353, 29.988817], [-89.963656, 29.988927], [-89.963782, 29.989048], [-89.963888, 29.989119], [-89.963967, 29.989189], [-89.964047, 29.989278], [-89.964153, 29.989369], [-89.964321, 29.989479], [-89.964464, 29.989577], [-89.964597, 29.989657], [-89.964728, 29.989722], [-89.964826, 29.989764], [-89.964956, 29.989812], [-89.965086, 29.989853], [-89.965277, 29.989888], [-89.965452, 29.989912], [-89.965723, 29.989919], [-89.965871, 29.989897], [-89.96609, 29.989843], [-89.966264, 29.989805], [-89.966374, 29.989791], [-89.966495, 29.989779], [-89.966644, 29.989781], [-89.966813, 29.989822], [-89.967027, 29.989964], [-89.967131, 29.990018], [-89.967256, 29.99012], [-89.967388, 29.990201], [-89.967552, 29.990299], [-89.967691, 29.990409], [-89.967802, 29.990505], [-89.967925, 29.990593], [-89.968012, 29.990673], [-89.96813, 29.990749], [-89.968274, 29.990825], [-89.968403, 29.990873], [-89.968586, 29.990925], [-89.968718, 29.990961], [-89.968778, 29.990977], [-89.968927, 29.991022], [-89.969032, 29.991049], [-89.969155, 29.991086], [-89.969304, 29.991146], [-89.96943, 29.991208], [-89.969596, 29.991267], [-89.969746, 29.991346], [-89.969871, 29.991412], [-89.969968, 29.991471], [-89.970107, 29.991557], [-89.97029, 29.991678], [-89.970505, 29.991829], [-89.970585, 29.991893], [-89.97071, 29.992003], [-89.970815, 29.992058], [-89.970896, 29.992155], [-89.970975, 29.992244], [-89.971029, 29.992317], [-89.971044, 29.992416], [-89.971032, 29.992545], [-89.971038, 29.992721], [-89.971029, 29.992853], [-89.970995, 29.993005], [-89.970973, 29.993142], [-89.970964, 29.993365], [-89.970967, 29.993489], [-89.970984, 29.993617], [-89.971007, 29.993721], [-89.971042, 29.993834], [-89.971077, 29.993917], [-89.97115, 29.994006], [-89.971196, 29.994056], [-89.97128, 29.99416], [-89.971353, 29.994231], [-89.971434, 29.994319], [-89.971545, 29.994411], [-89.971671, 29.994488], [-89.97175, 29.99453], [-89.971866, 29.994573], [-89.972105, 29.994663], [-89.972254, 29.994726], [-89.972385, 29.994768], [-89.97258, 29.994798], [-89.972766, 29.994787], [-89.972921, 29.994778], [-89.973046, 29.994781], [-89.973148, 29.994778], [-89.973259, 29.994771], [-89.973368, 29.994768], [-89.973452, 29.994761], [-89.973619, 29.994746], [-89.973754, 29.99473], [-89.973886, 29.994723], [-89.974021, 29.994709], [-89.97415, 29.994706], [-89.974291, 29.994692], [-89.974381, 29.994668], [-89.97449, 29.994636], [-89.974553, 29.994601], [-89.974623, 29.994567], [-89.974747, 29.994501], [-89.974886, 29.994426], [-89.974973, 29.994363], [-89.975074, 29.994263], [-89.975188, 29.994177], [-89.975296, 29.994108], [-89.975389, 29.994038], [-89.975472, 29.993959], [-89.975544, 29.993894], [-89.975619, 29.993837], [-89.975713, 29.993735], [-89.975743, 29.993679], [-89.975832, 29.993602], [-89.975912, 29.993512], [-89.976, 29.99342], [-89.976069, 29.99334], [-89.976137, 29.993289], [-89.976203, 29.993287], [-89.976214, 29.993212], [-89.976187, 29.993181], [-89.976188, 29.99313], [-89.976213, 29.993091], [-89.976289, 29.993054], [-89.976321, 29.993047], [-89.976345, 29.993009], [-89.976351, 29.99297], [-89.976424, 29.992849], [-89.976481, 29.992783], [-89.976543, 29.992725], [-89.976582, 29.992701], [-89.976614, 29.992711], [-89.976633, 29.992726], [-89.97666, 29.992732], [-89.976686, 29.992732], [-89.976704, 29.992698], [-89.976697, 29.992669], [-89.976683, 29.992642], [-89.976675, 29.992597], [-89.976694, 29.99257], [-89.976738, 29.992546], [-89.976756, 29.992535], [-89.976762, 29.99249], [-89.976762, 29.992461], [-89.976801, 29.992399], [-89.976851, 29.992318], [-89.976931, 29.992233], [-89.977026, 29.99213], [-89.977111, 29.991999], [-89.977212, 29.991879], [-89.977387, 29.991702], [-89.977432, 29.991622], [-89.977514, 29.991547], [-89.977622, 29.991471], [-89.977696, 29.991402], [-89.977779, 29.991339], [-89.97786, 29.991281], [-89.977943, 29.991229], [-89.978032, 29.991183], [-89.978119, 29.991112], [-89.978263, 29.991049], [-89.978332, 29.990997], [-89.978484, 29.990908], [-89.978663, 29.990814], [-89.978821, 29.990711], [-89.978967, 29.990657], [-89.979117, 29.990607], [-89.979262, 29.99052], [-89.97937, 29.990434], [-89.979497, 29.990365], [-89.979592, 29.990323], [-89.979655, 29.990267], [-89.979692, 29.990209], [-89.979734, 29.990151], [-89.979785, 29.990127], [-89.979824, 29.990081], [-89.979868, 29.990047], [-89.979936, 29.989974], [-89.979961, 29.989916], [-89.980019, 29.989814], [-89.980048, 29.989729], [-89.980133, 29.989577], [-89.980193, 29.989407], [-89.98024, 29.989242], [-89.980278, 29.989097], [-89.980299, 29.989023], [-89.980317, 29.9889], [-89.98033, 29.988844], [-89.980361, 29.988733], [-89.98038, 29.988625], [-89.980408, 29.988506], [-89.980449, 29.9884], [-89.980505, 29.988297], [-89.980573, 29.98819], [-89.98064, 29.988091], [-89.980781, 29.987955], [-89.981305, 29.987627], [-89.981642, 29.987427], [-89.982193, 29.98724], [-89.982455, 29.987157], [-89.982858, 29.987071], [-89.983463, 29.987012], [-89.98379, 29.987037], [-89.984018, 29.987037], [-89.984276, 29.987102], [-89.984551, 29.987195], [-89.984783, 29.987334], [-89.985028, 29.98752], [-89.985334, 29.987766], [-89.985658, 29.987901], [-89.986067, 29.988052], [-89.986477, 29.988211], [-89.986809, 29.98844], [-89.987253, 29.988836], [-89.987761, 29.989076], [-89.988368, 29.989324], [-89.988849, 29.989497], [-89.989114, 29.989628], [-89.989193, 29.98965], [-89.989289, 29.98966], [-89.989404, 29.989632], [-89.989555, 29.989569], [-89.989882, 29.98949], [-89.990012, 29.989162], [-89.990534, 29.987845], [-89.991444, 29.985927], [-89.991589, 29.985536], [-89.991173, 29.984625], [-89.991378, 29.98424], [-89.991661, 29.983677], [-89.991844, 29.983382], [-89.991859, 29.983355], [-89.992004, 29.983086], [-89.992195, 29.982722], [-89.992385, 29.982371], [-89.992044, 29.980631], [-89.994642, 29.974555], [-89.995527, 29.97265], [-89.996452, 29.97304], [-89.99681, 29.973186], [-89.99662, 29.973254], [-89.998171, 29.974388], [-89.998578, 29.974685], [-89.99897, 29.975072], [-90.00065, 29.975604], [-90.002715, 29.976267], [-90.004353, 29.976778], [-90.005155, 29.977074], [-90.005838, 29.97732], [-90.006059, 29.97739], [-90.006251, 29.977445], [-90.006493, 29.977504], [-90.006733, 29.977557], [-90.006997, 29.977618], [-90.007303, 29.977684], [-90.009202, 29.978133], [-90.01122, 29.978579], [-90.015784, 29.979615], [-90.019343, 29.980422], [-90.01962, 29.979928], [-90.019722, 29.979746], [-90.019659, 29.979708], [-90.019735, 29.979723], [-90.02027, 29.979851], [-90.020434, 29.979897], [-90.020557, 29.979944], [-90.020992, 29.980549], [-90.021698, 29.980719], [-90.021635, 29.980895], [-90.021611, 29.980964], [-90.021601, 29.980994], [-90.021578, 29.981061], [-90.021501, 29.981415], [-90.021407, 29.981823], [-90.021158, 29.98312], [-90.020828, 29.984165], [-90.02081, 29.984221], [-90.020271, 29.985902], [-90.021271, 29.989902], [-90.022146, 29.992768], [-90.020365, 29.993964], [-90.019792, 29.994351], [-90.019748, 29.994354], [-90.01926, 29.994473], [-90.018778, 29.994643], [-90.018493, 29.994757], [-90.018443, 29.994802], [-90.018413, 29.99486], [-90.018376, 29.994925], [-90.018341, 29.994981], [-90.018315, 29.995014], [-90.018197, 29.995103], [-90.01777, 29.995288], [-90.017752, 29.995298], [-90.017736, 29.995312], [-90.017739, 29.995332], [-90.017725, 29.995347], [-90.017698, 29.995354], [-90.017669, 29.995357], [-90.017649, 29.995355], [-90.017628, 29.995347], [-90.017611, 29.995333], [-90.017606, 29.995315], [-90.017574, 29.995244], [-90.017559, 29.995206], [-90.017532, 29.99517], [-90.017507, 29.995144], [-90.017493, 29.995142], [-90.017448, 29.995148], [-90.016843, 29.995426], [-90.016504, 29.995567], [-90.014001, 29.996699], [-90.01397, 29.996707], [-90.013938, 29.99671], [-90.013912, 29.996705], [-90.013885, 29.996686], [-90.013749, 29.996509], [-90.013675, 29.996406], [-90.01362, 29.996314], [-90.013604, 29.996302], [-90.013589, 29.9963], [-90.013569, 29.996301], [-90.013547, 29.996314], [-90.013527, 29.996331], [-90.013519, 29.996349], [-90.01352, 29.996366], [-90.013524, 29.996387], [-90.013533, 29.996397], [-90.01357, 29.996461], [-90.013596, 29.996526], [-90.013626, 29.996609], [-90.013648, 29.996663], [-90.013653, 29.996691], [-90.013645, 29.996712], [-90.013576, 29.996765], [-90.013525, 29.996801], [-90.013517, 29.996815], [-90.013529, 29.99686], [-90.013533, 29.996884], [-90.01355, 29.996921], [-90.013671, 29.997108], [-90.013739, 29.997231], [-90.013793, 29.997313], [-90.013806, 29.997354], [-90.013803, 29.997392], [-90.013784, 29.99742], [-90.013753, 29.997441], [-90.013693, 29.997484], [-90.013627, 29.997496], [-90.013386, 29.997576], [-90.013306, 29.997568], [-90.013197, 29.99758], [-90.013129, 29.997607], [-90.013068, 29.997648], [-90.01304, 29.997673], [-90.013006, 29.997689], [-90.012955, 29.9977], [-90.012875, 29.997707], [-90.012756, 29.997745], [-90.012614, 29.997788], [-90.012311, 29.997899], [-90.012141, 29.997958], [-90.011818, 29.99808], [-90.011419, 29.998298], [-90.011262, 29.998321], [-90.011056, 29.998326], [-90.010225, 29.9984], [-90.008992, 29.998508], [-90.008064, 29.998579], [-90.007044, 29.998652], [-90.006336, 29.998713], [-90.005979, 29.998746], [-90.005451, 29.998698], [-90.00517, 29.99867], [-90.004547, 29.998714], [-90.004285, 29.99873], [-90.004079, 29.99876], [-90.003891, 29.998794], [-90.003511, 29.998826], [-90.000723, 29.999027], [-89.99926, 29.999151], [-89.997808, 29.99928], [-89.997123, 29.999313], [-89.996861, 29.999327], [-89.996675, 29.999331], [-89.996595, 29.999338], [-89.996448, 29.999382], [-89.995634, 29.999632], [-89.995402, 29.999716], [-89.995306, 29.999747], [-89.994899, 29.999887], [-89.994889, 29.9999], [-89.994897, 29.999909], [-89.99494, 29.999907], [-89.995117, 29.999867], [-89.995482, 29.999729], [-89.995534, 29.999721], [-89.995555, 29.999725], [-89.995566, 29.99974], [-89.995567, 29.999763], [-89.995553, 29.999816], [-89.995505, 29.999855], [-89.995392, 29.999923], [-89.994956, 30.000063], [-89.994889, 30.000076], [-89.994823, 30.000075], [-89.994786, 30.000051], [-89.994738, 29.999929], [-89.994723, 29.999888], [-89.994705, 29.999875], [-89.994673, 29.999869], [-89.994653, 29.999872], [-89.99459, 29.999891], [-89.994236, 30.000011], [-89.993574, 30.000106], [-89.992089, 30.000261], [-89.992063, 30.000269], [-89.992023, 30.00027], [-89.99191, 30.00029], [-89.991785, 30.000306], [-89.991668, 30.000318], [-89.991533, 30.000366], [-89.991333, 30.000405], [-89.991045, 30.000357], [-89.990944, 30.00033], [-89.990863, 30.000307], [-89.990789, 30.000293], [-89.990715, 30.00029], [-89.990664, 30.000299], [-89.990618, 30.000315], [-89.99055, 30.000331], [-89.990375, 30.00037], [-89.989873, 30.000476], [-89.989646, 30.000503], [-89.989289, 30.000558], [-89.988976, 30.00056], [-89.988768, 30.00053], [-89.988633, 30.000514], [-89.988533, 30.000506], [-89.988404, 30.000477], [-89.988213, 30.000417], [-89.98813, 30.000418], [-89.988073, 30.000427], [-89.988029, 30.000458], [-89.987973, 30.000506], [-89.987877, 30.000551], [-89.987798, 30.000567], [-89.98768, 30.000582], [-89.98754, 30.000586], [-89.987474, 30.000575], [-89.987436, 30.000541], [-89.987429, 30.000489], [-89.987431, 30.000444], [-89.987366, 30.000384], [-89.987122, 30.000297], [-89.986974, 30.000291], [-89.986574, 30.000312], [-89.984618, 30.00052], [-89.983623, 30.0006], [-89.982777, 30.000676], [-89.981992, 30.000726], [-89.981189, 30.000799], [-89.980893, 30.000841], [-89.980782, 30.000851], [-89.980657, 30.000851], [-89.980425, 30.000871], [-89.980337, 30.000883], [-89.980274, 30.000882], [-89.980169, 30.000882], [-89.980046, 30.000885], [-89.979891, 30.000893], [-89.979823, 30.000895], [-89.979749, 30.000901], [-89.979658, 30.000923], [-89.979621, 30.000931], [-89.979542, 30.000946], [-89.979361, 30.000955], [-89.979264, 30.000969], [-89.979205, 30.000976], [-89.979128, 30.000975], [-89.979076, 30.000971], [-89.978844, 30.000979], [-89.978673, 30.000988], [-89.978171, 30.001051], [-89.977992, 30.00107], [-89.977562, 30.001122], [-89.977483, 30.001146], [-89.976993, 30.001234], [-89.97682, 30.001248], [-89.976368, 30.001266], [-89.976297, 30.001267], [-89.976149, 30.001283], [-89.975826, 30.001322], [-89.97531, 30.001374], [-89.975173, 30.001377], [-89.974585, 30.001489], [-89.974196, 30.001523], [-89.97387, 30.00156], [-89.973648, 30.00156], [-89.973471, 30.001554], [-89.973337, 30.001547], [-89.97326, 30.001549], [-89.973165, 30.001527], [-89.973073, 30.001501], [-89.972966, 30.001489], [-89.972812, 30.0015], [-89.972339, 30.001558], [-89.971682, 30.001622], [-89.971359, 30.001642], [-89.971142, 30.001647], [-89.970684, 30.001615], [-89.970555, 30.00161], [-89.970438, 30.001615], [-89.970337, 30.001647], [-89.970139, 30.001667], [-89.970042, 30.001664], [-89.969902, 30.00165], [-89.969756, 30.001653], [-89.96957, 30.001662], [-89.969294, 30.001681], [-89.969031, 30.001734], [-89.968927, 30.001761], [-89.968876, 30.00179], [-89.968842, 30.001805], [-89.968777, 30.001822], [-89.968566, 30.001819], [-89.968458, 30.001821], [-89.968281, 30.001835], [-89.967693, 30.001923], [-89.967405, 30.001962], [-89.966988, 30.002028], [-89.966794, 30.00207], [-89.965988, 30.002222], [-89.965405, 30.002282], [-89.964656, 30.002325], [-89.964402, 30.002345], [-89.96374, 30.002453], [-89.963624, 30.002471], [-89.963569, 30.002445], [-89.963543, 30.002416], [-89.963523, 30.002363], [-89.963478, 30.002311], [-89.963394, 30.002283], [-89.96319, 30.002282], [-89.96278, 30.002364], [-89.962506, 30.002367], [-89.961791, 30.002411], [-89.960472, 30.002525], [-89.960241, 30.002551], [-89.960122, 30.002576], [-89.959934, 30.002605], [-89.959824, 30.002615], [-89.959587, 30.00264], [-89.958901, 30.0027], [-89.958586, 30.002729], [-89.957545, 30.002813], [-89.957392, 30.002814], [-89.957049, 30.002821], [-89.956773, 30.00283], [-89.956531, 30.002845], [-89.956173, 30.002871], [-89.956056, 30.002876], [-89.955902, 30.002894], [-89.955754, 30.002918], [-89.955604, 30.002946], [-89.955488, 30.002963], [-89.955294, 30.002993], [-89.955115, 30.003016], [-89.954991, 30.003034], [-89.954814, 30.003048], [-89.954652, 30.003074], [-89.954512, 30.003102], [-89.954334, 30.003133], [-89.954039, 30.00319], [-89.95384, 30.003227], [-89.953679, 30.003255], [-89.953542, 30.003271], [-89.953437, 30.003288], [-89.953227, 30.003345], [-89.9531, 30.00337], [-89.952998, 30.003382], [-89.952859, 30.00342], [-89.952714, 30.003453], [-89.952406, 30.00353], [-89.952204, 30.003574], [-89.952082, 30.003599], [-89.951995, 30.003614], [-89.95189, 30.003624], [-89.951776, 30.003639], [-89.951682, 30.003653], [-89.951436, 30.003703], [-89.951277, 30.003737], [-89.950894, 30.003813], [-89.950733, 30.003856], [-89.95058, 30.003907], [-89.950464, 30.003949], [-89.950232, 30.004011], [-89.950031, 30.004066], [-89.949938, 30.004108], [-89.949786, 30.004198], [-89.949585, 30.004322], [-89.949369, 30.004439], [-89.949239, 30.004511], [-89.94916, 30.00453], [-89.949103, 30.004537], [-89.948989, 30.004527], [-89.948742, 30.004492], [-89.948611, 30.004493], [-89.94848, 30.004511], [-89.94837, 30.004518], [-89.948234, 30.004546], [-89.948066, 30.004577], [-89.947901, 30.004601], [-89.947746, 30.004634], [-89.947615, 30.00466], [-89.947512, 30.004667], [-89.947387, 30.004694], [-89.947187, 30.004739], [-89.947013, 30.004763], [-89.946896, 30.004778], [-89.946636, 30.004813], [-89.946411, 30.004851], [-89.946039, 30.004906], [-89.945888, 30.004927], [-89.945729, 30.004955], [-89.945495, 30.005003], [-89.945204, 30.005049], [-89.945068, 30.005077], [-89.944954, 30.005095], [-89.944833, 30.005132], [-89.944731, 30.005159], [-89.944635, 30.005179], [-89.944216, 30.005293], [-89.944075, 30.005311], [-89.943926, 30.005332], [-89.943755, 30.00535], [-89.943579, 30.005362], [-89.943376, 30.005374], [-89.943256, 30.005379], [-89.942888, 30.005444], [-89.942822, 30.005453], [-89.942732, 30.00548], [-89.942556, 30.005519], [-89.942341, 30.005561], [-89.942247, 30.005583], [-89.942133, 30.005603], [-89.941982, 30.005616], [-89.94179, 30.005628], [-89.941707, 30.005635], [-89.941636, 30.005656], [-89.941545, 30.005691], [-89.941368, 30.005782], [-89.941259, 30.005831], [-89.941136, 30.005874], [-89.941041, 30.005893], [-89.940717, 30.005926], [-89.940614, 30.00593], [-89.940534, 30.005925], [-89.940419, 30.005912], [-89.940336, 30.005892], [-89.940238, 30.005877], [-89.940178, 30.005875], [-89.940123, 30.005887], [-89.940084, 30.005907], [-89.94002, 30.005942], [-89.939919, 30.006011], [-89.939818, 30.006083], [-89.939595, 30.006168], [-89.939411, 30.006216], [-89.939404, 30.006429], [-89.93955, 30.006444], [-89.939777, 30.006487], [-89.939938, 30.006528], [-89.940063, 30.00655], [-89.940173, 30.006564], [-89.940274, 30.006566], [-89.940396, 30.006554], [-89.940583, 30.006522], [-89.941396, 30.006359], [-89.942325, 30.006171], [-89.943002, 30.006045], [-89.943912, 30.00587], [-89.944809, 30.005691], [-89.945654, 30.005533], [-89.946614, 30.005334], [-89.947603, 30.005138], [-89.948275, 30.004984], [-89.948843, 30.004863], [-89.949212, 30.004781], [-89.949278, 30.005402], [-89.949343, 30.005852], [-89.949423, 30.006613], [-89.949525, 30.007624], [-89.949645, 30.008846], [-89.949764, 30.010043], [-89.949869, 30.011159], [-89.949881, 30.011304], [-89.949892, 30.011446], [-89.949561, 30.011471], [-89.949129, 30.011508], [-89.948462, 30.011557], [-89.948372, 30.011563], [-89.948284, 30.011575], [-89.948055, 30.011615], [-89.947869, 30.011661], [-89.94772, 30.011699], [-89.947571, 30.01175], [-89.947321, 30.011849], [-89.947175, 30.011915], [-89.946919, 30.012064], [-89.946693, 30.012216], [-89.94646, 30.012412], [-89.94632, 30.012555], [-89.946231, 30.012663], [-89.946082, 30.012863], [-89.945955, 30.013036], [-89.945888, 30.013143], [-89.946097, 30.013244], [-89.946226, 30.013315], [-89.946414, 30.013422], [-89.94666, 30.013568], [-89.947176, 30.01388], [-89.947799, 30.014268], [-89.948683, 30.014811], [-89.948826, 30.014903], [-89.949252, 30.015177], [-89.949605, 30.015393], [-89.950345, 30.015845], [-89.951058, 30.016218], [-89.951214, 30.0163], [-89.951346, 30.016364], [-89.951297, 30.01669], [-89.95132, 30.016729], [-89.951736, 30.016901], [-89.951797, 30.016945], [-89.951806, 30.017004], [-89.95178, 30.017141], [-89.951692, 30.017461], [-89.951695, 30.017822], [-89.951641, 30.017992], [-89.951557, 30.018189], [-89.95153, 30.01828], [-89.95157, 30.018383], [-89.951648, 30.018479], [-89.951731, 30.018522], [-89.951771, 30.018619], [-89.951773, 30.018684], [-89.951748, 30.018827], [-89.951714, 30.018945], [-89.95165, 30.019101], [-89.951168, 30.019101], [-89.951185, 30.019332], [-89.951117, 30.019225], [-89.951045, 30.019044], [-89.951004, 30.018928], [-89.951, 30.018799], [-89.950815, 30.019031], [-89.950569, 30.019371], [-89.950463, 30.019552], [-89.950383, 30.019739], [-89.95035, 30.020082], [-89.950394, 30.020393], [-89.950444, 30.020935], [-89.950396, 30.021055], [-89.950364, 30.021115], [-89.950284, 30.021415], [-89.950639, 30.021296], [-89.950851, 30.021238], [-89.951004, 30.021185], [-89.951037, 30.02231], [-89.951051, 30.022556], [-89.951064, 30.02267], [-89.951094, 30.022841], [-89.951498, 30.022711], [-89.951598, 30.022679], [-89.952246, 30.022478], [-89.952298, 30.022586], [-89.952106, 30.022644], [-89.951663, 30.022785], [-89.951185, 30.022937], [-89.950555, 30.023146], [-89.9501, 30.023309], [-89.950057, 30.023324], [-89.949286, 30.023596], [-89.947659, 30.024152], [-89.947541, 30.024194], [-89.9474, 30.024244], [-89.947068, 30.024363], [-89.946766, 30.024471], [-89.945153, 30.025047], [-89.943197, 30.025732], [-89.941999, 30.026151], [-89.941195, 30.02643], [-89.940177, 30.026783], [-89.939617, 30.026996], [-89.939599, 30.028204], [-89.939591, 30.028788], [-89.939575, 30.029643], [-89.939585, 30.031121], [-89.939592, 30.032592], [-89.939593, 30.03275], [-89.939573, 30.033852], [-89.939571, 30.033981], [-89.939484, 30.036888], [-89.939484, 30.037588], [-89.939484, 30.039072], [-89.939506, 30.040564], [-89.939458, 30.042001], [-89.939378, 30.042996], [-89.939341, 30.043264], [-89.939232, 30.044003], [-89.939065, 30.044973], [-89.938942, 30.045778], [-89.938874, 30.046247], [-89.938817, 30.046716], [-89.938757, 30.047312], [-89.938734, 30.047657], [-89.938725, 30.047789], [-89.938729, 30.048306], [-89.938867, 30.050068], [-89.93901, 30.05146], [-89.939092, 30.052131], [-89.93914, 30.052607], [-89.939162, 30.053044], [-89.93917, 30.053491], [-89.939186, 30.053982], [-89.939151, 30.055071], [-89.939097, 30.055491], [-89.939091, 30.055766], [-89.939094, 30.056016], [-89.939127, 30.056348], [-89.939291, 30.058161], [-89.939446, 30.059545], [-89.939465, 30.059782], [-89.939486, 30.060051], [-89.939615, 30.061346], [-89.939794, 30.063115], [-89.939888, 30.06418], [-89.94, 30.065217], [-89.940069, 30.065824], [-89.940132, 30.066454], [-89.940191, 30.067096], [-89.940236, 30.067531], [-89.940263, 30.067805], [-89.940298, 30.068255], [-89.940454, 30.069858], [-89.940532, 30.070938], [-89.940568, 30.071327], [-89.940581, 30.07145], [-89.940607, 30.071679], [-89.940655, 30.071938], [-89.940696, 30.072087], [-89.940802, 30.072334], [-89.94097, 30.072633], [-89.941128, 30.072848], [-89.941292, 30.073034], [-89.94159, 30.073325], [-89.941826, 30.073534], [-89.942427, 30.074017], [-89.942814, 30.074315], [-89.943676, 30.075029], [-89.943964, 30.075271], [-89.944171, 30.075454], [-89.944437, 30.075235], [-89.944735, 30.07547], [-89.944957, 30.075665], [-89.944669, 30.0759], [-89.947518, 30.079988], [-89.932783, 30.094486], [-89.917672, 30.112765], [-89.900768, 30.133481], [-89.887962, 30.148436], [-89.883148, 30.153349], [-89.874437, 30.155482], [-89.874493, 30.155412], [-89.864065, 30.158215], [-89.854058, 30.160275], [-89.8505, 30.158652], [-89.850235, 30.158457], [-89.849251, 30.154584], [-89.849286, 30.14397], [-89.850263, 30.139554], [-89.846165, 30.125946], [-89.832912, 30.110422], [-89.817647, 30.107376], [-89.799865, 30.110422], [-89.784934, 30.122463], [-89.773694, 30.134359], [-89.757423, 30.146547], [-89.749873, 30.155541], [-89.752894, 30.166567], [-89.756751, 30.171936], [-89.756849, 30.171935], [-89.756976, 30.171927], [-89.756899, 30.171974], [-89.756668, 30.172115], [-89.756592, 30.172163], [-89.755607, 30.172768], [-89.754464, 30.173472], [-89.752615, 30.174524], [-89.75161, 30.175096], [-89.751404, 30.175212], [-89.750788, 30.175562], [-89.750583, 30.17568], [-89.750425, 30.17577], [-89.750209, 30.175887], [-89.749211, 30.176429], [-89.748429, 30.176738], [-89.747007, 30.177039], [-89.746776, 30.177089], [-89.746735, 30.177098], [-89.746664, 30.177113], [-89.745114, 30.177236], [-89.745064, 30.17724], [-89.74388, 30.177177], [-89.742711, 30.176939], [-89.742511, 30.176898], [-89.741124, 30.176476], [-89.739687, 30.175909], [-89.73869, 30.17543], [-89.738471, 30.175325], [-89.738263, 30.175225], [-89.738165, 30.175168], [-89.738066, 30.175111], [-89.737561, 30.174818], [-89.737056, 30.174526], [-89.737011, 30.1745], [-89.736559, 30.174119], [-89.736393, 30.173978], [-89.73624, 30.173847], [-89.736227, 30.173836], [-89.734762, 30.172596], [-89.733297, 30.171355], [-89.73311, 30.171179], [-89.732923, 30.171003], [-89.731207, 30.169387], [-89.729491, 30.167771], [-89.728736, 30.167061], [-89.727982, 30.166351], [-89.727739, 30.166122], [-89.726163, 30.164675], [-89.725008, 30.163803], [-89.724996, 30.163795], [-89.723702, 30.162903], [-89.723243, 30.162641], [-89.72248, 30.162205], [-89.720708, 30.161482], [-89.719338, 30.16103], [-89.718387, 30.160878], [-89.717678, 30.160828], [-89.717636, 30.160826], [-89.716652, 30.160762], [-89.716104, 30.160807], [-89.715686, 30.160841], [-89.714037, 30.161214], [-89.712759, 30.161639], [-89.712599, 30.161692], [-89.712446, 30.161743], [-89.711724, 30.161983], [-89.710396, 30.162513], [-89.708296, 30.163352], [-89.705843, 30.164305], [-89.705228, 30.164556], [-89.704213, 30.164971], [-89.702334, 30.165752], [-89.700223, 30.166677], [-89.69886, 30.167386], [-89.697615, 30.168209], [-89.69718, 30.168682], [-89.696487, 30.169435], [-89.695956, 30.170128], [-89.695626, 30.170748], [-89.69541, 30.171151], [-89.694748, 30.172276], [-89.694118, 30.173084], [-89.692858, 30.174026], [-89.692574, 30.174239], [-89.691294, 30.174789], [-89.690429, 30.175093], [-89.689502, 30.175291], [-89.688934, 30.175376], [-89.688065, 30.175472], [-89.687934, 30.175486], [-89.687191, 30.175487], [-89.686852, 30.175487], [-89.685287, 30.175346], [-89.684115, 30.17514], [-89.684071, 30.175132], [-89.68391, 30.175081], [-89.683121, 30.174831], [-89.681721, 30.174286], [-89.680138, 30.17364], [-89.678814, 30.17305], [-89.67362, 30.170736], [-89.668425, 30.168423], [-89.668057, 30.168259], [-89.667689, 30.168095], [-89.666236, 30.167448], [-89.666197, 30.16743], [-89.664783, 30.166801], [-89.664768, 30.166794], [-89.662933, 30.165746], [-89.661647, 30.164651], [-89.661598, 30.16461], [-89.660446, 30.16343], [-89.659359, 30.162092], [-89.658775, 30.161431], [-89.657649, 30.160651], [-89.65684, 30.160094], [-89.655406, 30.159304], [-89.654189, 30.158917], [-89.653161, 30.158704], [-89.652673, 30.158603], [-89.651417, 30.158359], [-89.651273, 30.158331], [-89.65044, 30.158145], [-89.650189, 30.158145], [-89.649977, 30.158146], [-89.648443, 30.158149], [-89.645769, 30.158318], [-89.644016, 30.15843], [-89.643765, 30.158416], [-89.64324, 30.158387], [-89.642726, 30.158358], [-89.642277, 30.158333], [-89.641833, 30.158308], [-89.640503, 30.158234], [-89.64041, 30.158217], [-89.639684, 30.158086], [-89.638961, 30.157955], [-89.634108, 30.157077], [-89.633264, 30.156881], [-89.632142, 30.15662], [-89.63069, 30.156348], [-89.63001, 30.15622], [-89.629128, 30.156092], [-89.628344, 30.155889], [-89.626745, 30.155476], [-89.626092, 30.155255], [-89.626009, 30.155226], [-89.625984, 30.155218], [-89.625876, 30.155181], [-89.62556, 30.155074], [-89.625243, 30.154967], [-89.625205, 30.154954], [-89.625092, 30.154916], [-89.625055, 30.154904], [-89.625054, 30.154621], [-89.625054, 30.153775], [-89.625054, 30.153493], [-89.625054, 30.15258], [-89.625053, 30.150907], [-89.625053, 30.14999], [-89.625231, 30.149656], [-89.625351, 30.149427], [-89.626769, 30.146756], [-89.626939, 30.146437], [-89.627299, 30.14576], [-89.627625, 30.145142], [-89.629469, 30.143767], [-89.63064, 30.143043], [-89.633027, 30.142029], [-89.634993, 30.141488], [-89.636271, 30.141583], [-89.640988, 30.138607], [-89.641038, 30.138392], [-89.641319, 30.13793], [-89.641668, 30.137255], [-89.642113, 30.136561], [-89.642911, 30.13558], [-89.643622, 30.134773], [-89.644005, 30.134525], [-89.644353, 30.134252], [-89.64477, 30.133948], [-89.644984, 30.133675], [-89.645218, 30.133501], [-89.645433, 30.133271], [-89.645698, 30.132939], [-89.645997, 30.132752], [-89.646195, 30.132635], [-89.646396, 30.132448], [-89.64651, 30.132245], [-89.646694, 30.1322], [-89.646861, 30.132203], [-89.64696, 30.132058], [-89.647093, 30.131957], [-89.647225, 30.13184], [-89.647325, 30.131697], [-89.64759, 30.131495], [-89.647855, 30.131277], [-89.648619, 30.130557], [-89.650488, 30.126679], [-89.650444, 30.126566], [-89.650593, 30.126278], [-89.651452, 30.125142], [-89.652177, 30.123908], [-89.652507, 30.123427], [-89.65287, 30.12302], [-89.654504, 30.120535], [-89.654817, 30.120214], [-89.655413, 30.119747], [-89.656984, 30.118378], [-89.657581, 30.117911], [-89.658692, 30.117311], [-89.659388, 30.117017], [-89.660052, 30.116508], [-89.662388, 30.115306], [-89.662903, 30.115014], [-89.663367, 30.11468], [-89.663716, 30.114517], [-89.664329, 30.114283], [-89.664761, 30.114223], [-89.665092, 30.114047], [-89.665252, 30.114006], [-89.665375, 30.113974], [-89.665308, 30.113756], [-89.665307, 30.113639], [-89.665373, 30.113495], [-89.665538, 30.113291], [-89.666399, 30.112662], [-89.667508, 30.111745], [-89.668038, 30.111482], [-89.668253, 30.11119], [-89.668916, 30.110882], [-89.669181, 30.110663], [-89.670626, 30.110309], [-89.67129, 30.110218], [-89.672238, 30.110399], [-89.672604, 30.110385], [-89.67294, 30.110512], [-89.673211, 30.110511], [-89.673651, 30.11055], [-89.674284, 30.11039], [-89.674633, 30.110402], [-89.674914, 30.110212], [-89.675131, 30.110212], [-89.675378, 30.110049], [-89.675711, 30.109991], [-89.675794, 30.109917], [-89.675726, 30.109513], [-89.675874, 30.109424], [-89.675975, 30.109424], [-89.676041, 30.109454], [-89.676273, 30.109641], [-89.67639, 30.109668], [-89.676856, 30.109521], [-89.677286, 30.109257], [-89.677501, 30.109025], [-89.677683, 30.108646], [-89.677946, 30.108501], [-89.678163, 30.108283], [-89.678078, 30.108051], [-89.678143, 30.107833], [-89.678176, 30.107775], [-89.678525, 30.107688], [-89.678591, 30.107601], [-89.678623, 30.10744], [-89.67859, 30.107224], [-89.678438, 30.107035], [-89.678503, 30.106876], [-89.67867, 30.106686], [-89.678669, 30.106426], [-89.678767, 30.106368], [-89.67895, 30.106337], [-89.679031, 30.106193], [-89.679324, 30.104902], [-89.679257, 30.104671], [-89.679355, 30.104364], [-89.679318, 30.103569], [-89.679366, 30.103279], [-89.679645, 30.102366], [-89.679657, 30.102002], [-89.679707, 30.101495], [-89.679839, 30.101349], [-89.679837, 30.101264], [-89.679768, 30.100801], [-89.679852, 30.100655], [-89.680166, 30.10032], [-89.68033, 30.100058], [-89.68041, 30.099709], [-89.680324, 30.098942], [-89.680455, 30.098653], [-89.680819, 30.098073], [-89.680912, 30.097043], [-89.681322, 30.096039], [-89.681354, 30.095592], [-89.681235, 30.095275], [-89.681219, 30.095043], [-89.681333, 30.094579], [-89.681231, 30.094376], [-89.681212, 30.094043], [-89.681112, 30.093711], [-89.681358, 30.093318], [-89.681457, 30.093114], [-89.681624, 30.093028], [-89.681921, 30.092664], [-89.68202, 30.092461], [-89.682082, 30.091779], [-89.682181, 30.091532], [-89.682476, 30.091185], [-89.68251, 30.091096], [-89.68231, 30.09072], [-89.682276, 30.090561], [-89.68234, 30.090097], [-89.682304, 30.089765], [-89.682403, 30.089533], [-89.682385, 30.089285], [-89.682681, 30.088546], [-89.682721, 30.08688], [-89.682629, 30.085289], [-89.682693, 30.084491], [-89.682807, 30.084257], [-89.682755, 30.083998], [-89.682837, 30.083709], [-89.682785, 30.083303], [-89.682802, 30.083144], [-89.683082, 30.082665], [-89.683095, 30.082273], [-89.683228, 30.081895], [-89.683227, 30.081737], [-89.683124, 30.081374], [-89.683106, 30.08107], [-89.683021, 30.08081], [-89.68307, 30.080536], [-89.68307, 30.080405], [-89.683036, 30.080317], [-89.682869, 30.080203], [-89.682869, 30.080043], [-89.683032, 30.079725], [-89.683065, 30.079563], [-89.682881, 30.079349], [-89.682848, 30.079218], [-89.682944, 30.079014], [-89.68296, 30.07845], [-89.68314, 30.077813], [-89.683337, 30.077552], [-89.683353, 30.077406], [-89.683353, 30.077247], [-89.683217, 30.076973], [-89.683432, 30.076725], [-89.683398, 30.076565], [-89.68323, 30.076406], [-89.68328, 30.076204], [-89.683363, 30.076117], [-89.683712, 30.076016], [-89.683976, 30.075722], [-89.684274, 30.075647], [-89.684323, 30.075402], [-89.68459, 30.075416], [-89.684919, 30.075226], [-89.685368, 30.07489], [-89.685467, 30.074815], [-89.685881, 30.074656], [-89.686246, 30.074479], [-89.68721, 30.074299], [-89.687377, 30.07424], [-89.687906, 30.073918], [-89.688355, 30.073729], [-89.689483, 30.073289], [-89.690013, 30.072924], [-89.69041, 30.072792], [-89.691837, 30.072478], [-89.692602, 30.0721], [-89.694077, 30.071627], [-89.694693, 30.071405], [-89.69534, 30.071112], [-89.696435, 30.071048], [-89.697814, 30.070795], [-89.698229, 30.070705], [-89.69838, 30.070545], [-89.698495, 30.070487], [-89.698728, 30.070442], [-89.698993, 30.070455], [-89.699492, 30.070366], [-89.699874, 30.070408], [-89.700475, 30.070577], [-89.70094, 30.07066], [-89.701289, 30.07069], [-89.70187, 30.07057], [-89.702171, 30.070639], [-89.702435, 30.070581], [-89.703018, 30.070535], [-89.704481, 30.070484], [-89.704878, 30.070379], [-89.706273, 30.070169], [-89.706955, 30.070049], [-89.70727, 30.069959], [-89.707499, 30.06982], [-89.707802, 30.069813], [-89.707963, 30.069836], [-89.708334, 30.069999], [-89.709397, 30.070023], [-89.710378, 30.069734], [-89.710911, 30.069603], [-89.711644, 30.06933], [-89.711992, 30.069098], [-89.712375, 30.06907], [-89.712942, 30.069083], [-89.713657, 30.068825], [-89.714139, 30.068551], [-89.714306, 30.068334], [-89.71434, 30.068047], [-89.714423, 30.067946], [-89.714622, 30.06793], [-89.714772, 30.068016], [-89.714789, 30.068176], [-89.714839, 30.068278], [-89.715139, 30.068248], [-89.715403, 30.068133], [-89.715538, 30.067873], [-89.715736, 30.067785], [-89.716021, 30.067785], [-89.716171, 30.067712], [-89.716253, 30.067642], [-89.716135, 30.06754], [-89.716119, 30.067455], [-89.716186, 30.067381], [-89.716337, 30.067425], [-89.716453, 30.067584], [-89.71667, 30.067557], [-89.716752, 30.067397], [-89.716886, 30.067339], [-89.716985, 30.067498], [-89.717069, 30.067698], [-89.717286, 30.067742], [-89.717518, 30.067685], [-89.717818, 30.067542], [-89.718102, 30.06747], [-89.718434, 30.06731], [-89.718949, 30.06721], [-89.719799, 30.066935], [-89.720597, 30.066402], [-89.72103, 30.066301], [-89.721379, 30.066329], [-89.721911, 30.065955], [-89.721994, 30.065621], [-89.722061, 30.065348], [-89.722177, 30.065189], [-89.721995, 30.065088], [-89.721927, 30.064929], [-89.722111, 30.064815], [-89.722444, 30.06467], [-89.722726, 30.064498], [-89.723027, 30.06454], [-89.723325, 30.064483], [-89.723609, 30.064324], [-89.723692, 30.064166], [-89.723858, 30.064049], [-89.723824, 30.063717], [-89.723924, 30.063602], [-89.724058, 30.063615], [-89.724106, 30.063789], [-89.724274, 30.063962], [-89.72459, 30.064035], [-89.724956, 30.063892], [-89.725271, 30.063862], [-89.725772, 30.063602], [-89.726305, 30.063198], [-89.726587, 30.062751], [-89.727452, 30.062656], [-89.727623, 30.062334], [-89.727674, 30.062117], [-89.727626, 30.062071], [-89.727455, 30.061909], [-89.727455, 30.061851], [-89.727809, 30.061898], [-89.728028, 30.06184], [-89.728281, 30.061767], [-89.728417, 30.061635], [-89.728706, 30.061287], [-89.728825, 30.061097], [-89.728962, 30.060714], [-89.729084, 30.060633], [-89.729265, 30.060513], [-89.729586, 30.060222], [-89.729655, 30.060031], [-89.729503, 30.059886], [-89.729588, 30.059665], [-89.72949, 30.059459], [-89.729774, 30.059476], [-89.729861, 30.059418], [-89.72961, 30.059051], [-89.729627, 30.058992], [-89.729913, 30.05914], [-89.73003, 30.05911], [-89.730317, 30.058937], [-89.730571, 30.058747], [-89.730639, 30.058585], [-89.730657, 30.058395], [-89.730741, 30.058207], [-89.730744, 30.057986], [-89.730913, 30.057768], [-89.730998, 30.057576], [-89.731016, 30.057329], [-89.730916, 30.057153], [-89.730783, 30.057004], [-89.730209, 30.057002], [-89.730244, 30.056915], [-89.73048, 30.056843], [-89.730633, 30.056756], [-89.730667, 30.05658], [-89.730617, 30.056242], [-89.730854, 30.05604], [-89.730941, 30.055792], [-89.730909, 30.055279], [-89.731113, 30.054928], [-89.731113, 30.05484], [-89.730964, 30.054634], [-89.730964, 30.054547], [-89.731166, 30.054576], [-89.731301, 30.054517], [-89.731436, 30.054241], [-89.731676, 30.053511], [-89.731661, 30.053172], [-89.731495, 30.05291], [-89.731461, 30.052792], [-89.73158, 30.052456], [-89.731403, 30.051196], [-89.731522, 30.050815], [-89.73149, 30.050535], [-89.731577, 30.049951], [-89.731544, 30.049687], [-89.731344, 30.049319], [-89.731247, 30.048778], [-89.730713, 30.047764], [-89.730414, 30.047076], [-89.730229, 30.046885], [-89.73028, 30.046665], [-89.73013, 30.046504], [-89.730148, 30.046124], [-89.729997, 30.045873], [-89.729478, 30.045504], [-89.729446, 30.045299], [-89.72921, 30.04505], [-89.729227, 30.044785], [-89.728977, 30.044624], [-89.729029, 30.044359], [-89.728996, 30.044272], [-89.728644, 30.044095], [-89.72863, 30.044079], [-89.728343, 30.043729], [-89.728208, 30.043405], [-89.727807, 30.042905], [-89.727339, 30.042289], [-89.726384, 30.041479], [-89.72583, 30.040948], [-89.725496, 30.040389], [-89.725263, 30.040184], [-89.725062, 30.039862], [-89.724829, 30.039435], [-89.724342, 30.03892], [-89.723473, 30.037817], [-89.722989, 30.037084], [-89.722871, 30.036967], [-89.722753, 30.036849], [-89.722704, 30.036701], [-89.722436, 30.036466], [-89.72232, 30.036085], [-89.721983, 30.035791], [-89.721452, 30.034675], [-89.721066, 30.034205], [-89.720383, 30.032929], [-89.720283, 30.032474], [-89.719504, 30.031499], [-89.719431, 30.031503], [-89.719163, 30.031254], [-89.718893, 30.031077], [-89.718828, 30.030945], [-89.71861, 30.030562], [-89.718459, 30.030459], [-89.717937, 30.030354], [-89.717754, 30.030148], [-89.717638, 30.02984], [-89.717356, 30.02902], [-89.717492, 30.028755], [-89.717509, 30.028682], [-89.717443, 30.028581], [-89.717207, 30.028419], [-89.716534, 30.028268], [-89.716298, 30.028105], [-89.716387, 30.027594], [-89.71632, 30.027389], [-89.716304, 30.027258], [-89.716591, 30.027009], [-89.716374, 30.026732], [-89.716308, 30.02654], [-89.716309, 30.02635], [-89.716376, 30.026217], [-89.716731, 30.026014], [-89.716968, 30.02578], [-89.717306, 30.025623], [-89.717678, 30.025272], [-89.718674, 30.024869], [-89.71967, 30.024286], [-89.722017, 30.023169], [-89.72259, 30.023027], [-89.724648, 30.02245], [-89.72527, 30.022541], [-89.725422, 30.022527], [-89.725742, 30.02241], [-89.726216, 30.022223], [-89.726788, 30.022195], [-89.727832, 30.022097], [-89.728028, 30.022105], [-89.729146, 30.022147], [-89.730004, 30.02205], [-89.732429, 30.022061], [-89.733322, 30.02205], [-89.733944, 30.022272], [-89.734445, 30.023008], [-89.734765, 30.023214], [-89.734864, 30.023345], [-89.734946, 30.023756], [-89.735182, 30.023992], [-89.736021, 30.024493], [-89.736641, 30.025199], [-89.737361, 30.02589], [-89.737748, 30.026155], [-89.738269, 30.026391], [-89.738941, 30.026598], [-89.739612, 30.02675], [-89.739561, 30.027161], [-89.739744, 30.02741], [-89.74013, 30.02772], [-89.740533, 30.027955], [-89.742986, 30.02899], [-89.743625, 30.029346], [-89.744262, 30.02976], [-89.74458, 30.030082], [-89.744646, 30.030523], [-89.744712, 30.030639], [-89.745199, 30.030919], [-89.745304, 30.03106], [-89.74555, 30.031391], [-89.745702, 30.031509], [-89.745701, 30.031581], [-89.745636, 30.031636], [-89.745548, 30.031713], [-89.745531, 30.031786], [-89.745533, 30.031788], [-89.745731, 30.031918], [-89.745739, 30.031929], [-89.745933, 30.032211], [-89.746387, 30.032491], [-89.746505, 30.032595], [-89.74662, 30.033008], [-89.746669, 30.0334], [-89.74675, 30.03368], [-89.747036, 30.034092], [-89.74725, 30.034486], [-89.747368, 30.034633], [-89.748324, 30.035429], [-89.748592, 30.035899], [-89.748943, 30.036179], [-89.749314, 30.0364], [-89.749884, 30.036593], [-89.750926, 30.036634], [-89.751489, 30.036673], [-89.751689, 30.036471], [-89.751888, 30.036282], [-89.751955, 30.036181], [-89.752153, 30.036151], [-89.752336, 30.036236], [-89.752353, 30.036495], [-89.752586, 30.036727], [-89.752752, 30.036811], [-89.753017, 30.036869], [-89.753383, 30.036911], [-89.753765, 30.037111], [-89.754047, 30.037342], [-89.75438, 30.037686], [-89.754826, 30.037799], [-89.755144, 30.037912], [-89.755409, 30.038186], [-89.755924, 30.038472], [-89.756222, 30.038687], [-89.756537, 30.038743], [-89.757069, 30.038669], [-89.757433, 30.038567], [-89.757849, 30.038552], [-89.758116, 30.038607], [-89.758547, 30.038981], [-89.758795, 30.039109], [-89.75911, 30.039136], [-89.759277, 30.039193], [-89.759444, 30.039668], [-89.759794, 30.039984], [-89.759943, 30.040026], [-89.760341, 30.040098], [-89.760855, 30.040499], [-89.761288, 30.040699], [-89.761572, 30.041086], [-89.761704, 30.041173], [-89.762169, 30.0412], [-89.762829, 30.041643], [-89.764404, 30.042058], [-89.766362, 30.042123], [-89.768698, 30.04254], [-89.771425, 30.043025], [-89.772174, 30.043032], [-89.773072, 30.043101], [-89.773653, 30.043229], [-89.774334, 30.043761], [-89.77475, 30.043916], [-89.775115, 30.043943], [-89.775494, 30.04384], [-89.775761, 30.043809], [-89.776159, 30.043968], [-89.776491, 30.044152], [-89.776906, 30.044196], [-89.777453, 30.044235], [-89.777768, 30.044436], [-89.778101, 30.044536], [-89.778515, 30.044434], [-89.778781, 30.044548], [-89.779146, 30.044546], [-89.77971, 30.044745], [-89.780226, 30.044802], [-89.780941, 30.045057], [-89.78177, 30.045056], [-89.782533, 30.045369], [-89.782964, 30.045234], [-89.78351, 30.045291], [-89.783711, 30.045203], [-89.783892, 30.045102], [-89.784076, 30.045016], [-89.784358, 30.045072], [-89.784723, 30.045315], [-89.785005, 30.045386], [-89.785237, 30.045254], [-89.785502, 30.045223], [-89.785783, 30.04534], [-89.785933, 30.045251], [-89.786216, 30.045209], [-89.786481, 30.045251], [-89.786829, 30.045393], [-89.786996, 30.045407], [-89.787212, 30.045217], [-89.787509, 30.045202], [-89.788108, 30.045447], [-89.788289, 30.045358], [-89.788572, 30.045241], [-89.789085, 30.045382], [-89.789385, 30.045396], [-89.789484, 30.045265], [-89.789783, 30.045293], [-89.789998, 30.045493], [-89.79023, 30.045552], [-89.790579, 30.045752], [-89.790742, 30.0457], [-89.790812, 30.04568], [-89.791061, 30.045519], [-89.791259, 30.045303], [-89.791507, 30.045344], [-89.792172, 30.045471], [-89.793017, 30.045597], [-89.793334, 30.045538], [-89.793979, 30.045707], [-89.794461, 30.045621], [-89.794709, 30.045459], [-89.795206, 30.04553], [-89.795523, 30.045514], [-89.796336, 30.045468], [-89.796768, 30.045668], [-89.796982, 30.045593], [-89.797398, 30.045462], [-89.797646, 30.045519], [-89.797795, 30.045462], [-89.798308, 30.045503], [-89.798774, 30.045371], [-89.801113, 30.045216], [-89.801777, 30.045402], [-89.802439, 30.045153], [-89.803169, 30.045206], [-89.803618, 30.045132], [-89.804148, 30.045274], [-89.804679, 30.045113], [-89.805841, 30.045326], [-89.80599, 30.04524], [-89.806205, 30.044978], [-89.80657, 30.045036], [-89.807035, 30.04512], [-89.807367, 30.045261], [-89.807549, 30.045233], [-89.807781, 30.045085], [-89.808079, 30.045099], [-89.808247, 30.045056], [-89.808313, 30.044867], [-89.808312, 30.044726], [-89.808477, 30.044738], [-89.808545, 30.044881], [-89.808661, 30.044968], [-89.808859, 30.044721], [-89.808991, 30.044605], [-89.809173, 30.044546], [-89.809289, 30.04459], [-89.809456, 30.044446], [-89.809537, 30.044601], [-89.809737, 30.04456], [-89.809804, 30.044429], [-89.810119, 30.044456], [-89.810319, 30.044629], [-89.810385, 30.044643], [-89.810518, 30.04457], [-89.810716, 30.04457], [-89.810766, 30.044726], [-89.810884, 30.044785], [-89.810983, 30.044684], [-89.811031, 30.044483], [-89.811264, 30.044394], [-89.811397, 30.044407], [-89.811363, 30.044508], [-89.811281, 30.044567], [-89.811478, 30.044653], [-89.811695, 30.044608], [-89.81181, 30.044536], [-89.811911, 30.044362], [-89.812027, 30.044261], [-89.812193, 30.044262], [-89.812321, 30.044417], [-89.814048, 30.043388], [-89.817974, 30.041308], [-89.818771, 30.04082], [-89.818816, 30.040792], [-89.819314, 30.040485], [-89.819366, 30.040392], [-89.819598, 30.04026], [-89.819713, 30.0399], [-89.819912, 30.039756], [-89.820045, 30.039365], [-89.820574, 30.039146], [-89.821221, 30.03894], [-89.821385, 30.038811], [-89.821536, 30.038625], [-89.821601, 30.038306], [-89.82185, 30.038176], [-89.822347, 30.037987], [-89.82248, 30.037741], [-89.822496, 30.037523], [-89.822662, 30.037523], [-89.823439, 30.037447], [-89.823556, 30.037316], [-89.823573, 30.036929], [-89.824975, 30.035843], [-89.825074, 30.035698], [-89.825125, 30.035539], [-89.825357, 30.035439], [-89.825488, 30.035308], [-89.825755, 30.035149], [-89.825955, 30.035194], [-89.826129, 30.035133], [-89.826156, 30.035123], [-89.826272, 30.034948], [-89.826455, 30.034833], [-89.82667, 30.034789], [-89.82692, 30.034748], [-89.827152, 30.034617], [-89.827232, 30.034501], [-89.827351, 30.034329], [-89.827517, 30.034084], [-89.827717, 30.034026], [-89.828015, 30.033953], [-89.828499, 30.033853], [-89.828848, 30.033694], [-89.828897, 30.033476], [-89.829163, 30.033435], [-89.82943, 30.033233], [-89.829495, 30.033117], [-89.829612, 30.033145], [-89.829794, 30.033303], [-89.83016, 30.033362], [-89.830411, 30.03313], [-89.830444, 30.03264], [-89.830759, 30.032251], [-89.831263, 30.031848], [-89.831608, 30.031572], [-89.832572, 30.03078], [-89.833602, 30.029784], [-89.834383, 30.029263], [-89.83478, 30.0287], [-89.835163, 30.028413], [-89.835844, 30.028053], [-89.836826, 30.027203], [-89.837689, 30.02645], [-89.838951, 30.025427], [-89.839933, 30.024143], [-89.840614, 30.023322], [-89.841692, 30.02231], [-89.841892, 30.021531], [-89.842175, 30.020941], [-89.842756, 30.020246], [-89.843237, 30.019424], [-89.843685, 30.018788], [-89.844282, 30.017995], [-89.844614, 30.017319], [-89.844931, 30.01687], [-89.845429, 30.016206], [-89.845895, 30.01547], [-89.849228, 30.009674], [-89.850512, 30.007742], [-89.857738, 30.007884], [-89.857925, 30.00768], [-89.858134, 30.007338], [-89.858314, 30.007023], [-89.85847, 30.006757], [-89.858605, 30.006607], [-89.858829, 30.006388], [-89.858918, 30.006301], [-89.859062, 30.006049], [-89.859175, 30.005751], [-89.859265, 30.005452], [-89.859291, 30.005366], [-89.859338, 30.005119], [-89.859425, 30.004839], [-89.859445, 30.004687], [-89.859506, 30.0044], [-89.859552, 30.004109], [-89.859549, 30.003664], [-89.859519, 30.003256], [-89.859409, 30.003111], [-89.859285, 30.003017], [-89.859273, 30.002945], [-89.859274, 30.002895], [-89.859307, 30.002859], [-89.859342, 30.002803], [-89.859367, 30.002721], [-89.859439, 30.002596], [-89.859507, 30.002443], [-89.859592, 30.002257], [-89.859744, 30.001983], [-89.859888, 30.001701], [-89.859991, 30.001483], [-89.860025, 30.001342], [-89.860022, 30.001192], [-89.86007, 30.001078], [-89.860145, 30.000991], [-89.860262, 30.000885], [-89.860449, 30.000747], [-89.860829, 30.000528], [-89.861121, 30.000384], [-89.861389, 30.000249], [-89.861492, 30.000197]]]}}, {"type": "Feature", "properties": {"zip": "70131"}, "geometry": {"type": "Polygon", "coordinates": [[[-90.010779, 29.935325], [-90.011019, 29.93543], [-90.011521, 29.935655], [-90.012362, 29.936033], [-90.012777, 29.936207], [-90.012943, 29.936276], [-90.013014, 29.936308], [-90.012704, 29.939023], [-90.013131, 29.939039], [-90.013072, 29.939968], [-90.012939, 29.941695], [-90.013048, 29.941762], [-90.013167, 29.941827], [-90.013535, 29.942016], [-90.014256, 29.942401], [-90.014914, 29.942983], [-90.013871, 29.947003], [-90.012102, 29.94598], [-90.010395, 29.945045], [-90.008158, 29.943704], [-90.00548, 29.942253], [-90.005176, 29.942065], [-90.00188, 29.939968], [-89.998612, 29.937932], [-89.99756, 29.937224], [-89.993102, 29.934515], [-89.992541, 29.934175], [-89.991999, 29.933882], [-89.991932, 29.93385], [-89.989725, 29.932628], [-89.989233, 29.932306], [-89.988126, 29.931696], [-89.987218, 29.931252], [-89.985051, 29.930173], [-89.983918, 29.929683], [-89.981464, 29.92869], [-89.980212, 29.928183], [-89.978844, 29.927765], [-89.97768, 29.927373], [-89.972001, 29.925456], [-89.97002, 29.924787], [-89.969768, 29.924702], [-89.961669, 29.923801], [-89.960702, 29.923846], [-89.957468, 29.924003], [-89.957157, 29.924007], [-89.954223, 29.924051], [-89.951413, 29.924091], [-89.950915, 29.924098], [-89.949373, 29.924143], [-89.949094, 29.924149], [-89.943923, 29.924298], [-89.943867, 29.9243], [-89.943353, 29.924454], [-89.942149, 29.924502], [-89.939021, 29.924553], [-89.938661, 29.924536], [-89.937573, 29.924367], [-89.936954, 29.92436], [-89.936608, 29.924322], [-89.935728, 29.924135], [-89.934415, 29.92379], [-89.9331, 29.923458], [-89.932187, 29.923213], [-89.931271, 29.922897], [-89.928776, 29.921786], [-89.926895, 29.920617], [-89.925232, 29.919422], [-89.924365, 29.918816], [-89.921019, 29.915729], [-89.920077, 29.914476], [-89.918903, 29.913246], [-89.91681, 29.910391], [-89.915371, 29.908456], [-89.912802, 29.904234], [-89.912384, 29.903689], [-89.912162, 29.903379], [-89.911611, 29.902546], [-89.910265, 29.9007], [-89.909106, 29.899193], [-89.908272, 29.897956], [-89.908019, 29.897424], [-89.907784, 29.897151], [-89.907535, 29.896721], [-89.90574, 29.893456], [-89.905538, 29.892976], [-89.904816, 29.891255], [-89.903284, 29.887441], [-89.903095, 29.886591], [-89.902774, 29.885281], [-89.902515, 29.883838], [-89.902411, 29.882887], [-89.902363, 29.880796], [-89.902506, 29.879556], [-89.902694, 29.878068], [-89.902988, 29.876953], [-89.903019, 29.876841], [-89.903132, 29.876393], [-89.903474, 29.875495], [-89.904144, 29.874091], [-89.904952, 29.872775], [-89.905655, 29.871921], [-89.907269, 29.870369], [-89.908805, 29.869464], [-89.909725, 29.869063], [-89.909847, 29.869011], [-89.911037, 29.868543], [-89.913567, 29.867507], [-89.914512, 29.867212], [-89.91484, 29.867111], [-89.915847, 29.866889], [-89.917587, 29.866661], [-89.918457, 29.868086], [-89.918943, 29.868901], [-89.920095, 29.870831], [-89.920335, 29.871349], [-89.920469, 29.871636], [-89.922171, 29.87431], [-89.922354, 29.87437], [-89.922381, 29.874482], [-89.926331, 29.88007], [-89.92739, 29.881574], [-89.928351, 29.883005], [-89.928907, 29.883802], [-89.929141, 29.88405], [-89.929818, 29.885002], [-89.930292, 29.88562], [-89.932868, 29.889332], [-89.93286, 29.889413], [-89.932807, 29.889473], [-89.932858, 29.889545], [-89.932961, 29.889691], [-89.934593, 29.891981], [-89.935066, 29.892705], [-89.935173, 29.892812], [-89.935394, 29.892961], [-89.936576, 29.893444], [-89.936584, 29.893505], [-89.936752, 29.893604], [-89.939941, 29.89487], [-89.941094, 29.895352], [-89.942054, 29.895753], [-89.943038, 29.896142], [-89.943211, 29.896217], [-89.943321, 29.896266], [-89.94387, 29.896507], [-89.944427, 29.896707], [-89.945388, 29.897102], [-89.945854, 29.897293], [-89.946624, 29.897636], [-89.947135, 29.897863], [-89.948699, 29.898485], [-89.950233, 29.899169], [-89.950299, 29.899202], [-89.950813, 29.899459], [-89.950874, 29.899457], [-89.950973, 29.899427], [-89.952049, 29.899835], [-89.952125, 29.89998], [-89.952363, 29.900068], [-89.953208, 29.900382], [-89.953445, 29.9004], [-89.953544, 29.900453], [-89.958854, 29.902595], [-89.959014, 29.902637], [-89.961112, 29.902898], [-89.962783, 29.903146], [-89.963039, 29.903179], [-89.969108, 29.90397], [-89.971191, 29.904266], [-89.972267, 29.904392], [-89.972511, 29.90438], [-89.972709, 29.904411], [-89.972805, 29.90435], [-89.973083, 29.904216], [-89.973463, 29.904055], [-89.974217, 29.903759], [-89.975028, 29.903436], [-89.97597, 29.903069], [-89.976908, 29.902702], [-89.976937, 29.902674], [-89.97698, 29.902605], [-89.976988, 29.902582], [-89.977073, 29.902334], [-89.977102, 29.902247], [-89.977146, 29.90213], [-89.97719, 29.90205], [-89.977205, 29.902045], [-89.977692, 29.901858], [-89.977835, 29.901818], [-89.977858, 29.901708], [-89.977851, 29.901668], [-89.978364, 29.901771], [-89.978591, 29.901875], [-89.978664, 29.90189], [-89.978722, 29.901902], [-89.979814, 29.902145], [-89.980652, 29.9026], [-89.980782, 29.902669], [-89.981602, 29.903071], [-89.983437, 29.903972], [-89.984475, 29.904175], [-89.984523, 29.904186], [-89.984733, 29.904219], [-89.985024, 29.90415], [-89.98532, 29.904375], [-89.985619, 29.904586], [-89.985666, 29.904619], [-89.986798, 29.904891], [-89.987266, 29.905004], [-89.98738, 29.904422], [-89.987411, 29.904132], [-89.987487, 29.903211], [-89.987571, 29.902305], [-89.987655, 29.901609], [-89.987968, 29.899005], [-89.987968, 29.898706], [-89.988296, 29.897115], [-89.988346, 29.896712], [-89.988501, 29.895142], [-89.98855, 29.894806], [-89.988743, 29.893068], [-89.989183, 29.889388], [-89.993859, 29.892465], [-89.994184, 29.892679], [-89.994312, 29.892822], [-89.994337, 29.89285], [-89.994674, 29.893011], [-89.995118, 29.893289], [-89.995201, 29.893341], [-89.996436, 29.894147], [-89.996464, 29.894164], [-90.000709, 29.896814], [-90.002273, 29.897806], [-90.002295, 29.897287], [-90.002484, 29.892794], [-90.008056, 29.895528], [-90.007983, 29.896517], [-90.007969, 29.896698], [-90.007952, 29.89687], [-90.008047, 29.896859], [-90.008106, 29.896873], [-90.008148, 29.896896], [-90.008179, 29.896924], [-90.00823, 29.896971], [-90.009461, 29.898117], [-90.009872, 29.898503], [-90.010319, 29.898934], [-90.013653, 29.902104], [-90.013823, 29.902318], [-90.014076, 29.902637], [-90.014234, 29.902845], [-90.014385, 29.902957], [-90.015481, 29.90401], [-90.016252, 29.904732], [-90.018206, 29.906736], [-90.018206, 29.906869], [-90.018194, 29.907073], [-90.018186, 29.907188], [-90.018163, 29.907527], [-90.018153, 29.907664], [-90.018095, 29.908491], [-90.018032, 29.909512], [-90.017937, 29.910901], [-90.017934, 29.911002], [-90.017907, 29.911233], [-90.017794, 29.912088], [-90.017737, 29.912685], [-90.017721, 29.913005], [-90.017685, 29.913571], [-90.017674, 29.913796], [-90.017663, 29.913988], [-90.017507, 29.91628], [-90.017495, 29.916425], [-90.016444, 29.916364], [-90.01354, 29.916196], [-90.013424, 29.917899], [-90.013325, 29.918762], [-90.013182, 29.920004], [-90.013278, 29.920063], [-90.014549, 29.920843], [-90.014708, 29.920941], [-90.014485, 29.921202], [-90.014908, 29.921453], [-90.014938, 29.921578], [-90.014954, 29.921683], [-90.014956, 29.921749], [-90.014949, 29.921847], [-90.014887, 29.922179], [-90.014859, 29.922255], [-90.014835, 29.922331], [-90.014818, 29.922404], [-90.014768, 29.922812], [-90.014688, 29.923487], [-90.01461, 29.924049], [-90.014573, 29.924409], [-90.014553, 29.924611], [-90.014504, 29.926194], [-90.014432, 29.927264], [-90.014385, 29.927969], [-90.014275, 29.929741], [-90.013687, 29.929715], [-90.013517, 29.932331], [-90.013373, 29.932319], [-90.013377, 29.932278], [-90.013422, 29.931667], [-90.013465, 29.931022], [-90.013527, 29.929955], [-90.013541, 29.929712], [-90.013436, 29.92971], [-90.013254, 29.929696], [-90.013144, 29.929683], [-90.012982, 29.929655], [-90.012666, 29.929581], [-90.012397, 29.929508], [-90.012139, 29.929375], [-90.012037, 29.929321], [-90.010862, 29.931722], [-90.010437, 29.932593], [-90.010321, 29.934595], [-90.010792, 29.934929], [-90.010682, 29.935281], [-90.010779, 29.935325]]]}}, {"type": "Feature", "properties": {"zip": "70113"}, "geometry": {"type": "Polygon", "coordinates": [[[-90.093841, 29.941569], [-90.094459, 29.942372], [-90.093615, 29.942833], [-90.093026, 29.943168], [-90.092809, 29.943293], [-90.091964, 29.943756], [-90.09117, 29.944201], [-90.090542, 29.944576], [-90.089909, 29.943767], [-90.089251, 29.944182], [-90.089946, 29.944946], [-90.090144, 29.945196], [-90.089498, 29.945633], [-90.089278, 29.945392], [-90.08899, 29.945584], [-90.088677, 29.94583], [-90.088505, 29.945995], [-90.088359, 29.946189], [-90.088244, 29.946358], [-90.088193, 29.946429], [-90.087736, 29.946981], [-90.08727, 29.947698], [-90.086631, 29.94849], [-90.086068, 29.949287], [-90.085978, 29.949405], [-90.085771, 29.949699], [-90.085698, 29.949796], [-90.085632, 29.949893], [-90.085491, 29.950076], [-90.085202, 29.950452], [-90.085264, 29.950592], [-90.085324, 29.950686], [-90.085365, 29.950751], [-90.085428, 29.950872], [-90.085539, 29.95107], [-90.085672, 29.951324], [-90.085742, 29.951457], [-90.085871, 29.951703], [-90.085995, 29.951889], [-90.086118, 29.952049], [-90.086365, 29.952286], [-90.086793, 29.952619], [-90.086819, 29.952636], [-90.087359, 29.952933], [-90.087645, 29.953092], [-90.087893, 29.953344], [-90.089313, 29.954342], [-90.089139, 29.954558], [-90.089009, 29.954706], [-90.088755, 29.954655], [-90.088648, 29.954789], [-90.0878, 29.954604], [-90.08754, 29.954426], [-90.08644, 29.954219], [-90.086345, 29.954339], [-90.085927, 29.954315], [-90.08537, 29.954316], [-90.084919, 29.954318], [-90.084848, 29.954314], [-90.084386, 29.95437], [-90.084198, 29.954398], [-90.083896, 29.954293], [-90.083071, 29.953901], [-90.082787, 29.953776], [-90.08259, 29.95384], [-90.082273, 29.954015], [-90.082464, 29.953781], [-90.082527, 29.953669], [-90.082433, 29.953645], [-90.082501, 29.953577], [-90.082676, 29.953406], [-90.083461, 29.952494], [-90.083909, 29.951977], [-90.084365, 29.95146], [-90.084475, 29.951312], [-90.084889, 29.950798], [-90.084788, 29.950468], [-90.084621, 29.950167], [-90.082996, 29.949754], [-90.081678, 29.949602], [-90.081445, 29.949502], [-90.080985, 29.949003], [-90.080797, 29.949405], [-90.079731, 29.948996], [-90.078369, 29.948862], [-90.077508, 29.951314], [-90.077426, 29.951499], [-90.075837, 29.950903], [-90.075562, 29.950808], [-90.075613, 29.950644], [-90.07598, 29.949477], [-90.075325, 29.949327], [-90.074931, 29.950455], [-90.074715, 29.950583], [-90.074226, 29.950465], [-90.073473, 29.950291], [-90.073029, 29.950196], [-90.072407, 29.950065], [-90.071815, 29.949934], [-90.071864, 29.949773], [-90.072223, 29.948599], [-90.072486, 29.947614], [-90.07291, 29.946198], [-90.07337, 29.94466], [-90.073562, 29.944138], [-90.073655, 29.943984], [-90.074356, 29.943017], [-90.07443, 29.942915], [-90.074502, 29.942816], [-90.075688, 29.943478], [-90.075868, 29.943241], [-90.075632, 29.943103], [-90.075223, 29.942891], [-90.074662, 29.942604], [-90.075084, 29.942043], [-90.075719, 29.941206], [-90.076218, 29.940511], [-90.076722, 29.939838], [-90.076764, 29.939765], [-90.077287, 29.939065], [-90.077805, 29.938387], [-90.078991, 29.939051], [-90.079494, 29.938353], [-90.079706, 29.938131], [-90.078648, 29.937231], [-90.079207, 29.936795], [-90.079725, 29.936382], [-90.080103, 29.936778], [-90.080941, 29.936242], [-90.08056, 29.935838], [-90.080354, 29.935587], [-90.08051, 29.935481], [-90.081302, 29.934948], [-90.08273, 29.934028], [-90.083317, 29.933699], [-90.084063, 29.933293], [-90.084166, 29.933238], [-90.084973, 29.932773], [-90.085071, 29.932902], [-90.085593, 29.933594], [-90.086383, 29.933133], [-90.085759, 29.932344], [-90.08663, 29.931845], [-90.087247, 29.932653], [-90.087853, 29.933457], [-90.087923, 29.933551], [-90.088458, 29.934269], [-90.089058, 29.935071], [-90.089663, 29.935879], [-90.090262, 29.936696], [-90.090839, 29.93753], [-90.090903, 29.937623], [-90.091642, 29.938544], [-90.09216, 29.939315], [-90.092702, 29.940075], [-90.093257, 29.940769], [-90.093841, 29.941569]]]}}]}